{"type":"Feature","properties":{"cogdepartement":"30","siren":null,"cogregion":"76","nom":"Gard"},"geometry":{"type":"MultiPolygon","coordinates":[[[[4.12741,43.513796],[4.126809,43.514454],[4.126891,43.514949],[4.127829,43.514758],[4.128725,43.515181],[4.128565,43.51537],[4.12829,43.51543],[4.127862,43.515208],[4.126763,43.515443],[4.126832,43.515917],[4.127714,43.516327],[4.128109,43.51589],[4.12909,43.515687],[4.12981,43.516031],[4.129476,43.516398],[4.128991,43.516167],[4.128488,43.516271],[4.128106,43.516698],[4.129216,43.517233],[4.129109,43.51734],[4.129688,43.517625],[4.130177,43.517516],[4.129997,43.516359],[4.130272,43.516304],[4.130605,43.516466],[4.131152,43.515855],[4.129827,43.515224],[4.130004,43.515024],[4.130375,43.514955],[4.131889,43.515683],[4.132786,43.515491],[4.132718,43.51507],[4.132518,43.515111],[4.132432,43.514505],[4.131535,43.514691],[4.13075,43.514321],[4.13068,43.513865],[4.131281,43.513745],[4.131331,43.514066],[4.131641,43.51421],[4.132391,43.514053],[4.132305,43.513551],[4.132798,43.513023],[4.132313,43.512799],[4.131322,43.513009],[4.131364,43.513302],[4.130251,43.513531],[4.130204,43.513219],[4.130573,43.513139],[4.130503,43.512699],[4.129177,43.512987],[4.128791,43.513406],[4.12974,43.513854],[4.129811,43.514317],[4.130171,43.514239],[4.130214,43.514553],[4.129524,43.514699],[4.129498,43.514613],[4.129444,43.514719],[4.128935,43.514465],[4.128862,43.513972],[4.127868,43.513493],[4.127524,43.513682],[4.127363,43.513555],[4.127274,43.513639],[4.127219,43.513724],[4.12741,43.513796]]],[[[4.135366,43.509623],[4.135469,43.509442],[4.135483,43.509325],[4.135455,43.509286],[4.135421,43.509271],[4.135331,43.509257],[4.135114,43.509253],[4.134909,43.509265],[4.134744,43.509343],[4.134431,43.509457],[4.134338,43.509531],[4.134332,43.509609],[4.134399,43.509702],[4.134554,43.50982],[4.134668,43.509866],[4.134879,43.509888],[4.135124,43.509878],[4.135226,43.509847],[4.135238,43.509818],[4.135299,43.509742],[4.135366,43.509623]]],[[[3.919568,43.881309],[3.918545,43.882963],[3.917392,43.88558],[3.917986,43.886639],[3.916879,43.887856],[3.916375,43.88791],[3.91554,43.887803],[3.914232,43.887792],[3.913312,43.887936],[3.912728,43.88827],[3.911301,43.889139],[3.910748,43.886585],[3.909988,43.885861],[3.908411,43.883912],[3.906491,43.882226],[3.903288,43.879243],[3.897706,43.877665],[3.896568,43.877664],[3.895386,43.877682],[3.894427,43.877661],[3.893967,43.87771],[3.893863,43.877715],[3.893767,43.877718],[3.893647,43.87772],[3.893553,43.877716],[3.893457,43.877706],[3.893392,43.877699],[3.893282,43.877684],[3.893163,43.877678],[3.893036,43.877681],[3.892932,43.877706],[3.8928,43.877739],[3.892685,43.877753],[3.89257,43.877777],[3.892431,43.877815],[3.892301,43.877857],[3.89219,43.877904],[3.89205,43.877963],[3.89196,43.878002],[3.891845,43.878042],[3.891747,43.878101],[3.891621,43.878167],[3.891514,43.878233],[3.891397,43.878289],[3.891283,43.878342],[3.891145,43.878405],[3.891021,43.878445],[3.890911,43.878476],[3.890774,43.878492],[3.890687,43.878506],[3.890582,43.878518],[3.890507,43.878521],[3.890397,43.878547],[3.8903,43.878558],[3.890188,43.878557],[3.890076,43.878561],[3.890034,43.878561],[3.889951,43.878582],[3.889854,43.878583],[3.889742,43.878576],[3.889642,43.878591],[3.889514,43.878601],[3.889395,43.878601],[3.889292,43.878566],[3.889213,43.878558],[3.889118,43.878567],[3.889029,43.878576],[3.888924,43.878546],[3.888851,43.878509],[3.888741,43.878507],[3.888624,43.878503],[3.888505,43.87851],[3.888397,43.878521],[3.888278,43.878521],[3.888173,43.878503],[3.888076,43.878503],[3.887979,43.878514],[3.887871,43.878525],[3.887786,43.878529],[3.887717,43.878559],[3.887635,43.878553],[3.887547,43.878539],[3.887472,43.878507],[3.887395,43.8785],[3.887317,43.878499],[3.88723,43.8785],[3.88716,43.878512],[3.887128,43.878533],[3.887033,43.878506],[3.887001,43.8785],[3.886969,43.878515],[3.886874,43.878514],[3.886791,43.878492],[3.886704,43.878479],[3.886659,43.878473],[3.886577,43.878444],[3.88653,43.878404],[3.886454,43.878409],[3.886395,43.878428],[3.886322,43.878417],[3.886234,43.878435],[3.88614,43.878447],[3.886021,43.878448],[3.885914,43.878444],[3.885791,43.878428],[3.885689,43.878396],[3.885581,43.878368],[3.885481,43.878339],[3.88536,43.878339],[3.885235,43.878321],[3.885134,43.878309],[3.885014,43.8783],[3.884924,43.878285],[3.884825,43.878287],[3.884725,43.878291],[3.884601,43.878297],[3.884477,43.878297],[3.884349,43.878275],[3.884235,43.878266],[3.884101,43.878247],[3.883979,43.878243],[3.883855,43.87824],[3.883688,43.87823],[3.883551,43.87823],[3.883441,43.878212],[3.88327,43.878212],[3.883162,43.878225],[3.883067,43.878205],[3.88293,43.878198],[3.882829,43.878218],[3.882702,43.878215],[3.882593,43.878214],[3.882507,43.878178],[3.882376,43.878185],[3.882234,43.878185],[3.881937,43.87819],[3.881852,43.87817],[3.88176,43.878167],[3.881611,43.878187],[3.881561,43.878171],[3.881459,43.87818],[3.881335,43.878181],[3.881207,43.878192],[3.881118,43.87818],[3.881019,43.87818],[3.880944,43.87818],[3.880872,43.878214],[3.88075,43.878214],[3.880626,43.878217],[3.880569,43.87822],[3.880395,43.878223],[3.880262,43.878234],[3.880158,43.878239],[3.880079,43.878261],[3.879975,43.878288],[3.879875,43.878304],[3.879773,43.878314],[3.879681,43.878336],[3.879554,43.878367],[3.879421,43.878373],[3.87929,43.878388],[3.879132,43.878407],[3.879008,43.878405],[3.878896,43.878416],[3.878746,43.878441],[3.878619,43.878456],[3.878512,43.878466],[3.87838,43.878481],[3.878274,43.878493],[3.878174,43.878511],[3.8781,43.878513],[3.877988,43.878512],[3.877878,43.878501],[3.877798,43.878483],[3.877708,43.878444],[3.877609,43.87843],[3.877479,43.878428],[3.877356,43.878435],[3.877249,43.87844],[3.877115,43.878454],[3.877008,43.878458],[3.876893,43.878472],[3.876804,43.878472],[3.876661,43.878469],[3.876539,43.878467],[3.876439,43.878463],[3.876311,43.878476],[3.876199,43.878466],[3.876084,43.878439],[3.875984,43.878412],[3.875873,43.87839],[3.875788,43.878368],[3.875691,43.878355],[3.875591,43.878345],[3.875536,43.878331],[3.875429,43.878326],[3.875319,43.878299],[3.875198,43.87828],[3.875071,43.878266],[3.874956,43.878239],[3.874854,43.878228],[3.874768,43.8782],[3.874708,43.878196],[3.874662,43.878207],[3.874623,43.878156],[3.874546,43.878164],[3.874436,43.878159],[3.874354,43.878143],[3.874246,43.878097],[3.874132,43.878088],[3.874017,43.878052],[3.873938,43.878016],[3.873839,43.877987],[3.873704,43.877943],[3.873582,43.877913],[3.873477,43.877891],[3.873338,43.877856],[3.873223,43.877813],[3.873116,43.877788],[3.873003,43.877756],[3.87285,43.877722],[3.872732,43.877708],[3.872597,43.877694],[3.872442,43.877673],[3.872325,43.877664],[3.872225,43.877648],[3.87208,43.877632],[3.871878,43.877591],[3.871769,43.877575],[3.871674,43.87756],[3.871629,43.877511],[3.871586,43.877457],[3.871494,43.877425],[3.871399,43.877397],[3.871283,43.877361],[3.871204,43.877332],[3.871114,43.877295],[3.871032,43.877258],[3.870947,43.877216],[3.870864,43.87718],[3.870788,43.877133],[3.870695,43.877074],[3.870604,43.877024],[3.870497,43.87694],[3.870398,43.876871],[3.870298,43.87678],[3.870211,43.876666],[3.870172,43.876584],[3.870163,43.876548],[3.870059,43.876363],[3.869961,43.876283],[3.869892,43.876235],[3.869761,43.876202],[3.869646,43.876186],[3.869516,43.876179],[3.869096,43.876179],[3.868972,43.876182],[3.868848,43.876206],[3.868725,43.876253],[3.868631,43.876305],[3.868526,43.876351],[3.868432,43.876398],[3.868344,43.876449],[3.868297,43.876513],[3.86828,43.876583],[3.868232,43.876639],[3.868158,43.876647],[3.868086,43.87669],[3.867969,43.876693],[3.867856,43.876698],[3.86774,43.876736],[3.867627,43.876763],[3.867482,43.876787],[3.867345,43.876804],[3.867211,43.876834],[3.867088,43.876866],[3.866962,43.876875],[3.866917,43.876876],[3.866804,43.876893],[3.86667,43.876913],[3.86654,43.876937],[3.866415,43.876944],[3.866276,43.876981],[3.866094,43.876953],[3.864908,43.876985],[3.86359,43.876965],[3.862875,43.876993],[3.862226,43.87689],[3.861771,43.876868],[3.861338,43.876813],[3.8613,43.876809],[3.861079,43.876787],[3.860854,43.876823],[3.860756,43.876825],[3.860656,43.876815],[3.860629,43.876793],[3.86063,43.876789],[3.858749,43.876988],[3.858255,43.877072],[3.857578,43.877144],[3.856925,43.877154],[3.856794,43.877117],[3.855948,43.876034],[3.855487,43.875671],[3.855021,43.875337],[3.854902,43.875247],[3.854899,43.875242],[3.854818,43.875164],[3.854691,43.875084],[3.854623,43.87506],[3.854514,43.875041],[3.854292,43.875008],[3.854139,43.874978],[3.85403,43.87496],[3.853881,43.874941],[3.8538,43.87492],[3.853732,43.874889],[3.853677,43.874853],[3.853548,43.874759],[3.853458,43.874676],[3.853363,43.874571],[3.8533,43.874476],[3.853145,43.874291],[3.852853,43.87395],[3.852633,43.873673],[3.852495,43.873502],[3.852433,43.873419],[3.85241,43.87339],[3.852372,43.873337],[3.852339,43.873279],[3.8523,43.873172],[3.852185,43.872797],[3.852097,43.872457],[3.852034,43.872199],[3.851971,43.871986],[3.85193,43.871804],[3.851874,43.871593],[3.851839,43.871458],[3.851811,43.871331],[3.85177,43.871182],[3.851684,43.87086],[3.85158,43.870462],[3.851542,43.870306],[3.851507,43.87016],[3.851474,43.869993],[3.851456,43.86989],[3.851448,43.869773],[3.851448,43.86967],[3.851455,43.869564],[3.851523,43.86919],[3.851606,43.868757],[3.851723,43.868281],[3.851747,43.868155],[3.851779,43.868027],[3.851823,43.867848],[3.851849,43.867727],[3.851857,43.867677],[3.851879,43.867559],[3.851885,43.86753],[3.851876,43.867529],[3.85185,43.867545],[3.851238,43.867777],[3.850827,43.86791],[3.850329,43.868075],[3.850194,43.8681],[3.850046,43.868128],[3.849904,43.868168],[3.849793,43.868192],[3.849573,43.868241],[3.849441,43.86826],[3.849351,43.868272],[3.849227,43.868298],[3.849149,43.868323],[3.849067,43.868336],[3.848803,43.868364],[3.848678,43.868382],[3.84855,43.868394],[3.848482,43.868407],[3.847232,43.868688],[3.846207,43.868942],[3.845919,43.869141],[3.845774,43.869241],[3.845658,43.869241],[3.845516,43.869245],[3.845397,43.869258],[3.84528,43.869271],[3.845141,43.869284],[3.845004,43.8693],[3.844895,43.86932],[3.844765,43.869354],[3.844611,43.869391],[3.844495,43.869426],[3.844025,43.869553],[3.843685,43.86967],[3.843402,43.86973],[3.843245,43.86977],[3.843121,43.869795],[3.842979,43.869803],[3.842844,43.869806],[3.842718,43.869813],[3.842554,43.86982],[3.842425,43.869829],[3.84228,43.86984],[3.842124,43.869853],[3.841985,43.869858],[3.841853,43.869862],[3.841719,43.86988],[3.841575,43.8699],[3.841453,43.869909],[3.841325,43.869923],[3.84118,43.869949],[3.841043,43.869971],[3.840883,43.869998],[3.840759,43.87003],[3.840622,43.870073],[3.840508,43.870107],[3.840363,43.870142],[3.84024,43.87018],[3.840121,43.870207],[3.839649,43.870293],[3.839366,43.87036],[3.839189,43.870409],[3.838801,43.870498],[3.838421,43.870581],[3.837975,43.87072],[3.837947,43.870704],[3.836993,43.870206],[3.835951,43.869661],[3.83506,43.869155],[3.834748,43.868984],[3.834075,43.868638],[3.833219,43.868151],[3.832899,43.867949],[3.832683,43.867828],[3.832579,43.86777],[3.832297,43.867622],[3.831789,43.867308],[3.831676,43.867235],[3.830716,43.866432],[3.830349,43.866769],[3.830137,43.866805],[3.830029,43.866885],[3.829915,43.86699],[3.829791,43.867022],[3.829748,43.867066],[3.829682,43.867131],[3.829649,43.86729],[3.82945,43.867445],[3.829444,43.867449],[3.829292,43.867575],[3.829144,43.867712],[3.828867,43.867986],[3.828491,43.868327],[3.826286,43.870406],[3.825468,43.871183],[3.82529,43.871344],[3.824965,43.871649],[3.824902,43.87161],[3.824838,43.871571],[3.824491,43.871678],[3.824297,43.871737],[3.824231,43.871758],[3.824144,43.871769],[3.824073,43.871807],[3.823688,43.871574],[3.823466,43.871487],[3.823128,43.871355],[3.822439,43.871462],[3.822444,43.871518],[3.822446,43.871567],[3.82241,43.871607],[3.822487,43.871678],[3.823566,43.872669],[3.82374,43.87283],[3.82379,43.872925],[3.823855,43.873003],[3.823942,43.873072],[3.82402,43.873143],[3.823761,43.873197],[3.823494,43.873257],[3.822588,43.873477],[3.822664,43.874338],[3.818998,43.875155],[3.817325,43.875528],[3.817126,43.875572],[3.817058,43.87559],[3.816778,43.875665],[3.816217,43.875815],[3.815593,43.87598],[3.814511,43.876313],[3.81325,43.876701],[3.81083,43.877426],[3.810829,43.877431],[3.81079,43.877465],[3.810708,43.877499],[3.810604,43.877524],[3.81047,43.877548],[3.81034,43.877554],[3.810233,43.877553],[3.80849,43.877706],[3.806747,43.877859],[3.803881,43.879194],[3.803747,43.879567],[3.803005,43.881641],[3.802774,43.882268],[3.802613,43.882738],[3.802606,43.882757],[3.802526,43.882982],[3.802478,43.883114],[3.802388,43.883366],[3.802197,43.883899],[3.80213,43.884089],[3.802053,43.884284],[3.801901,43.884731],[3.801789,43.885068],[3.801503,43.885912],[3.801504,43.885941],[3.801479,43.885965],[3.801443,43.885994],[3.801424,43.886035],[3.801411,43.886086],[3.801392,43.88615],[3.801379,43.886217],[3.80136,43.886278],[3.801355,43.886339],[3.801348,43.886405],[3.800971,43.887362],[3.800903,43.887562],[3.800807,43.887846],[3.799814,43.890727],[3.799661,43.891168],[3.799724,43.891225],[3.7998,43.891285],[3.799863,43.891349],[3.799933,43.891406],[3.799998,43.891464],[3.800065,43.891518],[3.800124,43.891585],[3.800185,43.89165],[3.800243,43.89169],[3.800302,43.891729],[3.800338,43.891791],[3.800405,43.891859],[3.800475,43.891908],[3.800547,43.891971],[3.800617,43.892042],[3.800669,43.892109],[3.800719,43.89217],[3.800759,43.892223],[3.800782,43.892241],[3.800797,43.892259],[3.800834,43.892304],[3.800864,43.89235],[3.8009,43.892387],[3.800951,43.892433],[3.801005,43.892491],[3.801054,43.892549],[3.80109,43.892607],[3.801129,43.892657],[3.801164,43.892695],[3.801192,43.892726],[3.801201,43.892736],[3.801268,43.892821],[3.801283,43.892839],[3.80148,43.893032],[3.803863,43.895159],[3.806523,43.897386],[3.806744,43.89757],[3.807853,43.898643],[3.808062,43.898846],[3.808744,43.899505],[3.809216,43.899905],[3.810067,43.900793],[3.811298,43.902083],[3.812313,43.903144],[3.813066,43.903932],[3.81641,43.907428],[3.818465,43.909577],[3.819567,43.91073],[3.81966,43.91081],[3.820061,43.911078],[3.820437,43.911576],[3.821367,43.912811],[3.821608,43.913211],[3.821961,43.914373],[3.822011,43.914536],[3.823723,43.917546],[3.823725,43.917573],[3.823725,43.917622],[3.823685,43.917796],[3.824314,43.918748],[3.824762,43.919036],[3.825212,43.919418],[3.825696,43.919951],[3.825755,43.919998],[3.826239,43.920405],[3.827975,43.922593],[3.82833,43.923186],[3.828431,43.923351],[3.828954,43.924332],[3.82902,43.924512],[3.828054,43.925604],[3.826646,43.926971],[3.82628,43.927202],[3.824416,43.927317],[3.824356,43.927408],[3.824069,43.928311],[3.823539,43.929442],[3.823984,43.929796],[3.82474,43.930145],[3.825374,43.930631],[3.82557,43.930952],[3.825661,43.932075],[3.82614,43.932689],[3.826562,43.933231],[3.826892,43.933946],[3.827098,43.934707],[3.827103,43.935002],[3.827115,43.935831],[3.827,43.936192],[3.826703,43.936691],[3.826146,43.937191],[3.826026,43.937297],[3.824576,43.938608],[3.824506,43.938653],[3.824086,43.938929],[3.823907,43.939116],[3.822996,43.940078],[3.822087,43.940863],[3.820348,43.94237],[3.820309,43.942363],[3.820219,43.942361],[3.820071,43.942364],[3.819963,43.942371],[3.819835,43.942376],[3.819757,43.942368],[3.819671,43.94234],[3.819577,43.942308],[3.819467,43.942265],[3.819365,43.942233],[3.819275,43.942209],[3.819162,43.942197],[3.819032,43.942189],[3.818864,43.942178],[3.818718,43.942159],[3.818571,43.942142],[3.818422,43.942125],[3.818279,43.942105],[3.818148,43.942088],[3.818009,43.942067],[3.817869,43.942042],[3.817772,43.942016],[3.817686,43.941982],[3.817631,43.941931],[3.81759,43.941888],[3.817532,43.941864],[3.817442,43.941866],[3.817355,43.941874],[3.817248,43.941875],[3.817165,43.941861],[3.817111,43.941822],[3.817096,43.941773],[3.817098,43.941715],[3.817071,43.941633],[3.816999,43.941533],[3.81691,43.941491],[3.816782,43.941471],[3.816635,43.941455],[3.816494,43.941445],[3.816341,43.941445],[3.816215,43.941445],[3.816077,43.941456],[3.816001,43.94148],[3.815912,43.941517],[3.815745,43.941564],[3.815553,43.94159],[3.815438,43.941597],[3.815371,43.941584],[3.815332,43.941561],[3.815219,43.941456],[3.815111,43.941392],[3.81494,43.941273],[3.814747,43.941137],[3.814595,43.941056],[3.814486,43.940988],[3.814362,43.940962],[3.814266,43.940954],[3.814168,43.94095],[3.814038,43.94094],[3.813898,43.940914],[3.813779,43.940868],[3.813629,43.940819],[3.813504,43.940797],[3.813365,43.940795],[3.813173,43.940825],[3.812811,43.940864],[3.812685,43.940877],[3.812568,43.940881],[3.812453,43.940885],[3.81235,43.940898],[3.812281,43.940927],[3.812224,43.940969],[3.81214,43.941009],[3.811983,43.94105],[3.811601,43.941143],[3.811439,43.941196],[3.811312,43.941234],[3.811213,43.941245],[3.811109,43.941231],[3.811013,43.941224],[3.81091,43.941248],[3.810765,43.941285],[3.810541,43.941332],[3.810376,43.941352],[3.810229,43.941356],[3.810058,43.941355],[3.809898,43.941353],[3.809768,43.941359],[3.809599,43.941377],[3.809468,43.94139],[3.809362,43.94141],[3.809216,43.94144],[3.809087,43.941447],[3.808975,43.941449],[3.808834,43.941439],[3.808585,43.941387],[3.808454,43.941355],[3.808344,43.941313],[3.808245,43.941259],[3.808112,43.941189],[3.808076,43.941171],[3.80791,43.94109],[3.807821,43.941048],[3.807682,43.941001],[3.807584,43.940979],[3.807434,43.94098],[3.807309,43.94098],[3.807177,43.940974],[3.807062,43.940971],[3.806905,43.940963],[3.806786,43.940963],[3.80668,43.940968],[3.806572,43.940991],[3.806544,43.941035],[3.806494,43.941096],[3.806447,43.941148],[3.806515,43.941229],[3.806585,43.941297],[3.806655,43.941406],[3.80671,43.941494],[3.806717,43.941507],[3.806786,43.941592],[3.806873,43.941667],[3.806979,43.941709],[3.807075,43.94176],[3.807157,43.941823],[3.807205,43.941893],[3.807236,43.941976],[3.80724,43.942068],[3.807237,43.942084],[3.807235,43.942158],[3.80721,43.942233],[3.807155,43.942324],[3.807132,43.942354],[3.807085,43.942417],[3.807017,43.942512],[3.806961,43.942599],[3.806884,43.942719],[3.806833,43.94283],[3.8068,43.94294],[3.806769,43.943038],[3.80674,43.943131],[3.806714,43.943244],[3.806565,43.943346],[3.806481,43.94341],[3.806394,43.943498],[3.806311,43.943582],[3.80625,43.943677],[3.806228,43.943755],[3.806218,43.943829],[3.806134,43.943882],[3.806002,43.943886],[3.805892,43.943869],[3.805748,43.943841],[3.805684,43.943829],[3.805583,43.943797],[3.805504,43.943736],[3.805442,43.943668],[3.805373,43.943598],[3.805285,43.943553],[3.805214,43.943531],[3.805123,43.943511],[3.805027,43.943477],[3.804953,43.943427],[3.804888,43.943384],[3.804837,43.943366],[3.80468,43.94338],[3.803454,43.943388],[3.802432,43.94342],[3.800899,43.943464],[3.798347,43.94354],[3.796481,43.943566],[3.796354,43.943478],[3.795769,43.942541],[3.795514,43.942275],[3.794606,43.943276],[3.794367,43.943639],[3.794124,43.943867],[3.792843,43.945368],[3.792664,43.94564],[3.790549,43.948096],[3.790344,43.948353],[3.789584,43.949323],[3.789587,43.949413],[3.789331,43.94964],[3.789166,43.94985],[3.789043,43.950008],[3.78897,43.950104],[3.788729,43.950466],[3.787786,43.952503],[3.786842,43.954538],[3.786844,43.954622],[3.786853,43.954987],[3.786696,43.956113],[3.786676,43.956216],[3.786513,43.957069],[3.786545,43.957087],[3.786571,43.95714],[3.786587,43.95721],[3.786582,43.957295],[3.786573,43.957374],[3.78659,43.957454],[3.786606,43.957532],[3.786599,43.957617],[3.786557,43.957694],[3.786503,43.95776],[3.786464,43.957831],[3.786462,43.957893],[3.786476,43.95796],[3.786504,43.958035],[3.786516,43.958106],[3.786524,43.958182],[3.786487,43.958245],[3.786424,43.958292],[3.786371,43.958343],[3.786357,43.958408],[3.786406,43.958488],[3.786474,43.958548],[3.786505,43.95862],[3.786447,43.958672],[3.786369,43.958711],[3.786324,43.958768],[3.786293,43.95884],[3.786285,43.958924],[3.786286,43.95901],[3.786288,43.959078],[3.786295,43.959156],[3.78631,43.959236],[3.786317,43.95931],[3.786334,43.959425],[3.786341,43.959522],[3.786355,43.959611],[3.786373,43.959705],[3.786397,43.95982],[3.786432,43.959939],[3.786452,43.960037],[3.786488,43.960142],[3.786525,43.960242],[3.786551,43.960353],[3.786559,43.960447],[3.78657,43.960536],[3.786592,43.960622],[3.786618,43.960713],[3.786648,43.960795],[3.786664,43.960881],[3.786679,43.960969],[3.786699,43.961061],[3.786721,43.961127],[3.786747,43.961194],[3.786758,43.961282],[3.786735,43.961339],[3.786715,43.961428],[3.786716,43.961495],[3.786726,43.961573],[3.786737,43.961645],[3.786742,43.961726],[3.786745,43.961873],[3.786794,43.961948],[3.786807,43.961992],[3.78682,43.962069],[3.786809,43.962158],[3.786827,43.962261],[3.786885,43.962355],[3.786926,43.962442],[3.78695,43.962533],[3.786963,43.962642],[3.786968,43.962728],[3.78698,43.962822],[3.787002,43.962891],[3.787027,43.962971],[3.78706,43.963052],[3.787081,43.96315],[3.787111,43.963253],[3.787133,43.963331],[3.787149,43.963401],[3.78716,43.963485],[3.787171,43.963567],[3.787175,43.963651],[3.787195,43.963763],[3.7872,43.963843],[3.787208,43.96392],[3.787217,43.963993],[3.787212,43.964075],[3.78721,43.964144],[3.78719,43.964219],[3.787178,43.96431],[3.787176,43.964391],[3.787158,43.964502],[3.787161,43.964628],[3.78718,43.964701],[3.787221,43.964739],[3.787274,43.964799],[3.787286,43.964873],[3.787295,43.964937],[3.787308,43.965024],[3.787335,43.965097],[3.787381,43.965211],[3.787413,43.965309],[3.787459,43.965419],[3.787474,43.96551],[3.78748,43.965573],[3.787472,43.965675],[3.787469,43.96578],[3.787468,43.965878],[3.787462,43.965983],[3.787462,43.966062],[3.787504,43.966227],[3.787594,43.966348],[3.787651,43.966478],[3.787674,43.966597],[3.78768,43.966701],[3.787689,43.966808],[3.786915,43.966854],[3.786416,43.96689],[3.785724,43.966954],[3.785196,43.966985],[3.784805,43.967035],[3.784512,43.967118],[3.784002,43.967378],[3.783608,43.967537],[3.782723,43.967675],[3.782667,43.967654],[3.782587,43.967638],[3.782448,43.967626],[3.78231,43.967623],[3.782161,43.967624],[3.782016,43.967631],[3.781883,43.967648],[3.781533,43.967694],[3.780551,43.967534],[3.780154,43.96664],[3.779619,43.965163],[3.778206,43.965902],[3.77698,43.966637],[3.776056,43.967009],[3.776042,43.967011],[3.772642,43.967908],[3.770306,43.968771],[3.769867,43.968934],[3.769556,43.968983],[3.768997,43.96899],[3.768495,43.968817],[3.76805,43.968463],[3.767673,43.968324],[3.765036,43.96791],[3.76391,43.967699],[3.76147,43.967565],[3.761291,43.967553],[3.760485,43.967654],[3.758989,43.967584],[3.758426,43.967632],[3.758368,43.967637],[3.757315,43.96783],[3.756513,43.968155],[3.756144,43.968341],[3.755155,43.969118],[3.754429,43.969936],[3.753952,43.970752],[3.753598,43.971566],[3.753799,43.972103],[3.753805,43.972372],[3.752134,43.972753],[3.751814,43.972443],[3.750901,43.970791],[3.749937,43.969536],[3.749736,43.968999],[3.749644,43.967741],[3.749457,43.967744],[3.747165,43.968223],[3.745304,43.968472],[3.745115,43.968385],[3.744732,43.967985],[3.743763,43.966604],[3.743639,43.966606],[3.74272,43.966898],[3.741857,43.967175],[3.740416,43.967636],[3.73733,43.968745],[3.737086,43.968929],[3.736179,43.970028],[3.735252,43.970804],[3.734331,43.971311],[3.733466,43.971592],[3.732873,43.971706],[3.732475,43.971784],[3.732169,43.972013],[3.731576,43.971906],[3.731419,43.971878],[3.730563,43.971555],[3.730036,43.971357],[3.727782,43.970801],[3.726842,43.970544],[3.726992,43.969013],[3.726972,43.968249],[3.726654,43.967983],[3.725963,43.967723],[3.725773,43.96759],[3.725061,43.967212],[3.724686,43.966818],[3.72447,43.96595],[3.722857,43.965415],[3.722739,43.965328],[3.721652,43.964531],[3.720768,43.964003],[3.720569,43.963825],[3.720324,43.963604],[3.719423,43.962438],[3.719195,43.962151],[3.719194,43.962131],[3.719132,43.962105],[3.719087,43.962094],[3.718986,43.962054],[3.718686,43.96193],[3.718598,43.961875],[3.718462,43.961789],[3.717926,43.96145],[3.717751,43.961338],[3.717599,43.961243],[3.717591,43.961239],[3.717266,43.961073],[3.7172,43.961038],[3.716683,43.960774],[3.716506,43.960838],[3.716207,43.960936],[3.715198,43.961064],[3.714647,43.961015],[3.71433,43.960839],[3.714133,43.960437],[3.714061,43.959988],[3.713743,43.959722],[3.71355,43.959649],[3.713052,43.959461],[3.712678,43.959421],[3.712056,43.959429],[3.711311,43.959528],[3.708786,43.960639],[3.708478,43.960733],[3.707503,43.961121],[3.706533,43.961508],[3.706307,43.961599],[3.705137,43.962069],[3.704763,43.962074],[3.704384,43.961943],[3.704312,43.961918],[3.704118,43.961852],[3.703131,43.961511],[3.702786,43.961344],[3.702123,43.961028],[3.701043,43.960097],[3.700404,43.959431],[3.699802,43.958597],[3.699632,43.958362],[3.699365,43.958215],[3.699372,43.958172],[3.69941,43.958118],[3.699474,43.958093],[3.699495,43.958059],[3.699484,43.958027],[3.699427,43.957983],[3.69938,43.957914],[3.699342,43.957824],[3.699332,43.957744],[3.69936,43.957665],[3.699306,43.957584],[3.699278,43.957533],[3.699208,43.957483],[3.699155,43.957404],[3.699114,43.957361],[3.699021,43.957297],[3.698955,43.957221],[3.698882,43.957148],[3.698664,43.956882],[3.697908,43.956576],[3.696713,43.956007],[3.695637,43.955256],[3.694619,43.954324],[3.693607,43.953663],[3.692472,43.953038],[3.690384,43.951626],[3.690134,43.951539],[3.688472,43.952324],[3.686243,43.953472],[3.685561,43.953825],[3.685506,43.953723],[3.685456,43.953601],[3.685359,43.95342],[3.685295,43.953329],[3.68525,43.953232],[3.685178,43.953125],[3.685149,43.953082],[3.685045,43.952936],[3.684958,43.9528],[3.684867,43.952633],[3.684803,43.952459],[3.684747,43.952303],[3.68471,43.952122],[3.684705,43.951919],[3.684652,43.951765],[3.684571,43.951461],[3.684457,43.951104],[3.684454,43.951094],[3.684333,43.950798],[3.684297,43.950704],[3.68397,43.949721],[3.683717,43.949048],[3.683632,43.948818],[3.683449,43.948479],[3.683276,43.948158],[3.683213,43.948038],[3.683083,43.947783],[3.682744,43.947123],[3.682712,43.946993],[3.682725,43.946836],[3.682862,43.946523],[3.683008,43.946293],[3.683168,43.946118],[3.683324,43.946019],[3.683525,43.945975],[3.684116,43.946002],[3.684427,43.946028],[3.684613,43.945998],[3.68491,43.945901],[3.68509,43.945814],[3.685355,43.945687],[3.685709,43.945532],[3.686105,43.945407],[3.686602,43.945289],[3.687016,43.945202],[3.687461,43.945177],[3.687819,43.94518],[3.688056,43.945149],[3.688332,43.945035],[3.688538,43.944868],[3.688764,43.944492],[3.688772,43.94405],[3.688643,43.943767],[3.688508,43.943533],[3.688431,43.94336],[3.688395,43.943228],[3.688377,43.942993],[3.688387,43.942821],[3.688499,43.94262],[3.688811,43.942216],[3.689119,43.941883],[3.689362,43.94161],[3.689659,43.94097],[3.689789,43.940608],[3.689867,43.94015],[3.689825,43.939695],[3.689775,43.939367],[3.689614,43.939519],[3.689485,43.939552],[3.68897,43.939587],[3.688506,43.939579],[3.687649,43.93949],[3.686944,43.939367],[3.686449,43.939226],[3.686297,43.939167],[3.686268,43.939156],[3.685949,43.93914],[3.685737,43.939153],[3.685513,43.939239],[3.685241,43.939385],[3.684674,43.939742],[3.684352,43.939965],[3.684222,43.940112],[3.684206,43.940235],[3.684123,43.940371],[3.683982,43.940451],[3.683845,43.94046],[3.683629,43.940459],[3.683595,43.940322],[3.683525,43.940043],[3.683238,43.938883],[3.683218,43.938074],[3.683014,43.937357],[3.682887,43.937224],[3.682064,43.936604],[3.679854,43.935229],[3.678717,43.934479],[3.677827,43.933725],[3.677191,43.933104],[3.676746,43.932705],[3.67617,43.932037],[3.675783,43.931458],[3.675511,43.930463],[3.675439,43.930059],[3.675373,43.929881],[3.675366,43.929566],[3.676226,43.929106],[3.6774,43.928238],[3.678066,43.92751],[3.678609,43.926739],[3.678788,43.926422],[3.678764,43.925434],[3.678623,43.924716],[3.678357,43.924046],[3.677971,43.923466],[3.677783,43.923378],[3.676973,43.923334],[3.677519,43.922743],[3.677439,43.922024],[3.677037,43.920771],[3.676727,43.919996],[3.676467,43.920064],[3.675493,43.918046],[3.674502,43.915712],[3.673771,43.914107],[3.673015,43.912302],[3.672225,43.911477],[3.671447,43.909641],[3.669732,43.910281],[3.668496,43.910572],[3.666045,43.911001],[3.662769,43.911559],[3.662569,43.912322],[3.662328,43.912343],[3.661887,43.912382],[3.660183,43.912535],[3.658742,43.912661],[3.658326,43.912699],[3.656459,43.912865],[3.656205,43.912886],[3.656155,43.912897],[3.656112,43.91264],[3.655989,43.912518],[3.655898,43.912339],[3.655802,43.912405],[3.65576,43.912438],[3.655598,43.912555],[3.655493,43.912619],[3.655367,43.912672],[3.655322,43.91269],[3.655178,43.912729],[3.65501,43.912751],[3.654824,43.912778],[3.654642,43.912796],[3.654456,43.912812],[3.654412,43.912816],[3.654254,43.912828],[3.65407,43.912855],[3.653953,43.912894],[3.6539,43.912911],[3.65379,43.912959],[3.65367,43.913006],[3.653551,43.913042],[3.65342,43.913069],[3.653305,43.91309],[3.653276,43.913094],[3.653104,43.913136],[3.652966,43.913168],[3.652793,43.913204],[3.652622,43.913237],[3.652477,43.913296],[3.652376,43.913364],[3.652245,43.913407],[3.652093,43.91346],[3.651958,43.91351],[3.651825,43.913564],[3.651667,43.913629],[3.651604,43.913723],[3.651534,43.913815],[3.651474,43.91389],[3.651385,43.91395],[3.651211,43.914051],[3.651101,43.914081],[3.651006,43.914124],[3.650814,43.914163],[3.650715,43.914181],[3.650506,43.91426],[3.650409,43.914282],[3.650326,43.914303],[3.650085,43.914381],[3.649925,43.914417],[3.649829,43.914429],[3.649571,43.914449],[3.649321,43.914496],[3.649145,43.914502],[3.648726,43.914549],[3.64866,43.914545],[3.648563,43.914544],[3.648455,43.914545],[3.648365,43.914545],[3.648191,43.914577],[3.648077,43.914602],[3.647955,43.91462],[3.647851,43.91463],[3.647754,43.914635],[3.647592,43.914638],[3.647445,43.914635],[3.647156,43.914639],[3.647046,43.914668],[3.646945,43.914709],[3.646785,43.914752],[3.646686,43.914785],[3.646604,43.914788],[3.646514,43.914783],[3.646395,43.914771],[3.646276,43.914765],[3.646176,43.914767],[3.646066,43.914776],[3.64594,43.914817],[3.645807,43.91487],[3.645718,43.914925],[3.645605,43.914963],[3.645405,43.915024],[3.645367,43.91504],[3.64531,43.915062],[3.645188,43.915116],[3.645076,43.915161],[3.644971,43.915189],[3.644861,43.915213],[3.644739,43.915257],[3.644593,43.915316],[3.644509,43.915351],[3.644359,43.915383],[3.644207,43.915406],[3.644085,43.915421],[3.643943,43.915446],[3.643827,43.91547],[3.643678,43.915524],[3.643562,43.915551],[3.643428,43.915568],[3.643301,43.915587],[3.643169,43.915623],[3.643055,43.915671],[3.642939,43.915722],[3.642837,43.915767],[3.642689,43.915801],[3.642525,43.915836],[3.642396,43.915855],[3.642297,43.915866],[3.642137,43.915871],[3.641998,43.91586],[3.641853,43.915846],[3.641738,43.915828],[3.64171,43.915818],[3.641512,43.915752],[3.641364,43.915714],[3.641252,43.91569],[3.641156,43.915648],[3.641016,43.915609],[3.640929,43.915594],[3.64156,43.915317],[3.641634,43.915375],[3.64178,43.915403],[3.641887,43.915379],[3.642051,43.915325],[3.645189,43.913249],[3.645265,43.91323],[3.645411,43.913173],[3.645511,43.913124],[3.645614,43.913035],[3.645754,43.912943],[3.645922,43.91286],[3.64601,43.912806],[3.646088,43.91275],[3.646157,43.912705],[3.646205,43.912654],[3.646267,43.912608],[3.646321,43.912566],[3.646352,43.91253],[3.646401,43.912456],[3.64641,43.912409],[3.646588,43.912157],[3.646584,43.912073],[3.64658,43.912005],[3.646578,43.911933],[3.646575,43.91187],[3.646568,43.911807],[3.646512,43.911688],[3.646465,43.911627],[3.646429,43.911567],[3.646386,43.911449],[3.646359,43.91139],[3.646287,43.911283],[3.64626,43.911224],[3.646255,43.911122],[3.646255,43.911107],[3.646247,43.910988],[3.646236,43.910939],[3.646168,43.910883],[3.646121,43.910844],[3.646108,43.910811],[3.6466,43.910486],[3.64635,43.910032],[3.64626,43.909792],[3.646261,43.909578],[3.646319,43.908512],[3.646355,43.907856],[3.646492,43.905303],[3.646501,43.905129],[3.646323,43.904842],[3.646269,43.904667],[3.64626,43.904553],[3.646407,43.904322],[3.646608,43.904151],[3.64684,43.903972],[3.647384,43.902911],[3.647571,43.902823],[3.647758,43.902687],[3.647839,43.902538],[3.647835,43.902473],[3.647797,43.9024],[3.647711,43.90226],[3.647691,43.902175],[3.647685,43.902101],[3.647768,43.901924],[3.647819,43.901868],[3.647848,43.901679],[3.647821,43.901585],[3.647753,43.901463],[3.647714,43.901267],[3.647714,43.901227],[3.647709,43.901162],[3.647691,43.90108],[3.64754,43.901132],[3.646344,43.900943],[3.645196,43.900123],[3.644098,43.899329],[3.642328,43.898049],[3.642295,43.898033],[3.642118,43.897953],[3.642078,43.897928],[3.641979,43.897893],[3.641894,43.897848],[3.641804,43.897798],[3.641703,43.897749],[3.641593,43.897715],[3.641473,43.897671],[3.641336,43.89764],[3.64117,43.89762],[3.641071,43.897589],[3.640841,43.8975],[3.640735,43.897442],[3.640642,43.897373],[3.64055,43.897307],[3.640439,43.897236],[3.640363,43.897174],[3.640289,43.897107],[3.640218,43.897021],[3.640149,43.896941],[3.640092,43.896879],[3.64001,43.896753],[3.639971,43.896661],[3.639893,43.896618],[3.639806,43.896597],[3.639701,43.896573],[3.639586,43.896537],[3.6395,43.896499],[3.639432,43.896432],[3.639405,43.896369],[3.639393,43.896302],[3.639372,43.896247],[3.639358,43.896228],[3.639338,43.896195],[3.639278,43.896181],[3.63922,43.896199],[3.639204,43.896255],[3.639168,43.89632],[3.639107,43.89639],[3.639042,43.896458],[3.639009,43.896503],[3.637974,43.896981],[3.637286,43.897298],[3.635301,43.898214],[3.634635,43.898521],[3.632471,43.899519],[3.63287,43.899937],[3.633031,43.900283],[3.633262,43.900718],[3.633589,43.901779],[3.633918,43.90284],[3.634248,43.9039],[3.634331,43.904761],[3.636611,43.907523],[3.636855,43.908364],[3.637669,43.909773],[3.638481,43.911183],[3.639295,43.912592],[3.639694,43.913108],[3.639706,43.913258],[3.63975,43.913488],[3.639758,43.913672],[3.639487,43.914396],[3.639428,43.91455],[3.63923,43.915084],[3.638844,43.916116],[3.638358,43.916112],[3.636745,43.916103],[3.636089,43.9161],[3.635062,43.916094],[3.63439,43.916021],[3.63336,43.915909],[3.63329,43.915901],[3.633175,43.915922],[3.631982,43.916137],[3.631581,43.916209],[3.631511,43.916222],[3.630616,43.916384],[3.630477,43.91636],[3.630355,43.916376],[3.630209,43.916383],[3.630055,43.916382],[3.629912,43.916389],[3.629675,43.916387],[3.629577,43.916362],[3.629347,43.91633],[3.629288,43.916275],[3.629265,43.916301],[3.629244,43.916372],[3.629243,43.916377],[3.629231,43.916439],[3.629158,43.916474],[3.629076,43.916474],[3.62901,43.916468],[3.628971,43.916464],[3.628901,43.916495],[3.628833,43.916533],[3.628661,43.916547],[3.628575,43.916519],[3.628459,43.916442],[3.628372,43.916421],[3.628245,43.916401],[3.628086,43.916364],[3.627909,43.916408],[3.627683,43.916415],[3.627589,43.916417],[3.627437,43.916403],[3.627418,43.916408],[3.627323,43.91643],[3.627258,43.916484],[3.62725,43.916491],[3.627189,43.916512],[3.627094,43.916549],[3.627039,43.916566],[3.626945,43.916591],[3.626848,43.916604],[3.626738,43.916583],[3.626633,43.916577],[3.62651,43.916578],[3.626296,43.91657],[3.62622,43.916584],[3.626148,43.916584],[3.626053,43.916569],[3.625841,43.916539],[3.625759,43.916544],[3.62563,43.916557],[3.625527,43.91655],[3.625423,43.916538],[3.625353,43.916471],[3.625244,43.916507],[3.625187,43.91653],[3.624953,43.916617],[3.624901,43.91665],[3.624828,43.916678],[3.624803,43.916682],[3.624741,43.916689],[3.624671,43.916691],[3.624609,43.916678],[3.624565,43.916655],[3.624392,43.916666],[3.624314,43.916664],[3.624158,43.916645],[3.624017,43.916622],[3.623928,43.91669],[3.6236,43.91688],[3.623571,43.916882],[3.623371,43.916689],[3.623252,43.916574],[3.622436,43.915783],[3.621624,43.914995],[3.620718,43.914115],[3.617975,43.911454],[3.617511,43.910924],[3.615846,43.909019],[3.615756,43.908918],[3.615241,43.908327],[3.613848,43.906733],[3.613272,43.906074],[3.613103,43.90588],[3.612836,43.905574],[3.6128,43.905533],[3.612367,43.905209],[3.612488,43.904884],[3.612535,43.904569],[3.612576,43.90427],[3.612667,43.903803],[3.612663,43.903719],[3.612655,43.903381],[3.612569,43.903025],[3.61256,43.903],[3.612459,43.902749],[3.612218,43.902458],[3.611968,43.902306],[3.61167,43.902019],[3.611426,43.901859],[3.61125,43.901716],[3.611246,43.901704],[3.611072,43.901808],[3.610859,43.901917],[3.610615,43.902112],[3.610489,43.902208],[3.60835,43.902258],[3.60762,43.902276],[3.607362,43.902271],[3.607258,43.902137],[3.606895,43.901663],[3.605897,43.900368],[3.605868,43.90033],[3.604487,43.898535],[3.604242,43.898218],[3.604036,43.89795],[3.602931,43.896513],[3.602586,43.896064],[3.602367,43.895779],[3.602301,43.895694],[3.602073,43.895397],[3.602011,43.895317],[3.601929,43.895209],[3.601689,43.894858],[3.600584,43.89324],[3.599959,43.892425],[3.600036,43.892388],[3.600236,43.892314],[3.600435,43.892231],[3.600617,43.892158],[3.600801,43.892085],[3.60095,43.892017],[3.601122,43.891893],[3.601232,43.891796],[3.601317,43.891697],[3.60139,43.891589],[3.601442,43.891466],[3.601495,43.891364],[3.60161,43.891267],[3.601729,43.891188],[3.601864,43.891093],[3.601965,43.891008],[3.60199,43.890983],[3.602028,43.89094],[3.602062,43.890873],[3.60211,43.890794],[3.602252,43.890746],[3.602244,43.890738],[3.602115,43.890681],[3.601969,43.890619],[3.601781,43.89052],[3.601662,43.890435],[3.601567,43.890332],[3.601517,43.890189],[3.601502,43.890068],[3.601413,43.889948],[3.601277,43.889889],[3.601134,43.889842],[3.600976,43.889795],[3.6008,43.889692],[3.600644,43.889615],[3.60051,43.889544],[3.600368,43.889452],[3.60025,43.889335],[3.600151,43.889251],[3.600088,43.889151],[3.600091,43.889124],[3.600102,43.889034],[3.600179,43.888917],[3.600321,43.888829],[3.600536,43.888771],[3.600739,43.88875],[3.600921,43.888709],[3.601036,43.888629],[3.601008,43.888518],[3.600951,43.888419],[3.600864,43.888302],[3.600792,43.888193],[3.600697,43.888077],[3.600642,43.887978],[3.600632,43.887886],[3.600623,43.887818],[3.60058,43.887772],[3.600476,43.887721],[3.600301,43.887671],[3.600172,43.887596],[3.600057,43.887532],[3.599953,43.887463],[3.599876,43.887382],[3.599811,43.887283],[3.599746,43.887211],[3.599652,43.887114],[3.599545,43.886982],[3.599431,43.886882],[3.599274,43.886793],[3.599164,43.886702],[3.599104,43.886601],[3.598965,43.886472],[3.598757,43.886377],[3.598601,43.886314],[3.598563,43.886298],[3.598433,43.886233],[3.598252,43.886179],[3.597915,43.886066],[3.597724,43.886014],[3.597555,43.886011],[3.597384,43.885954],[3.59723,43.885893],[3.597098,43.885848],[3.597038,43.885829],[3.596902,43.885792],[3.596772,43.885776],[3.596676,43.885764],[3.596619,43.885765],[3.596486,43.885768],[3.596362,43.885778],[3.596164,43.88577],[3.596038,43.885738],[3.595875,43.885724],[3.59572,43.885695],[3.595474,43.885637],[3.595403,43.885608],[3.595312,43.88555],[3.595229,43.885483],[3.595165,43.885452],[3.595055,43.885412],[3.594914,43.8854],[3.594807,43.885402],[3.594632,43.885426],[3.594507,43.885459],[3.594345,43.885481],[3.594264,43.885488],[3.594032,43.885501],[3.593963,43.885487],[3.593827,43.885434],[3.59375,43.885387],[3.593633,43.88528],[3.593529,43.885088],[3.593487,43.885043],[3.593411,43.884977],[3.593278,43.88491],[3.593138,43.884811],[3.593073,43.884747],[3.592947,43.884669],[3.592569,43.884596],[3.592457,43.884567],[3.592218,43.884529],[3.592096,43.884487],[3.592051,43.88446],[3.59195,43.884414],[3.591898,43.884397],[3.591767,43.884373],[3.591501,43.884298],[3.591324,43.884242],[3.591264,43.884219],[3.591181,43.884172],[3.591134,43.884157],[3.591074,43.884123],[3.590988,43.884007],[3.590885,43.8839],[3.590825,43.883776],[3.590759,43.883668],[3.590605,43.883532],[3.590513,43.883461],[3.5904,43.883386],[3.59012,43.883261],[3.59007,43.883233],[3.589996,43.883177],[3.589897,43.883116],[3.589864,43.88305],[3.589856,43.882961],[3.589836,43.882882],[3.589807,43.882839],[3.589745,43.882786],[3.589706,43.882765],[3.58956,43.882729],[3.589453,43.882715],[3.589354,43.882695],[3.589254,43.882659],[3.589217,43.882634],[3.589166,43.882583],[3.589133,43.88253],[3.589108,43.882468],[3.589003,43.882321],[3.58897,43.882276],[3.588911,43.882207],[3.588826,43.882116],[3.588778,43.882042],[3.588771,43.881986],[3.588866,43.881373],[3.588862,43.881319],[3.588843,43.881263],[3.5888,43.88119],[3.588707,43.88113],[3.588599,43.88109],[3.588531,43.881073],[3.588362,43.881049],[3.588319,43.88105],[3.588282,43.881058],[3.58822,43.881081],[3.588042,43.881127],[3.587797,43.88114],[3.586953,43.881099],[3.58671,43.88107],[3.586631,43.881051],[3.586401,43.880965],[3.586339,43.880957],[3.586237,43.880953],[3.586106,43.880917],[3.585993,43.880858],[3.585867,43.88077],[3.585834,43.880736],[3.585787,43.880648],[3.585723,43.880501],[3.585699,43.880462],[3.585625,43.88037],[3.585534,43.880235],[3.585514,43.88021],[3.585359,43.880087],[3.585244,43.880018],[3.585217,43.879992],[3.585201,43.879951],[3.585207,43.879868],[3.585219,43.879826],[3.585241,43.879792],[3.585265,43.879768],[3.585332,43.879729],[3.585354,43.879706],[3.58537,43.879643],[3.585363,43.879546],[3.585338,43.879452],[3.585196,43.879231],[3.585122,43.879132],[3.585094,43.879078],[3.585074,43.879025],[3.585069,43.878858],[3.585063,43.878801],[3.585048,43.878748],[3.585019,43.878688],[3.584949,43.878596],[3.584915,43.878562],[3.584875,43.878537],[3.584822,43.878525],[3.584701,43.878522],[3.584532,43.87851],[3.58446,43.878502],[3.584389,43.878487],[3.584142,43.878368],[3.584015,43.878296],[3.583923,43.878229],[3.583712,43.878016],[3.58366,43.877988],[3.583113,43.877823],[3.582903,43.877728],[3.582804,43.877668],[3.582647,43.877591],[3.582604,43.877553],[3.582467,43.87739],[3.582371,43.877338],[3.582333,43.877297],[3.582272,43.877212],[3.582232,43.877124],[3.582227,43.876937],[3.582237,43.876817],[3.582264,43.876704],[3.582317,43.876554],[3.582329,43.876451],[3.582294,43.876355],[3.582241,43.876257],[3.582175,43.876155],[3.582136,43.876109],[3.582046,43.876046],[3.581999,43.876022],[3.58187,43.875976],[3.581759,43.875925],[3.581707,43.875897],[3.58167,43.875868],[3.581601,43.875802],[3.58157,43.875704],[3.581547,43.875678],[3.581435,43.875619],[3.581389,43.875586],[3.581348,43.875544],[3.581211,43.875322],[3.581096,43.875111],[3.581049,43.875046],[3.580959,43.87497],[3.580862,43.87489],[3.580832,43.874843],[3.580819,43.874788],[3.580827,43.874616],[3.580803,43.874482],[3.580657,43.874274],[3.580523,43.874183],[3.580322,43.874079],[3.580251,43.874023],[3.580154,43.873975],[3.580125,43.87397],[3.580011,43.873886],[3.579901,43.873784],[3.579846,43.873755],[3.579805,43.873723],[3.579783,43.873684],[3.579793,43.873602],[3.579783,43.873563],[3.579579,43.873392],[3.579474,43.873338],[3.579403,43.873254],[3.579217,43.873066],[3.579129,43.872999],[3.57911,43.872973],[3.579101,43.872955],[3.579071,43.872895],[3.579034,43.872822],[3.578998,43.872735],[3.578921,43.872595],[3.578786,43.872415],[3.578644,43.872036],[3.578386,43.871342],[3.578242,43.870949],[3.578082,43.870514],[3.577991,43.870269],[3.577677,43.869417],[3.57738,43.868611],[3.576678,43.86671],[3.574868,43.865497],[3.575544,43.864977],[3.575715,43.864846],[3.577351,43.863591],[3.577542,43.863465],[3.579833,43.861683],[3.580336,43.861295],[3.580688,43.861026],[3.582313,43.859777],[3.583089,43.859154],[3.583195,43.859055],[3.583212,43.859021],[3.58326,43.858924],[3.583306,43.85883],[3.583802,43.858822],[3.584226,43.858711],[3.584529,43.858632],[3.586365,43.858153],[3.586851,43.858027],[3.587807,43.857778],[3.588929,43.857485],[3.590957,43.856957],[3.591071,43.856926],[3.591493,43.856817],[3.591847,43.856724],[3.592655,43.856514],[3.594058,43.856149],[3.596619,43.855469],[3.599139,43.8546],[3.599534,43.853143],[3.599612,43.852853],[3.599622,43.852818],[3.599632,43.852775],[3.599677,43.852618],[3.600335,43.850178],[3.600534,43.849446],[3.598413,43.849128],[3.597838,43.849358],[3.597016,43.84924],[3.596672,43.849171],[3.59662,43.849148],[3.596113,43.848931],[3.595999,43.848892],[3.595414,43.848918],[3.594828,43.848897],[3.594191,43.848853],[3.594075,43.848846],[3.593407,43.848828],[3.592783,43.848846],[3.592732,43.849008],[3.592573,43.848883],[3.59152,43.849002],[3.591066,43.848746],[3.590472,43.848841],[3.589824,43.848839],[3.589594,43.848826],[3.589158,43.848802],[3.588491,43.848817],[3.588151,43.84884],[3.587254,43.848133],[3.586312,43.847526],[3.584657,43.847285],[3.584503,43.847359],[3.584209,43.847322],[3.583031,43.848011],[3.582676,43.847995],[3.582545,43.847884],[3.582323,43.847939],[3.581401,43.848168],[3.581077,43.848248],[3.580827,43.847952],[3.581055,43.847692],[3.581285,43.84743],[3.581283,43.847249],[3.581282,43.847162],[3.581278,43.846916],[3.581596,43.846468],[3.581668,43.845918],[3.581684,43.845797],[3.581706,43.845623],[3.581583,43.845524],[3.581349,43.845333],[3.580202,43.845304],[3.579878,43.845427],[3.579558,43.845374],[3.579772,43.845222],[3.579641,43.845116],[3.579807,43.845073],[3.580039,43.844905],[3.579887,43.844842],[3.580273,43.844696],[3.580231,43.844597],[3.579661,43.844756],[3.57956,43.844764],[3.579742,43.844505],[3.579328,43.844576],[3.579324,43.844434],[3.579102,43.844492],[3.578931,43.84442],[3.579161,43.844002],[3.57902,43.84398],[3.578938,43.843888],[3.579071,43.843761],[3.578863,43.843613],[3.57868,43.843681],[3.57847,43.843654],[3.578447,43.843665],[3.578381,43.843697],[3.578145,43.843793],[3.578101,43.843806],[3.577936,43.84387],[3.577848,43.843917],[3.577724,43.843972],[3.577546,43.844025],[3.577295,43.844085],[3.5769,43.844152],[3.576666,43.844167],[3.576601,43.84418],[3.576563,43.844182],[3.576422,43.84421],[3.576318,43.844237],[3.576084,43.844276],[3.57587,43.844326],[3.575646,43.844362],[3.575465,43.844427],[3.575259,43.844487],[3.575114,43.844554],[3.575005,43.844594],[3.574865,43.844662],[3.574558,43.844782],[3.574258,43.844884],[3.574132,43.844943],[3.573958,43.845002],[3.573769,43.845095],[3.57349,43.845195],[3.573325,43.845244],[3.573267,43.845274],[3.573228,43.84531],[3.573197,43.845357],[3.57309,43.84547],[3.573014,43.845521],[3.572958,43.845583],[3.572942,43.84562],[3.57289,43.845688],[3.572865,43.845711],[3.572802,43.845747],[3.572714,43.845781],[3.572637,43.845823],[3.572436,43.845946],[3.572225,43.846121],[3.572042,43.846238],[3.571913,43.846346],[3.571809,43.846399],[3.571762,43.846401],[3.571648,43.846446],[3.571568,43.846471],[3.571509,43.846475],[3.571418,43.8465],[3.571392,43.846517],[3.571366,43.846549],[3.571323,43.846577],[3.571301,43.846598],[3.571262,43.846655],[3.571235,43.846674],[3.571205,43.846684],[3.571119,43.84673],[3.571065,43.846712],[3.57094,43.846769],[3.570983,43.846903],[3.571036,43.847009],[3.571057,43.847085],[3.571062,43.847175],[3.571054,43.847274],[3.571029,43.847396],[3.570979,43.847561],[3.570884,43.847805],[3.57084,43.847859],[3.570804,43.84792],[3.570691,43.848159],[3.570681,43.848187],[3.570655,43.84841],[3.570637,43.848456],[3.570543,43.848541],[3.57049,43.848601],[3.570429,43.848709],[3.5704,43.848799],[3.570223,43.849153],[3.5702,43.849244],[3.570156,43.84933],[3.570115,43.849388],[3.570013,43.849486],[3.569997,43.849514],[3.570055,43.849591],[3.57009,43.849612],[3.570115,43.849638],[3.570066,43.849685],[3.57005,43.849712],[3.570038,43.84977],[3.570013,43.849823],[3.569971,43.849946],[3.569945,43.849989],[3.569908,43.850017],[3.569851,43.850045],[3.569744,43.850079],[3.569588,43.850097],[3.569487,43.85013],[3.569352,43.85016],[3.569322,43.850177],[3.569277,43.850227],[3.569241,43.850251],[3.569173,43.85034],[3.569072,43.850431],[3.568851,43.850593],[3.568747,43.850717],[3.568719,43.85078],[3.568686,43.850944],[3.568677,43.851105],[3.568663,43.851186],[3.568635,43.851248],[3.568597,43.851286],[3.568519,43.851342],[3.568438,43.851661],[3.568331,43.85195],[3.568306,43.852046],[3.5683,43.85214],[3.568248,43.852219],[3.568183,43.852282],[3.568269,43.852462],[3.568198,43.852524],[3.568188,43.852576],[3.568146,43.852619],[3.567986,43.852697],[3.567937,43.852719],[3.567774,43.852709],[3.567515,43.852727],[3.567321,43.852766],[3.567193,43.852823],[3.566897,43.852937],[3.566525,43.853134],[3.566025,43.85339],[3.565622,43.853501],[3.565272,43.853622],[3.564744,43.853557],[3.564456,43.853583],[3.564025,43.853658],[3.563804,43.853752],[3.563661,43.853901],[3.563319,43.854244],[3.563021,43.854478],[3.562546,43.854761],[3.562105,43.855044],[3.560872,43.85575],[3.560414,43.855975],[3.560272,43.856046],[3.55951,43.85632],[3.558921,43.856442],[3.558029,43.856603],[3.557732,43.856544],[3.557715,43.85654],[3.557383,43.856475],[3.556935,43.856325],[3.556166,43.856194],[3.555701,43.856153],[3.555573,43.856107],[3.555552,43.855946],[3.555466,43.855623],[3.555349,43.855358],[3.555327,43.855047],[3.555322,43.854769],[3.555298,43.854434],[3.555183,43.854169],[3.55498,43.853697],[3.554776,43.853121],[3.554577,43.852776],[3.554314,43.852362],[3.554118,43.852168],[3.554161,43.851982],[3.554237,43.851796],[3.554092,43.851705],[3.553962,43.851614],[3.553608,43.851513],[3.553404,43.851523],[3.553257,43.85153],[3.552938,43.851555],[3.552602,43.851559],[3.551671,43.851361],[3.550921,43.851392],[3.55025,43.851457],[3.549293,43.851537],[3.548656,43.851636],[3.548211,43.851768],[3.547942,43.851862],[3.547687,43.851924],[3.547243,43.852148],[3.546656,43.852294],[3.546313,43.852389],[3.545723,43.852401],[3.545318,43.852403],[3.544862,43.852348],[3.543906,43.852333],[3.54346,43.852396],[3.542984,43.852517],[3.54238,43.852732],[3.541347,43.853078],[3.541063,43.853221],[3.540798,43.853413],[3.540652,43.853467],[3.540413,43.85354],[3.539913,43.853547],[3.539249,43.853473],[3.538857,43.85344],[3.538659,43.853387],[3.538418,43.853314],[3.538207,43.853332],[3.538059,43.85341],[3.537939,43.85352],[3.537854,43.853673],[3.537833,43.853826],[3.537812,43.85423],[3.537784,43.854382],[3.537659,43.85451],[3.53745,43.854637],[3.537323,43.854682],[3.537143,43.8547],[3.537019,43.854724],[3.536896,43.854736],[3.536768,43.854726],[3.536495,43.854647],[3.536147,43.854607],[3.535665,43.85459],[3.535349,43.85462],[3.53502,43.854684],[3.53475,43.85484],[3.534304,43.855117],[3.533979,43.855377],[3.533712,43.855635],[3.533506,43.855871],[3.533309,43.85614],[3.533135,43.856453],[3.533027,43.856754],[3.532924,43.85694],[3.532718,43.857128],[3.53239,43.857251],[3.532291,43.857277],[3.532164,43.857281],[3.531922,43.857229],[3.531686,43.857127],[3.531455,43.856879],[3.531261,43.856571],[3.531166,43.8563],[3.531065,43.855816],[3.530906,43.855327],[3.530748,43.855045],[3.530563,43.854824],[3.5299,43.854384],[3.529449,43.854116],[3.52919,43.853945],[3.528963,43.85387],[3.528782,43.853856],[3.528646,43.853863],[3.528496,43.853919],[3.52837,43.853996],[3.528201,43.854123],[3.52806,43.854305],[3.52794,43.854634],[3.527856,43.854994],[3.527742,43.855344],[3.527517,43.855744],[3.527417,43.856061],[3.527303,43.856378],[3.527216,43.85652],[3.52709,43.856653],[3.526764,43.856901],[3.526475,43.857144],[3.526268,43.857353],[3.525779,43.85774],[3.525722,43.857855],[3.525694,43.858013],[3.525705,43.858182],[3.525778,43.858394],[3.525874,43.858736],[3.525977,43.858953],[3.52603,43.859024],[3.526545,43.859149],[3.526766,43.859283],[3.527019,43.85946],[3.527217,43.859589],[3.527386,43.859751],[3.527478,43.859892],[3.527527,43.860011],[3.527553,43.860179],[3.527565,43.860362],[3.52754,43.86049],[3.527511,43.860572],[3.527437,43.860722],[3.527252,43.860974],[3.526952,43.861314],[3.526594,43.861632],[3.526407,43.861784],[3.525291,43.86257],[3.525069,43.862713],[3.524939,43.862896],[3.524802,43.863444],[3.524731,43.863624],[3.52455,43.863934],[3.524429,43.864159],[3.524271,43.864308],[3.523955,43.864311],[3.523698,43.864285],[3.523344,43.864131],[3.522897,43.864007],[3.52248,43.863923],[3.520989,43.863645],[3.520373,43.863484],[3.519972,43.86343],[3.519727,43.863354],[3.519479,43.863253],[3.519233,43.863256],[3.519006,43.863312],[3.518767,43.863429],[3.518562,43.863574],[3.518492,43.863742],[3.518509,43.863903],[3.518498,43.864079],[3.518468,43.864254],[3.518366,43.864415],[3.518276,43.864649],[3.518335,43.864827],[3.518547,43.86501],[3.51889,43.865132],[3.519301,43.865174],[3.519761,43.865212],[3.520196,43.865265],[3.521197,43.865458],[3.521773,43.865617],[3.522254,43.866022],[3.522659,43.866439],[3.522888,43.866751],[3.523036,43.866976],[3.523222,43.867479],[3.523323,43.867794],[3.523376,43.868007],[3.523486,43.868603],[3.523474,43.868915],[3.523394,43.869201],[3.523347,43.869301],[3.52323,43.869541],[3.522976,43.869738],[3.52265,43.869963],[3.522269,43.870149],[3.521336,43.870452],[3.520608,43.870817],[3.520185,43.870932],[3.519911,43.871057],[3.51977,43.871186],[3.519789,43.871371],[3.51994,43.871545],[3.52017,43.871696],[3.520932,43.871992],[3.521146,43.87209],[3.522314,43.872692],[3.522629,43.872871],[3.52301,43.873185],[3.523127,43.873302],[3.523233,43.873454],[3.523221,43.873605],[3.523112,43.873784],[3.523043,43.87391],[3.522997,43.873996],[3.52294,43.874147],[3.522849,43.874255],[3.522684,43.874353],[3.522449,43.874474],[3.522243,43.874558],[3.522042,43.874656],[3.521925,43.874776],[3.521896,43.874929],[3.521927,43.875054],[3.522119,43.875263],[3.522623,43.875579],[3.523241,43.875848],[3.52374,43.87609],[3.52397,43.876262],[3.524073,43.876479],[3.524117,43.876596],[3.524164,43.876767],[3.524195,43.876874],[3.524212,43.877013],[3.524165,43.87709],[3.524122,43.877161],[3.523991,43.877248],[3.523691,43.877319],[3.52336,43.877376],[3.52302,43.87738],[3.522713,43.877416],[3.522356,43.877537],[3.521809,43.877835],[3.521597,43.878106],[3.521518,43.87836],[3.521586,43.878549],[3.521861,43.878736],[3.522225,43.878896],[3.523348,43.879456],[3.523583,43.879607],[3.523889,43.879836],[3.523964,43.879939],[3.524037,43.880081],[3.524062,43.880301],[3.524085,43.880626],[3.524088,43.880691],[3.524137,43.880844],[3.524179,43.881044],[3.524151,43.88113],[3.524074,43.881202],[3.523962,43.881275],[3.523809,43.881298],[3.522839,43.881223],[3.52269,43.881174],[3.52254,43.881069],[3.522369,43.880913],[3.522091,43.88083],[3.521794,43.880808],[3.521479,43.880861],[3.521239,43.880968],[3.52103,43.881141],[3.520852,43.88135],[3.520762,43.881567],[3.520638,43.88206],[3.520491,43.882848],[3.520466,43.88308],[3.520468,43.883219],[3.520485,43.883342],[3.520572,43.88344],[3.520752,43.88353],[3.52097,43.883572],[3.5213,43.883557],[3.521782,43.883481],[3.522003,43.883415],[3.52219,43.883366],[3.522441,43.883313],[3.522674,43.883297],[3.522892,43.883323],[3.52305,43.883371],[3.523195,43.883441],[3.523455,43.883638],[3.523551,43.883759],[3.523605,43.883927],[3.523616,43.884033],[3.523678,43.884375],[3.523738,43.8847],[3.523762,43.884872],[3.523744,43.884979],[3.523742,43.885111],[3.523702,43.885361],[3.523671,43.885494],[3.523618,43.885613],[3.523515,43.885722],[3.523434,43.885772],[3.523306,43.885802],[3.523129,43.885818],[3.522931,43.885813],[3.522752,43.885779],[3.522574,43.885731],[3.522359,43.88564],[3.522114,43.885546],[3.521966,43.885504],[3.521807,43.885439],[3.521492,43.885267],[3.521289,43.885194],[3.521096,43.88516],[3.520938,43.885197],[3.520801,43.88528],[3.520754,43.8854],[3.520737,43.885514],[3.520794,43.885678],[3.520935,43.885805],[3.521085,43.885911],[3.521271,43.886026],[3.521575,43.886173],[3.521839,43.886346],[3.522025,43.886483],[3.522185,43.886617],[3.522407,43.88683],[3.52253,43.887025],[3.522622,43.887124],[3.522763,43.887301],[3.522799,43.887364],[3.52283,43.887496],[3.522847,43.887804],[3.522859,43.887893],[3.522876,43.888],[3.522912,43.888114],[3.522929,43.888207],[3.522931,43.888292],[3.522932,43.888353],[3.522904,43.888426],[3.522823,43.888548],[3.522707,43.888668],[3.522516,43.888819],[3.522399,43.888863],[3.522258,43.888886],[3.522029,43.888881],[3.521866,43.888839],[3.521671,43.888735],[3.52147,43.888583],[3.52115,43.888368],[3.521018,43.88827],[3.520918,43.888156],[3.520755,43.887911],[3.520668,43.887805],[3.520532,43.887678],[3.520239,43.887535],[3.520094,43.887446],[3.519977,43.887366],[3.519818,43.887275],[3.519618,43.887198],[3.519352,43.887175],[3.519001,43.887175],[3.518675,43.8872],[3.518396,43.887279],[3.518225,43.887355],[3.518059,43.887457],[3.517907,43.887577],[3.517796,43.887678],[3.517689,43.887786],[3.517451,43.887988],[3.516998,43.888283],[3.516855,43.888352],[3.516502,43.888473],[3.516276,43.888544],[3.516115,43.888617],[3.515979,43.888703],[3.515876,43.888791],[3.515784,43.8889],[3.515714,43.889061],[3.515651,43.889386],[3.515659,43.8895],[3.515742,43.889743],[3.515949,43.88999],[3.51621,43.890203],[3.516697,43.890526],[3.516919,43.890635],[3.517065,43.890715],[3.517231,43.890793],[3.517424,43.890861],[3.517638,43.890981],[3.517735,43.891051],[3.517969,43.891191],[3.518033,43.891243],[3.518241,43.891456],[3.518478,43.89164],[3.518577,43.891728],[3.518652,43.891782],[3.518868,43.891958],[3.518987,43.892041],[3.519071,43.892142],[3.519062,43.892222],[3.519045,43.892286],[3.518957,43.892423],[3.518854,43.892496],[3.518606,43.892549],[3.518351,43.892561],[3.518113,43.892533],[3.51778,43.892395],[3.517145,43.892046],[3.516884,43.891943],[3.516552,43.891868],[3.516318,43.891807],[3.515953,43.891731],[3.515752,43.891708],[3.515667,43.891713],[3.515516,43.891756],[3.515393,43.891815],[3.515314,43.89186],[3.515229,43.891996],[3.515198,43.892154],[3.515298,43.892512],[3.515476,43.892877],[3.515626,43.893084],[3.515717,43.893484],[3.515697,43.893708],[3.515565,43.893995],[3.515378,43.894254],[3.515228,43.89445],[3.514579,43.894997],[3.514408,43.895174],[3.514132,43.895385],[3.513911,43.895526],[3.513366,43.895791],[3.51315,43.895914],[3.512835,43.89615],[3.512673,43.89622],[3.512528,43.896231],[3.51235,43.896173],[3.512255,43.896095],[3.512093,43.895611],[3.512092,43.895488],[3.512116,43.895237],[3.512104,43.895023],[3.512049,43.894846],[3.511851,43.894721],[3.511644,43.894789],[3.511624,43.894802],[3.511584,43.894829],[3.511089,43.895154],[3.510783,43.895297],[3.510529,43.895368],[3.510283,43.895379],[3.510121,43.895403],[3.51008,43.895409],[3.509471,43.895412],[3.509263,43.895399],[3.508856,43.895322],[3.508538,43.895231],[3.508354,43.895191],[3.50821,43.895241],[3.508077,43.895324],[3.507922,43.895452],[3.50766,43.895749],[3.507484,43.8959],[3.50734,43.896004],[3.507146,43.8961],[3.507034,43.896128],[3.506921,43.896165],[3.506824,43.896272],[3.506704,43.896339],[3.506564,43.896446],[3.506376,43.896604],[3.506073,43.896937],[3.505873,43.897128],[3.505526,43.89727],[3.505347,43.897304],[3.505214,43.897316],[3.505058,43.897309],[3.503887,43.897266],[3.503177,43.897207],[3.503022,43.897172],[3.502864,43.897113],[3.50266,43.89705],[3.502544,43.897046],[3.502506,43.897021],[3.502463,43.896959],[3.502432,43.896883],[3.50243,43.896838],[3.502821,43.896533],[3.502948,43.896441],[3.503147,43.896336],[3.503383,43.896225],[3.503635,43.896141],[3.503763,43.896108],[3.503814,43.896061],[3.503828,43.895943],[3.503745,43.895772],[3.503571,43.895587],[3.503359,43.895411],[3.503154,43.8952],[3.50301,43.895072],[3.502691,43.894815],[3.502461,43.894531],[3.502397,43.894496],[3.502303,43.894403],[3.502191,43.894332],[3.501879,43.894184],[3.501757,43.894101],[3.501693,43.894045],[3.501636,43.893936],[3.501598,43.893834],[3.501631,43.893665],[3.501727,43.893443],[3.501878,43.893261],[3.502039,43.89319],[3.5024,43.893107],[3.502549,43.893073],[3.502707,43.893006],[3.503093,43.892924],[3.503329,43.892891],[3.503454,43.892853],[3.503557,43.892808],[3.503688,43.892694],[3.503713,43.892631],[3.503716,43.892552],[3.503689,43.892456],[3.503644,43.892341],[3.50344,43.891938],[3.503269,43.891618],[3.503209,43.891526],[3.503126,43.891334],[3.503059,43.891221],[3.502993,43.891132],[3.502912,43.891057],[3.502893,43.891048],[3.502875,43.891039],[3.50286,43.891031],[3.502812,43.891008],[3.502629,43.890961],[3.502327,43.890928],[3.502154,43.890919],[3.501991,43.890928],[3.501744,43.890955],[3.501548,43.891007],[3.501372,43.891069],[3.501186,43.891171],[3.501092,43.89123],[3.500996,43.891316],[3.500957,43.891342],[3.500836,43.891478],[3.500704,43.891587],[3.500593,43.891667],[3.500446,43.891747],[3.500284,43.891816],[3.500122,43.891872],[3.499976,43.89193],[3.499892,43.891956],[3.499791,43.891976],[3.499682,43.891997],[3.499406,43.892078],[3.499109,43.892134],[3.498802,43.892165],[3.498422,43.892169],[3.498058,43.89214],[3.497799,43.892075],[3.497655,43.891998],[3.497604,43.891968],[3.49758,43.891946],[3.497403,43.891596],[3.497361,43.891474],[3.497339,43.89136],[3.497295,43.89124],[3.497291,43.890932],[3.497267,43.890726],[3.497293,43.890576],[3.497261,43.890483],[3.497276,43.890182],[3.497222,43.889933],[3.497219,43.88979],[3.497197,43.889675],[3.497145,43.889562],[3.496993,43.889349],[3.496921,43.889299],[3.496742,43.889195],[3.496602,43.889139],[3.496345,43.88907],[3.496068,43.889066],[3.49596,43.889073],[3.495842,43.889111],[3.495599,43.88932],[3.495485,43.889564],[3.495417,43.88968],[3.495278,43.890053],[3.495088,43.890455],[3.494934,43.890713],[3.494752,43.890965],[3.494694,43.891073],[3.494558,43.891139],[3.49443,43.891175],[3.494352,43.89122],[3.494283,43.891278],[3.494196,43.891307],[3.493938,43.891295],[3.493689,43.891234],[3.493432,43.891215],[3.492668,43.891051],[3.49242,43.891017],[3.492054,43.891007],[3.491878,43.891038],[3.491781,43.891111],[3.491684,43.891211],[3.491615,43.891307],[3.491512,43.891261],[3.491365,43.891192],[3.491285,43.891131],[3.491166,43.891019],[3.491096,43.890973],[3.491035,43.890915],[3.490947,43.890805],[3.4908,43.890782],[3.490753,43.890759],[3.490685,43.89074],[3.490542,43.890756],[3.49047,43.890755],[3.490341,43.890729],[3.490275,43.890723],[3.490237,43.890707],[3.490232,43.890682],[3.490212,43.890649],[3.490137,43.890617],[3.490099,43.890594],[3.489781,43.89052],[3.489544,43.89045],[3.489391,43.890428],[3.489347,43.89042],[3.489114,43.890377],[3.489006,43.890341],[3.488926,43.890303],[3.488666,43.890245],[3.488636,43.890225],[3.488553,43.890202],[3.488477,43.890196],[3.488244,43.890121],[3.487855,43.890048],[3.48779,43.890043],[3.487553,43.890035],[3.487441,43.89001],[3.487216,43.889986],[3.487122,43.889966],[3.487079,43.889944],[3.487011,43.889918],[3.486753,43.889871],[3.486644,43.889864],[3.486491,43.889834],[3.48645,43.889826],[3.486302,43.889791],[3.486128,43.889777],[3.485934,43.88974],[3.485756,43.889713],[3.485574,43.889659],[3.485396,43.88964],[3.48536,43.889637],[3.485334,43.889792],[3.485368,43.889863],[3.485474,43.889903],[3.485557,43.889963],[3.485632,43.890052],[3.485676,43.89012],[3.485696,43.89037],[3.485708,43.890441],[3.485646,43.890515],[3.48559,43.890607],[3.485524,43.890688],[3.48551,43.890792],[3.485468,43.890834],[3.485434,43.890868],[3.485324,43.890936],[3.484987,43.891014],[3.484859,43.891073],[3.484656,43.891178],[3.484582,43.891234],[3.484523,43.891301],[3.484439,43.891339],[3.484393,43.891342],[3.484359,43.891447],[3.484288,43.891531],[3.484273,43.891602],[3.484227,43.891619],[3.484173,43.891622],[3.484136,43.891712],[3.484097,43.891952],[3.484049,43.891981],[3.483975,43.891987],[3.48381,43.892019],[3.483781,43.892038],[3.483688,43.892059],[3.483654,43.89214],[3.4836,43.892262],[3.483548,43.892251],[3.483473,43.892271],[3.483409,43.892329],[3.483393,43.892358],[3.483127,43.892145],[3.482236,43.891321],[3.481575,43.890711],[3.480973,43.890154],[3.480876,43.890057],[3.480584,43.889765],[3.480312,43.889473],[3.480187,43.889209],[3.4799,43.888684],[3.479686,43.888211],[3.479601,43.887838],[3.479541,43.887706],[3.479504,43.887654],[3.479157,43.88719],[3.478441,43.886231],[3.477364,43.885304],[3.476698,43.88473],[3.476409,43.884482],[3.476033,43.884157],[3.475255,43.883487],[3.474283,43.882722],[3.474271,43.882712],[3.471556,43.880785],[3.471449,43.880658],[3.470726,43.879799],[3.469414,43.878707],[3.468102,43.877617],[3.466792,43.876526],[3.466853,43.876018],[3.465668,43.874581],[3.462315,43.871719],[3.460392,43.870817],[3.459301,43.870306],[3.458946,43.87014],[3.458469,43.869916],[3.45711,43.86928],[3.45658,43.869032],[3.456545,43.869015],[3.45393,43.86914],[3.45188,43.869237],[3.451313,43.869265],[3.450894,43.869285],[3.450037,43.869324],[3.449081,43.86937],[3.448695,43.869388],[3.448158,43.869414],[3.446078,43.869513],[3.445786,43.869395],[3.445083,43.869111],[3.444055,43.868696],[3.443972,43.868662],[3.444105,43.868012],[3.444123,43.867923],[3.444139,43.867862],[3.44412,43.867526],[3.444122,43.867451],[3.444091,43.867384],[3.444022,43.867323],[3.443807,43.86722],[3.443476,43.866998],[3.442179,43.866464],[3.440631,43.86575],[3.439987,43.865445],[3.439694,43.865315],[3.439556,43.865254],[3.438159,43.864558],[3.438059,43.86453],[3.437904,43.864436],[3.437826,43.864403],[3.43774,43.864394],[3.437668,43.864378],[3.437519,43.864277],[3.437418,43.86425],[3.437308,43.864236],[3.437106,43.864156],[3.437001,43.864092],[3.436891,43.864009],[3.436306,43.863628],[3.43609,43.863454],[3.435962,43.863381],[3.435684,43.863255],[3.435529,43.863167],[3.433037,43.862929],[3.431777,43.863038],[3.431577,43.863948],[3.431433,43.864598],[3.428865,43.866772],[3.4285,43.867163],[3.427444,43.868753],[3.427183,43.869161],[3.427073,43.869286],[3.426864,43.869429],[3.426695,43.869574],[3.426535,43.869673],[3.42636,43.869773],[3.426214,43.869831],[3.426048,43.869916],[3.425723,43.870188],[3.425351,43.87052],[3.425132,43.870688],[3.42481,43.871014],[3.424539,43.871235],[3.424123,43.871405],[3.423884,43.871511],[3.423655,43.871636],[3.42328,43.871866],[3.422091,43.87266],[3.422533,43.872819],[3.423172,43.873079],[3.423454,43.873185],[3.423583,43.873234],[3.424086,43.873257],[3.424266,43.873258],[3.424712,43.873226],[3.425059,43.873219],[3.4253,43.873216],[3.425362,43.873215],[3.425454,43.873212],[3.426047,43.873171],[3.426704,43.873136],[3.426979,43.873107],[3.427379,43.873037],[3.427872,43.872963],[3.427905,43.872959],[3.428143,43.872928],[3.428385,43.872911],[3.428625,43.872892],[3.428696,43.872892],[3.428865,43.872889],[3.429008,43.872884],[3.429067,43.872882],[3.429166,43.872882],[3.431056,43.872775],[3.431413,43.872753],[3.431445,43.872944],[3.431635,43.873816],[3.431687,43.874072],[3.4319,43.875265],[3.431935,43.875503],[3.432043,43.876664],[3.432325,43.878621],[3.432607,43.880577],[3.43535,43.885099],[3.435419,43.885151],[3.435478,43.885194],[3.435537,43.885236],[3.435582,43.88527],[3.435682,43.885319],[3.435743,43.885343],[3.43589,43.8854],[3.436043,43.885439],[3.436166,43.885477],[3.436275,43.885516],[3.436383,43.885585],[3.441877,43.887544],[3.434757,43.890042],[3.432152,43.893942],[3.432259,43.893902],[3.432377,43.893882],[3.432484,43.893883],[3.432595,43.89391],[3.432674,43.894003],[3.432757,43.894241],[3.432856,43.894484],[3.432984,43.894729],[3.433173,43.895021],[3.43344,43.895352],[3.433642,43.895564],[3.433739,43.895641],[3.433793,43.895671],[3.433842,43.895691],[3.433944,43.895712],[3.434197,43.895732],[3.434456,43.895739],[3.435129,43.89573],[3.435594,43.895712],[3.435697,43.895708],[3.435857,43.895711],[3.435923,43.895725],[3.436024,43.895755],[3.436191,43.895824],[3.436332,43.895859],[3.43659,43.895906],[3.436649,43.895921],[3.436731,43.895939],[3.436877,43.895964],[3.437157,43.896013],[3.437563,43.896061],[3.43794,43.896064],[3.438068,43.896043],[3.438315,43.896033],[3.438836,43.896052],[3.439049,43.896079],[3.439264,43.896123],[3.43949,43.896203],[3.439767,43.896353],[3.440012,43.896522],[3.440169,43.896694],[3.440177,43.896706],[3.440247,43.896818],[3.440262,43.896841],[3.440125,43.896923],[3.439965,43.89704],[3.439756,43.897232],[3.439664,43.897334],[3.439541,43.897487],[3.439346,43.897754],[3.439239,43.897902],[3.439164,43.898021],[3.438779,43.898483],[3.438646,43.898659],[3.438414,43.898944],[3.438171,43.899377],[3.438075,43.899521],[3.438002,43.899685],[3.437938,43.899854],[3.437903,43.900007],[3.437905,43.90011],[3.437956,43.900349],[3.438003,43.90048],[3.438025,43.900593],[3.438032,43.900762],[3.438028,43.900815],[3.437954,43.900971],[3.437895,43.901038],[3.43783,43.901098],[3.437749,43.901157],[3.437315,43.901313],[3.437282,43.901324],[3.436709,43.901512],[3.436223,43.901647],[3.43584,43.901765],[3.435213,43.901993],[3.434884,43.902116],[3.434526,43.902302],[3.434165,43.902565],[3.434052,43.902673],[3.433553,43.902957],[3.433449,43.903027],[3.433159,43.903261],[3.433083,43.903315],[3.433042,43.903349],[3.432971,43.903433],[3.432897,43.903537],[3.432859,43.903634],[3.432861,43.90367],[3.432905,43.903755],[3.432931,43.903832],[3.432987,43.903896],[3.433008,43.903934],[3.433017,43.904004],[3.432985,43.904122],[3.432918,43.904199],[3.432871,43.904237],[3.432808,43.904277],[3.432704,43.904324],[3.432524,43.90437],[3.432387,43.904375],[3.432311,43.904367],[3.432117,43.904319],[3.43195,43.904256],[3.431822,43.904239],[3.431592,43.904268],[3.431469,43.904315],[3.431382,43.904383],[3.431249,43.904506],[3.431141,43.90462],[3.430956,43.904842],[3.430879,43.904935],[3.430755,43.905116],[3.430694,43.905208],[3.430598,43.905326],[3.430543,43.905379],[3.430483,43.905431],[3.430284,43.905584],[3.430059,43.905727],[3.429784,43.905919],[3.429559,43.906087],[3.429313,43.906232],[3.429153,43.906358],[3.429012,43.906487],[3.428949,43.906542],[3.428886,43.906588],[3.428707,43.906691],[3.42864,43.906723],[3.428476,43.906766],[3.428333,43.906849],[3.428076,43.906969],[3.427926,43.907052],[3.42785,43.907089],[3.427763,43.90713],[3.427539,43.907231],[3.427459,43.907259],[3.427381,43.907278],[3.427311,43.907285],[3.427252,43.907285],[3.427203,43.90728],[3.427147,43.907274],[3.427088,43.907274],[3.426988,43.907275],[3.426943,43.907287],[3.426904,43.907301],[3.42687,43.907327],[3.426794,43.907413],[3.426745,43.907574],[3.426744,43.907655],[3.426758,43.907734],[3.426786,43.907812],[3.426938,43.908118],[3.427051,43.908365],[3.42709,43.908539],[3.4271,43.908766],[3.427091,43.908845],[3.427046,43.909064],[3.427034,43.909111],[3.427001,43.90919],[3.426921,43.909322],[3.426848,43.909393],[3.426813,43.909427],[3.426745,43.909481],[3.426672,43.909533],[3.426513,43.909622],[3.426237,43.909746],[3.426131,43.909787],[3.426011,43.909815],[3.425877,43.909843],[3.425604,43.909882],[3.425379,43.90994],[3.425248,43.909963],[3.42507,43.910014],[3.424807,43.910122],[3.424672,43.910205],[3.424604,43.910239],[3.424464,43.91029],[3.424334,43.910348],[3.424274,43.910397],[3.424222,43.910484],[3.424202,43.910537],[3.424195,43.910593],[3.424202,43.910662],[3.424236,43.910734],[3.424289,43.910801],[3.424435,43.911031],[3.424521,43.911203],[3.424544,43.911329],[3.424536,43.9115],[3.42453,43.911551],[3.424492,43.911645],[3.424454,43.911695],[3.424402,43.911735],[3.424337,43.911774],[3.424069,43.911914],[3.423998,43.911964],[3.423742,43.912178],[3.423712,43.912205],[3.423503,43.912391],[3.423408,43.912492],[3.423358,43.912538],[3.423332,43.912561],[3.423285,43.912605],[3.423248,43.912631],[3.423222,43.912652],[3.423164,43.91269],[3.423057,43.912747],[3.42299,43.912774],[3.422934,43.912792],[3.422865,43.912802],[3.422785,43.912801],[3.422618,43.912747],[3.422382,43.912563],[3.42221,43.912497],[3.422167,43.912484],[3.422008,43.912438],[3.421931,43.912424],[3.42186,43.91242],[3.42172,43.91242],[3.42154,43.91245],[3.421251,43.912552],[3.421183,43.912585],[3.420832,43.912773],[3.420704,43.912832],[3.42045,43.912983],[3.420292,43.91306],[3.420172,43.913128],[3.420134,43.913157],[3.419997,43.913259],[3.419556,43.913618],[3.419334,43.913812],[3.418912,43.914157],[3.418739,43.914319],[3.418724,43.914333],[3.418683,43.914366],[3.418639,43.9144],[3.418572,43.914453],[3.418541,43.914471],[3.418486,43.914501],[3.418458,43.914517],[3.418381,43.914552],[3.418275,43.914588],[3.418222,43.914599],[3.418161,43.914602],[3.41806,43.914603],[3.418018,43.914593],[3.417963,43.914564],[3.417761,43.914332],[3.417571,43.914145],[3.417537,43.914103],[3.417496,43.914014],[3.417382,43.913837],[3.417345,43.913787],[3.417243,43.913681],[3.417064,43.913585],[3.416822,43.913485],[3.416747,43.913473],[3.416683,43.913473],[3.416553,43.913485],[3.416405,43.913513],[3.416358,43.913523],[3.416327,43.913532],[3.416211,43.913569],[3.41608,43.913634],[3.416059,43.913645],[3.415811,43.913791],[3.415785,43.913807],[3.415535,43.913975],[3.415428,43.914061],[3.415369,43.9141],[3.415328,43.914137],[3.415217,43.914323],[3.415189,43.914434],[3.415171,43.914496],[3.415148,43.914554],[3.415123,43.914605],[3.415084,43.914642],[3.415008,43.914665],[3.414947,43.914681],[3.41485,43.9147],[3.414782,43.914706],[3.414711,43.914707],[3.414608,43.914713],[3.414492,43.914713],[3.414294,43.914714],[3.414207,43.914712],[3.414103,43.914708],[3.414005,43.914694],[3.41391,43.914671],[3.413834,43.914653],[3.413753,43.91463],[3.413476,43.914543],[3.413376,43.914509],[3.413289,43.914478],[3.413196,43.914441],[3.413088,43.914411],[3.412988,43.914389],[3.412881,43.914374],[3.412774,43.914361],[3.412671,43.914335],[3.412593,43.914313],[3.412518,43.914292],[3.412461,43.914267],[3.412389,43.914228],[3.41232,43.91417],[3.41228,43.914123],[3.412256,43.914079],[3.412188,43.913925],[3.412172,43.913853],[3.41217,43.913791],[3.412161,43.913521],[3.412145,43.913456],[3.412088,43.913378],[3.41205,43.913338],[3.411932,43.913253],[3.41186,43.913219],[3.411682,43.913146],[3.411541,43.913113],[3.411502,43.913103],[3.41144,43.913092],[3.411327,43.913074],[3.411214,43.913065],[3.411024,43.913089],[3.411005,43.913092],[3.41081,43.913123],[3.410636,43.913188],[3.410481,43.91327],[3.410434,43.913305],[3.410369,43.913365],[3.410317,43.913427],[3.410031,43.913827],[3.410003,43.913897],[3.409971,43.914016],[3.409814,43.914305],[3.409799,43.914332],[3.409754,43.914434],[3.409671,43.914622],[3.409661,43.914642],[3.409655,43.914671],[3.409626,43.914785],[3.409641,43.914978],[3.409613,43.915034],[3.409576,43.915074],[3.40952,43.915119],[3.409381,43.915204],[3.409242,43.915255],[3.409075,43.915292],[3.409017,43.915297],[3.408957,43.915293],[3.408899,43.915276],[3.40885,43.915252],[3.408787,43.915178],[3.408721,43.915026],[3.408695,43.914903],[3.40869,43.914835],[3.408693,43.914602],[3.408706,43.914462],[3.408709,43.914314],[3.408702,43.914256],[3.408667,43.914203],[3.408529,43.914051],[3.408321,43.913856],[3.408247,43.913752],[3.408107,43.913624],[3.40801,43.913554],[3.407952,43.913536],[3.407888,43.913527],[3.407788,43.913529],[3.407685,43.91356],[3.407645,43.913578],[3.407489,43.913644],[3.407392,43.913704],[3.407002,43.914051],[3.406888,43.914165],[3.406794,43.914282],[3.406745,43.914316],[3.406693,43.914346],[3.406518,43.914405],[3.406365,43.914524],[3.406238,43.914589],[3.406017,43.91466],[3.405859,43.914695],[3.405541,43.914727],[3.405286,43.914743],[3.404771,43.914788],[3.404242,43.914817],[3.403835,43.91486],[3.403624,43.914897],[3.403379,43.914974],[3.403309,43.914983],[3.403241,43.914978],[3.403154,43.914938],[3.403111,43.914906],[3.403035,43.914833],[3.402976,43.914702],[3.402965,43.914589],[3.402921,43.914458],[3.402855,43.914366],[3.402715,43.914205],[3.402624,43.91403],[3.402588,43.913985],[3.402532,43.91395],[3.40244,43.913909],[3.402334,43.913895],[3.402225,43.913895],[3.401952,43.913949],[3.401771,43.914009],[3.401746,43.91402],[3.401641,43.914065],[3.401534,43.914132],[3.401451,43.914201],[3.401419,43.914238],[3.401401,43.914273],[3.401393,43.914299],[3.401378,43.914349],[3.401371,43.914372],[3.401327,43.914617],[3.401306,43.914656],[3.401208,43.914733],[3.40111,43.91476],[3.401057,43.914769],[3.400981,43.914769],[3.4008,43.914752],[3.400767,43.91475],[3.400733,43.914742],[3.400702,43.914734],[3.400661,43.914725],[3.400611,43.914708],[3.400511,43.91466],[3.400109,43.914516],[3.399828,43.914432],[3.399589,43.914373],[3.399486,43.914335],[3.399396,43.914292],[3.399169,43.914215],[3.399056,43.914169],[3.398869,43.914117],[3.3983,43.913995],[3.398123,43.913946],[3.397973,43.913889],[3.397883,43.913837],[3.397791,43.913715],[3.397751,43.913637],[3.397741,43.913574],[3.397739,43.913541],[3.397816,43.91327],[3.397826,43.913191],[3.397826,43.913103],[3.397803,43.913016],[3.397758,43.912898],[3.397697,43.912796],[3.397544,43.91246],[3.397513,43.912346],[3.397464,43.912231],[3.397404,43.912005],[3.397254,43.911655],[3.39722,43.91154],[3.397164,43.911431],[3.397096,43.911331],[3.396912,43.911176],[3.396753,43.910985],[3.396694,43.910866],[3.396663,43.910732],[3.396668,43.910618],[3.396707,43.91051],[3.396827,43.910326],[3.396857,43.910243],[3.396836,43.910163],[3.396766,43.910068],[3.396755,43.910057],[3.39666,43.909954],[3.396527,43.909873],[3.396274,43.909736],[3.39614,43.909681],[3.395997,43.909659],[3.395652,43.909624],[3.395507,43.909596],[3.395392,43.909537],[3.395204,43.909323],[3.395038,43.909093],[3.394974,43.909044],[3.394903,43.909057],[3.39483,43.909095],[3.394715,43.909237],[3.394691,43.909354],[3.394687,43.909472],[3.394645,43.90957],[3.394509,43.909793],[3.394415,43.90991],[3.394306,43.910027],[3.394173,43.910139],[3.394056,43.910231],[3.39403,43.910252],[3.393701,43.910509],[3.393455,43.910658],[3.393374,43.910687],[3.393298,43.910701],[3.393201,43.910704],[3.393105,43.910695],[3.393019,43.910667],[3.392937,43.910625],[3.392834,43.910559],[3.39275,43.910479],[3.392546,43.910314],[3.392445,43.910213],[3.392339,43.910132],[3.39223,43.91003],[3.392091,43.909919],[3.391946,43.909817],[3.391811,43.909706],[3.391697,43.90959],[3.391601,43.909468],[3.391482,43.909363],[3.391042,43.909119],[3.390864,43.909051],[3.390705,43.909005],[3.390516,43.90897],[3.390349,43.908946],[3.390164,43.908938],[3.389828,43.908953],[3.389586,43.908978],[3.389499,43.909003],[3.389434,43.90905],[3.38942,43.909095],[3.389427,43.909172],[3.38947,43.909252],[3.389535,43.909346],[3.389697,43.909539],[3.389842,43.909748],[3.389923,43.909953],[3.38999,43.910026],[3.390078,43.910088],[3.390184,43.910129],[3.390304,43.910151],[3.390581,43.910169],[3.390773,43.910168],[3.390796,43.910168],[3.39116,43.910141],[3.391234,43.910166],[3.391264,43.910236],[3.391261,43.910315],[3.391227,43.910397],[3.391102,43.910601],[3.39103,43.910709],[3.390865,43.910913],[3.390748,43.911016],[3.390609,43.9111],[3.39046,43.911153],[3.390291,43.911191],[3.390117,43.911205],[3.389934,43.911206],[3.389778,43.911196],[3.38922,43.911139],[3.388897,43.911082],[3.388748,43.911111],[3.388604,43.911177],[3.388484,43.911259],[3.388381,43.911347],[3.388131,43.911512],[3.388054,43.911548],[3.387994,43.911549],[3.387933,43.91153],[3.387861,43.911487],[3.387802,43.911429],[3.387755,43.911365],[3.387712,43.911286],[3.387687,43.911209],[3.387683,43.911168],[3.387678,43.911123],[3.387675,43.910988],[3.387654,43.910926],[3.387597,43.91087],[3.387522,43.910832],[3.387423,43.910809],[3.387307,43.910802],[3.387186,43.910807],[3.387056,43.910825],[3.386934,43.910849],[3.38652,43.910951],[3.386378,43.910965],[3.386263,43.910954],[3.386123,43.910916],[3.386006,43.910866],[3.385662,43.910682],[3.38528,43.910538],[3.385023,43.910435],[3.384882,43.910394],[3.384745,43.910368],[3.38464,43.91037],[3.384511,43.910386],[3.384276,43.910436],[3.384163,43.91045],[3.383817,43.910474],[3.383739,43.910455],[3.383609,43.910365],[3.383536,43.910346],[3.38344,43.910334],[3.383328,43.910331],[3.383219,43.910334],[3.38311,43.910355],[3.383004,43.910404],[3.382929,43.910482],[3.382863,43.910582],[3.38281,43.910704],[3.382747,43.910815],[3.382673,43.910921],[3.382615,43.91104],[3.382459,43.911304],[3.382156,43.911712],[3.382079,43.911856],[3.382002,43.911986],[3.381908,43.912095],[3.38181,43.912175],[3.381696,43.912234],[3.381587,43.912258],[3.381461,43.912263],[3.381412,43.912257],[3.381334,43.912249],[3.381073,43.912203],[3.38082,43.91217],[3.380755,43.912122],[3.380749,43.91211],[3.380729,43.912062],[3.380722,43.911985],[3.380729,43.911882],[3.380761,43.911796],[3.3808,43.911684],[3.380803,43.911634],[3.380791,43.911573],[3.380759,43.911492],[3.380649,43.911321],[3.380568,43.911239],[3.380463,43.911158],[3.380026,43.910872],[3.379923,43.910826],[3.37981,43.910804],[3.379726,43.910803],[3.379646,43.910811],[3.379573,43.91083],[3.379505,43.910861],[3.379425,43.910912],[3.379321,43.911016],[3.379288,43.911118],[3.379254,43.911161],[3.379215,43.911273],[3.379189,43.911402],[3.379204,43.911504],[3.379255,43.911654],[3.379246,43.911737],[3.379216,43.911792],[3.378873,43.912128],[3.378799,43.912144],[3.378494,43.912144],[3.378308,43.91207],[3.378194,43.912035],[3.378079,43.912016],[3.37796,43.912006],[3.37785,43.912004],[3.37773,43.912024],[3.377634,43.91206],[3.37755,43.912121],[3.377464,43.912204],[3.377403,43.912275],[3.377333,43.912429],[3.377258,43.912499],[3.377158,43.912574],[3.377091,43.912664],[3.377051,43.912758],[3.377024,43.912854],[3.376984,43.912933],[3.376902,43.913015],[3.37681,43.913055],[3.376702,43.913072],[3.376585,43.913072],[3.376469,43.913049],[3.376346,43.913004],[3.376129,43.912879],[3.376018,43.912825],[3.375741,43.912726],[3.375609,43.912706],[3.375457,43.912705],[3.37536,43.912733],[3.37526,43.912779],[3.375236,43.912801],[3.375184,43.912854],[3.37513,43.912943],[3.375106,43.913039],[3.375108,43.913127],[3.375137,43.913207],[3.37519,43.91328],[3.375263,43.91334],[3.375325,43.913364],[3.375393,43.913393],[3.375776,43.9135],[3.37589,43.913547],[3.37596,43.913605],[3.376019,43.91368],[3.376053,43.913761],[3.376056,43.913826],[3.376048,43.913886],[3.375998,43.913937],[3.375884,43.913973],[3.375258,43.914079],[3.375093,43.914111],[3.374938,43.914153],[3.37478,43.91421],[3.374337,43.914414],[3.374198,43.914447],[3.374052,43.914455],[3.373911,43.914447],[3.373762,43.914425],[3.373487,43.914368],[3.373352,43.914349],[3.373215,43.914341],[3.373072,43.914346],[3.372937,43.914371],[3.37282,43.914413],[3.372694,43.914479],[3.372563,43.914572],[3.37241,43.914706],[3.372356,43.914784],[3.372319,43.914862],[3.372309,43.914945],[3.37235,43.915137],[3.372413,43.915352],[3.372445,43.915438],[3.372488,43.915533],[3.372541,43.91562],[3.372659,43.915769],[3.372687,43.915854],[3.372684,43.915969],[3.372659,43.916111],[3.372633,43.916193],[3.372598,43.916258],[3.372539,43.916307],[3.372297,43.916396],[3.372157,43.916451],[3.37203,43.916512],[3.371905,43.916598],[3.371697,43.916765],[3.371588,43.916831],[3.371441,43.916886],[3.371168,43.916985],[3.370887,43.917056],[3.370606,43.917116],[3.370218,43.91724],[3.370103,43.917262],[3.369988,43.917264],[3.369888,43.917244],[3.369596,43.917144],[3.369347,43.917025],[3.369081,43.916912],[3.368935,43.916856],[3.368774,43.916802],[3.368431,43.916719],[3.368124,43.916638],[3.368002,43.916616],[3.367901,43.91665],[3.367732,43.916813],[3.367645,43.916883],[3.367532,43.916929],[3.367404,43.916957],[3.36728,43.916965],[3.367138,43.916962],[3.367002,43.91695],[3.366899,43.916913],[3.366826,43.916856],[3.36681,43.916794],[3.366815,43.91672],[3.366889,43.916447],[3.367061,43.915763],[3.366961,43.915126],[3.366877,43.914525],[3.366923,43.914177],[3.367106,43.914061],[3.367463,43.914069],[3.367582,43.914073],[3.368829,43.914136],[3.369003,43.913961],[3.368987,43.913834],[3.368536,43.913581],[3.367767,43.913434],[3.367206,43.913458],[3.366241,43.91279],[3.365566,43.912375],[3.364957,43.912354],[3.364638,43.912471],[3.364349,43.912496],[3.364028,43.912381],[3.363658,43.91215],[3.362837,43.911458],[3.362304,43.910869],[3.362334,43.910371],[3.361819,43.910095],[3.360875,43.91026],[3.360173,43.91061],[3.359936,43.911074],[3.359529,43.911578],[3.359419,43.911604],[3.359257,43.911612],[3.359079,43.911616],[3.358892,43.911606],[3.358721,43.911577],[3.358437,43.911494],[3.358317,43.911483],[3.358204,43.911505],[3.35789,43.911595],[3.357734,43.911647],[3.357574,43.911711],[3.357264,43.911862],[3.357152,43.911926],[3.357077,43.911978],[3.357046,43.912035],[3.357048,43.912091],[3.357095,43.912158],[3.357182,43.912221],[3.357338,43.912382],[3.357426,43.912428],[3.357689,43.912539],[3.357939,43.912631],[3.358027,43.912692],[3.358113,43.912778],[3.358165,43.912873],[3.3582,43.912981],[3.358223,43.91308],[3.35823,43.913316],[3.358251,43.913455],[3.358252,43.91356],[3.358225,43.913673],[3.358218,43.913724],[3.358211,43.913773],[3.358253,43.913881],[3.358314,43.913958],[3.358397,43.91401],[3.35859,43.914061],[3.358644,43.914123],[3.358664,43.914197],[3.358668,43.914273],[3.358649,43.914337],[3.358587,43.91439],[3.358495,43.914443],[3.35841,43.914474],[3.358343,43.91453],[3.358194,43.91457],[3.358095,43.914567],[3.357952,43.914532],[3.357668,43.914417],[3.357551,43.914383],[3.357448,43.914347],[3.357327,43.914305],[3.357265,43.914279],[3.35705,43.914191],[3.356734,43.914032],[3.35665,43.914],[3.356537,43.913977],[3.356321,43.913981],[3.356199,43.913997],[3.35608,43.914031],[3.355987,43.914082],[3.355918,43.914147],[3.355879,43.914218],[3.355866,43.914295],[3.355868,43.914375],[3.355891,43.914457],[3.355944,43.914532],[3.356007,43.914575],[3.356105,43.914613],[3.356283,43.914666],[3.356337,43.914704],[3.356348,43.914751],[3.356328,43.9148],[3.356279,43.914867],[3.35622,43.914925],[3.356052,43.915078],[3.355689,43.915381],[3.355628,43.915454],[3.355561,43.915615],[3.355535,43.915702],[3.355471,43.915871],[3.355458,43.915939],[3.355469,43.916011],[3.355593,43.916224],[3.355719,43.916398],[3.35586,43.916509],[3.355937,43.916582],[3.356058,43.916725],[3.356227,43.916979],[3.356288,43.917087],[3.35634,43.917195],[3.356463,43.917395],[3.356532,43.917493],[3.356704,43.917701],[3.356797,43.91778],[3.356921,43.917862],[3.357027,43.917916],[3.357098,43.91799],[3.35711,43.918058],[3.357097,43.918145],[3.357052,43.918198],[3.356977,43.918258],[3.356807,43.918354],[3.356689,43.918436],[3.356506,43.918605],[3.35641,43.918684],[3.356188,43.918824],[3.355961,43.918929],[3.355862,43.918967],[3.355766,43.91902],[3.35572,43.919068],[3.355705,43.919219],[3.355728,43.919401],[3.355747,43.919492],[3.35579,43.919584],[3.355845,43.91966],[3.355926,43.919745],[3.355993,43.919802],[3.356074,43.91986],[3.356244,43.919946],[3.356313,43.919991],[3.356668,43.920051],[3.357137,43.920155],[3.357308,43.920292],[3.357356,43.920446],[3.357284,43.920607],[3.357146,43.920693],[3.356963,43.920807],[3.356744,43.92091],[3.356532,43.920971],[3.356223,43.921054],[3.355936,43.921131],[3.355599,43.921224],[3.355374,43.921355],[3.355081,43.921512],[3.354872,43.921727],[3.354571,43.921874],[3.354389,43.922025],[3.35406,43.922102],[3.353538,43.922225],[3.353169,43.922287],[3.352898,43.922348],[3.352812,43.922424],[3.352754,43.922525],[3.352815,43.922642],[3.352928,43.922747],[3.353224,43.922814],[3.353461,43.922866],[3.353995,43.923116],[3.354213,43.923348],[3.354217,43.923525],[3.354207,43.92377],[3.354212,43.924036],[3.35447,43.924465],[3.354339,43.925037],[3.354156,43.925129],[3.353952,43.925233],[3.353561,43.925551],[3.353459,43.925658],[3.353352,43.92584],[3.353288,43.926006],[3.353211,43.926204],[3.353163,43.926412],[3.353095,43.926691],[3.353008,43.926824],[3.353005,43.927037],[3.352927,43.92723],[3.352855,43.927359],[3.352642,43.927452],[3.352364,43.927529],[3.352188,43.927567],[3.351997,43.927617],[3.351897,43.927767],[3.35184,43.927928],[3.351815,43.928173],[3.351819,43.928387],[3.351734,43.9286],[3.351679,43.928819],[3.351676,43.929081],[3.351748,43.929406],[3.351875,43.9295],[3.352033,43.929573],[3.352202,43.929626],[3.352453,43.929654],[3.352609,43.929664],[3.352964,43.929719],[3.353208,43.929802],[3.353455,43.929949],[3.353746,43.930128],[3.353977,43.930296],[3.354002,43.930445],[3.353959,43.930558],[3.353801,43.930725],[3.353619,43.930891],[3.35346,43.931052],[3.353263,43.931198],[3.353036,43.931259],[3.352799,43.931277],[3.352511,43.931264],[3.352282,43.931251],[3.352083,43.931231],[3.351913,43.931179],[3.351729,43.931191],[3.35156,43.931225],[3.351392,43.931339],[3.351064,43.93157],[3.350868,43.931717],[3.350702,43.931899],[3.350565,43.932118],[3.350451,43.932328],[3.350404,43.93259],[3.350443,43.932754],[3.35049,43.932887],[3.350516,43.933047],[3.350607,43.933195],[3.350624,43.933303],[3.350633,43.933435],[3.350629,43.933579],[3.350579,43.933723],[3.350545,43.933884],[3.350481,43.933996],[3.350454,43.934103],[3.350456,43.934253],[3.350524,43.934332],[3.350767,43.934361],[3.350952,43.934328],[3.351438,43.93424],[3.35163,43.934217],[3.351796,43.934234],[3.351937,43.934288],[3.352011,43.934356],[3.352051,43.934415],[3.352236,43.934837],[3.352544,43.935301],[3.352597,43.935402],[3.352668,43.935643],[3.352679,43.9358],[3.352648,43.935977],[3.352591,43.936033],[3.351994,43.936684],[3.351824,43.936887],[3.351604,43.937191],[3.351438,43.937587],[3.351322,43.937792],[3.351132,43.938223],[3.351113,43.938346],[3.351138,43.938453],[3.351197,43.938574],[3.351295,43.938722],[3.351425,43.938865],[3.351655,43.939081],[3.35196,43.93933],[3.352232,43.939526],[3.352351,43.939573],[3.352522,43.93962],[3.352686,43.939756],[3.352924,43.940129],[3.353175,43.940424],[3.353299,43.940652],[3.353334,43.940682],[3.353475,43.94075],[3.353636,43.940889],[3.353783,43.941058],[3.353908,43.941241],[3.354035,43.94153],[3.354117,43.941769],[3.354184,43.942102],[3.354169,43.942588],[3.354192,43.942732],[3.354141,43.943024],[3.354139,43.943122],[3.354345,43.943554],[3.354521,43.943826],[3.354543,43.943907],[3.354532,43.944154],[3.354546,43.944198],[3.354593,43.94428],[3.354804,43.944468],[3.355031,43.944704],[3.355082,43.944793],[3.35517,43.945019],[3.355613,43.945809],[3.355671,43.945888],[3.355806,43.946014],[3.355848,43.946078],[3.355869,43.946139],[3.355863,43.946167],[3.355803,43.946257],[3.35571,43.946346],[3.355706,43.946369],[3.355716,43.946382],[3.35589,43.946588],[3.355926,43.946883],[3.355927,43.947067],[3.355958,43.947135],[3.356071,43.947236],[3.356262,43.947377],[3.356676,43.947612],[3.356797,43.947735],[3.356825,43.947831],[3.356817,43.947923],[3.356784,43.947994],[3.356617,43.948206],[3.356547,43.948373],[3.356535,43.948565],[3.356537,43.948688],[3.356586,43.948822],[3.356745,43.948978],[3.356872,43.949124],[3.356982,43.949235],[3.357171,43.949334],[3.35747,43.9495],[3.35761,43.949555],[3.357846,43.949654],[3.358002,43.949708],[3.358143,43.949741],[3.358315,43.949806],[3.358441,43.949873],[3.358566,43.949928],[3.358693,43.950017],[3.358788,43.950128],[3.358867,43.950273],[3.358917,43.950419],[3.358935,43.950565],[3.358937,43.950711],[3.358939,43.950801],[3.358941,43.950925],[3.358943,43.950981],[3.358976,43.951138],[3.361566,43.951342],[3.362034,43.951599],[3.362375,43.951813],[3.362464,43.951861],[3.36255,43.951891],[3.362655,43.95191],[3.365268,43.952282],[3.366524,43.952681],[3.367223,43.952903],[3.368889,43.953532],[3.370554,43.95416],[3.372221,43.954789],[3.374256,43.9555],[3.375648,43.955947],[3.376678,43.958601],[3.376926,43.959397],[3.377018,43.960205],[3.376876,43.96097],[3.376713,43.963097],[3.376917,43.964458],[3.377205,43.966959],[3.377273,43.967283],[3.377356,43.967507],[3.378156,43.967548],[3.379215,43.967592],[3.380978,43.96756],[3.382741,43.967529],[3.384504,43.967497],[3.386082,43.967347],[3.387661,43.967196],[3.389239,43.967047],[3.389987,43.967085],[3.392167,43.967243],[3.395286,43.9676],[3.395955,43.967699],[3.398923,43.967843],[3.399261,43.967918],[3.400336,43.968151],[3.401935,43.96882],[3.402019,43.968853],[3.404083,43.969653],[3.40586,43.969741],[3.405861,43.969764],[3.405863,43.969871],[3.405861,43.969953],[3.40583,43.97007],[3.405805,43.970155],[3.405744,43.970248],[3.405727,43.970296],[3.405731,43.970357],[3.405743,43.970433],[3.405744,43.970488],[3.405746,43.97054],[3.405732,43.970588],[3.40571,43.970655],[3.405685,43.970725],[3.405658,43.970777],[3.40562,43.970851],[3.405585,43.970921],[3.405535,43.971007],[3.405476,43.9711],[3.40543,43.971173],[3.405323,43.971339],[3.405296,43.971416],[3.405234,43.971589],[3.405187,43.971728],[3.405198,43.971816],[3.405207,43.971865],[3.405239,43.971972],[3.4053,43.972107],[3.405363,43.972227],[3.405467,43.97238],[3.405593,43.972561],[3.405641,43.972633],[3.405728,43.972721],[3.405872,43.972853],[3.405965,43.972942],[3.406071,43.973043],[3.406221,43.97318],[3.40641,43.973328],[3.406535,43.97343],[3.406642,43.973499],[3.406812,43.973601],[3.406917,43.973656],[3.406996,43.973709],[3.40704,43.973749],[3.407091,43.973802],[3.407178,43.973909],[3.407282,43.974025],[3.407437,43.9742],[3.407517,43.974296],[3.407589,43.974355],[3.407749,43.974529],[3.407937,43.974767],[3.408094,43.974989],[3.40818,43.975148],[3.408253,43.975264],[3.408296,43.975354],[3.408333,43.975455],[3.408357,43.975541],[3.408382,43.975615],[3.408393,43.975638],[3.408408,43.97567],[3.408419,43.975725],[3.408407,43.975812],[3.408399,43.97589],[3.40839,43.975965],[3.408383,43.976054],[3.408384,43.976126],[3.408385,43.976225],[3.408382,43.976331],[3.40837,43.976456],[3.40836,43.976562],[3.408344,43.976659],[3.408322,43.976751],[3.40828,43.976866],[3.408258,43.976951],[3.408242,43.977013],[3.409091,43.977746],[3.410194,43.978582],[3.410555,43.979751],[3.410881,43.980941],[3.410979,43.9813],[3.411176,43.98202],[3.411213,43.982048],[3.411284,43.982128],[3.411324,43.98218],[3.411379,43.982258],[3.411432,43.982321],[3.411481,43.982384],[3.411528,43.982431],[3.411572,43.982468],[3.411681,43.982561],[3.411755,43.982615],[3.411831,43.982666],[3.411882,43.982698],[3.411955,43.982735],[3.412055,43.98279],[3.412104,43.982825],[3.412165,43.98287],[3.412239,43.982914],[3.412353,43.982976],[3.412469,43.983036],[3.412546,43.983069],[3.412607,43.983094],[3.412659,43.983112],[3.412722,43.98313],[3.412779,43.983138],[3.41285,43.983146],[3.412917,43.983152],[3.413001,43.983166],[3.413182,43.983215],[3.413259,43.983234],[3.413341,43.98326],[3.413419,43.983306],[3.413481,43.98335],[3.413559,43.983393],[3.413622,43.983442],[3.413673,43.983491],[3.413722,43.983538],[3.413765,43.98358],[3.4138,43.983633],[3.413824,43.983687],[3.413857,43.983739],[3.41389,43.983784],[3.413921,43.983831],[3.413958,43.983883],[3.414012,43.983929],[3.414054,43.983964],[3.414107,43.984011],[3.414167,43.984055],[3.414218,43.984086],[3.414308,43.984142],[3.41443,43.984217],[3.414519,43.984285],[3.414568,43.984328],[3.414619,43.984363],[3.414681,43.984394],[3.414729,43.984409],[3.414823,43.984452],[3.414883,43.984499],[3.414937,43.984543],[3.414984,43.984588],[3.415013,43.984629],[3.415044,43.98467],[3.415078,43.984718],[3.415102,43.984767],[3.415127,43.98482],[3.415149,43.984878],[3.415177,43.984946],[3.41521,43.985006],[3.415244,43.985046],[3.415277,43.985127],[3.415324,43.985175],[3.41537,43.985227],[3.41541,43.985282],[3.415458,43.985339],[3.415489,43.985389],[3.415498,43.985403],[3.415536,43.985458],[3.415564,43.985516],[3.415583,43.985562],[3.415599,43.985601],[3.415617,43.985637],[3.415641,43.985683],[3.415669,43.985715],[3.415706,43.985734],[3.415745,43.985749],[3.415794,43.985765],[3.415875,43.98578],[3.41593,43.985798],[3.41597,43.985846],[3.41599,43.985892],[3.416026,43.985943],[3.416068,43.985994],[3.416112,43.986048],[3.416158,43.9861],[3.416204,43.986159],[3.416256,43.986231],[3.416314,43.986297],[3.41637,43.986371],[3.416414,43.986421],[3.416452,43.986461],[3.416491,43.986509],[3.416514,43.986553],[3.416543,43.986616],[3.416537,43.98666],[3.416526,43.986689],[3.416515,43.986717],[3.416496,43.986743],[3.416474,43.986768],[3.416448,43.986798],[3.416427,43.98683],[3.416402,43.986861],[3.416374,43.986892],[3.416357,43.986912],[3.416339,43.986944],[3.416311,43.987004],[3.4163,43.987033],[3.416294,43.987073],[3.416291,43.987107],[3.416296,43.987162],[3.416303,43.987201],[3.416315,43.987241],[3.416331,43.987263],[3.416341,43.987281],[3.416415,43.987438],[3.416436,43.9875],[3.416445,43.987587],[3.416447,43.98767],[3.416437,43.987732],[3.416423,43.987802],[3.416397,43.987931],[3.416392,43.988031],[3.416388,43.988088],[3.416392,43.988123],[3.416397,43.988169],[3.416439,43.988273],[3.416507,43.988434],[3.416553,43.988549],[3.41662,43.988699],[3.416658,43.988792],[3.416674,43.98885],[3.416689,43.988923],[3.416721,43.989045],[3.416769,43.989207],[3.416845,43.989461],[3.416943,43.989749],[3.416984,43.989899],[3.416995,43.989983],[3.417011,43.990159],[3.417019,43.990252],[3.417035,43.990314],[3.417073,43.990402],[3.417181,43.99057],[3.417219,43.990646],[3.417253,43.990728],[3.417268,43.990808],[3.417267,43.990924],[3.417259,43.991004],[3.417263,43.991077],[3.417273,43.991171],[3.417304,43.991287],[3.417337,43.991427],[3.417365,43.991505],[3.417403,43.991625],[3.41744,43.99175],[3.417465,43.991838],[3.417505,43.992003],[3.417529,43.992125],[3.417554,43.992225],[3.417585,43.992312],[3.417623,43.992399],[3.417694,43.992529],[3.417809,43.992746],[3.417861,43.992848],[3.417894,43.992909],[3.417966,43.992988],[3.418071,43.99306],[3.418177,43.99313],[3.418196,43.993148],[3.418323,43.993228],[3.418404,43.993283],[3.418464,43.993318],[3.418515,43.993338],[3.418577,43.993369],[3.418654,43.993395],[3.418707,43.993422],[3.418803,43.993476],[3.41896,43.993559],[3.419133,43.99363],[3.419308,43.993674],[3.419407,43.993702],[3.419485,43.993738],[3.420249,43.994041],[3.420416,43.99404],[3.420579,43.994035],[3.420752,43.994016],[3.420855,43.993997],[3.420962,43.993962],[3.421039,43.993925],[3.421108,43.993905],[3.421163,43.9939],[3.421272,43.993899],[3.421373,43.99391],[3.421512,43.993935],[3.421608,43.993952],[3.421724,43.993976],[3.42182,43.993988],[3.421891,43.993992],[3.421979,43.993995],[3.422033,43.994002],[3.422122,43.994017],[3.422203,43.994041],[3.422256,43.99406],[3.422297,43.99408],[3.422351,43.99412],[3.42246,43.994213],[3.422526,43.994297],[3.422581,43.994342],[3.422645,43.994385],[3.422695,43.994411],[3.422753,43.994427],[3.422825,43.994441],[3.422906,43.994468],[3.422956,43.994501],[3.423021,43.994545],[3.423076,43.994569],[3.423181,43.994591],[3.423265,43.994623],[3.423326,43.994646],[3.423396,43.994663],[3.423477,43.994673],[3.423647,43.994685],[3.423759,43.994692],[3.423873,43.994713],[3.423972,43.994727],[3.424098,43.994734],[3.424282,43.994734],[3.424426,43.994729],[3.424516,43.994721],[3.424614,43.994716],[3.424664,43.994717],[3.424687,43.994729],[3.424722,43.994759],[3.424773,43.994807],[3.424812,43.994846],[3.42489,43.994911],[3.424931,43.994937],[3.424968,43.994959],[3.425114,43.995067],[3.425249,43.995157],[3.425365,43.995233],[3.425432,43.995292],[3.425561,43.995432],[3.425675,43.995552],[3.425761,43.995634],[3.425874,43.995742],[3.425954,43.995848],[3.426034,43.995952],[3.42607,43.995987],[3.426152,43.996061],[3.426193,43.996097],[3.426234,43.996109],[3.426472,43.996153],[3.426624,43.99619],[3.426825,43.996267],[3.426853,43.996275],[3.426955,43.996331],[3.42701,43.996367],[3.427133,43.996442],[3.427204,43.996468],[3.427346,43.996522],[3.427588,43.996597],[3.427749,43.996639],[3.427817,43.996657],[3.428025,43.996698],[3.428183,43.996724],[3.428244,43.99673],[3.42832,43.99674],[3.428659,43.996785],[3.428872,43.996821],[3.42916,43.996875],[3.429476,43.996924],[3.429693,43.996951],[3.429825,43.996954],[3.43012,43.996943],[3.430247,43.996922],[3.430316,43.996894],[3.430411,43.996848],[3.430496,43.99682],[3.430659,43.996777],[3.431072,43.996709],[3.431203,43.996674],[3.431392,43.996634],[3.431438,43.996631],[3.431497,43.996633],[3.431542,43.996639],[3.431621,43.996664],[3.431823,43.996771],[3.432044,43.996889],[3.432096,43.996909],[3.432164,43.996925],[3.432234,43.996929],[3.432341,43.996928],[3.432469,43.996906],[3.432674,43.996853],[3.432856,43.996814],[3.432974,43.996789],[3.433033,43.996783],[3.433078,43.996783],[3.43314,43.996789],[3.433194,43.996805],[3.433284,43.996839],[3.433419,43.996911],[3.433507,43.99695],[3.433647,43.997006],[3.433839,43.997059],[3.434105,43.997127],[3.434386,43.997194],[3.434778,43.997284],[3.435145,43.997364],[3.435439,43.997427],[3.435732,43.997484],[3.43583,43.997507],[3.436218,43.997461],[3.436261,43.997466],[3.436362,43.997464],[3.436597,43.997458],[3.43666,43.997513],[3.43681,43.997574],[3.436991,43.997633],[3.437241,43.997713],[3.437411,43.997759],[3.437529,43.997786],[3.437621,43.997802],[3.437757,43.997812],[3.437952,43.997832],[3.438145,43.997851],[3.438524,43.997871],[3.438935,43.997899],[3.439455,43.997949],[3.439657,43.997986],[3.439807,43.998026],[3.44,43.998076],[3.440102,43.99811],[3.440167,43.998131],[3.440225,43.998159],[3.440265,43.998188],[3.440339,43.99827],[3.440473,43.998451],[3.440605,43.998664],[3.440678,43.998757],[3.440706,43.9988],[3.440759,43.998867],[3.440789,43.998923],[3.440822,43.998989],[3.440861,43.999033],[3.440902,43.999074],[3.44096,43.999109],[3.441033,43.999163],[3.441109,43.999226],[3.441231,43.99937],[3.441263,43.999428],[3.441306,43.999501],[3.441443,43.99975],[3.441495,43.999865],[3.441528,43.999937],[3.441578,44.000024],[3.441632,44.000086],[3.441708,44.000166],[3.441811,44.000248],[3.441907,44.000311],[3.441959,44.000362],[3.442055,44.000456],[3.442136,44.000576],[3.44216,44.000633],[3.442204,44.000676],[3.442286,44.000732],[3.44248,44.000882],[3.442642,44.00104],[3.442743,44.001156],[3.44283,44.001287],[3.442911,44.001478],[3.442992,44.00167],[3.443083,44.001838],[3.443126,44.00192],[3.443177,44.001987],[3.443277,44.002092],[3.443518,44.00235],[3.443681,44.00256],[3.443775,44.002709],[3.443844,44.002817],[3.444123,44.003022],[3.444277,44.003177],[3.444376,44.003269],[3.444512,44.0034],[3.444763,44.003627],[3.445166,44.003946],[3.445474,44.004218],[3.445653,44.004425],[3.445805,44.004619],[3.445949,44.004805],[3.44598,44.004874],[3.446002,44.00496],[3.446017,44.005124],[3.446031,44.005479],[3.446023,44.005717],[3.446017,44.005768],[3.445996,44.005856],[3.445932,44.00604],[3.445923,44.006095],[3.445923,44.006172],[3.445931,44.006254],[3.445958,44.006379],[3.44601,44.006547],[3.446076,44.006671],[3.446127,44.006756],[3.446166,44.006833],[3.44617,44.006901],[3.446164,44.006943],[3.446139,44.007],[3.446102,44.00706],[3.446087,44.007103],[3.446085,44.007146],[3.44609,44.007197],[3.446128,44.007342],[3.446187,44.007626],[3.446256,44.007912],[3.446297,44.008073],[3.446365,44.008357],[3.446412,44.008586],[3.446435,44.008715],[3.446456,44.008771],[3.446502,44.008857],[3.446549,44.008941],[3.446598,44.009029],[3.446628,44.009087],[3.446662,44.009145],[3.44671,44.009266],[3.446752,44.009386],[3.446824,44.00953],[3.446885,44.00964],[3.446941,44.009721],[3.446982,44.009784],[3.447029,44.009832],[3.447112,44.009905],[3.447222,44.010012],[3.447373,44.010135],[3.447585,44.010323],[3.447777,44.01049],[3.44781,44.010511],[3.447906,44.010571],[3.448138,44.01071],[3.448189,44.010745],[3.448237,44.010768],[3.448283,44.010799],[3.448408,44.010882],[3.448515,44.010954],[3.44875,44.01111],[3.448859,44.011196],[3.448912,44.01123],[3.449,44.011272],[3.449061,44.011326],[3.449155,44.011393],[3.449192,44.011431],[3.44923,44.011472],[3.449274,44.011523],[3.449322,44.011592],[3.449373,44.011666],[3.449414,44.011727],[3.449459,44.011817],[3.449478,44.011864],[3.449494,44.011901],[3.449515,44.011964],[3.449516,44.012018],[3.449514,44.012067],[3.449518,44.012124],[3.44954,44.01217],[3.449558,44.012197],[3.449545,44.012229],[3.449496,44.012259],[3.449441,44.012294],[3.449402,44.012342],[3.449373,44.012373],[3.449334,44.012482],[3.449315,44.012544],[3.449288,44.012609],[3.449268,44.012655],[3.449259,44.012698],[3.449263,44.012739],[3.449276,44.012794],[3.449291,44.012837],[3.449307,44.012875],[3.449328,44.012922],[3.449326,44.012966],[3.449328,44.013003],[3.449322,44.013044],[3.449305,44.01309],[3.449277,44.013125],[3.449248,44.013148],[3.44923,44.013179],[3.449225,44.013224],[3.44923,44.013284],[3.449236,44.013341],[3.449237,44.013415],[3.449235,44.013484],[3.449227,44.013544],[3.449227,44.013603],[3.449231,44.013655],[3.449254,44.013731],[3.449262,44.013766],[3.449231,44.013922],[3.449204,44.014005],[3.449203,44.014052],[3.449212,44.014123],[3.449223,44.014169],[3.449234,44.014193],[3.449263,44.014211],[3.449268,44.014236],[3.449271,44.014259],[3.449287,44.014276],[3.449316,44.01429],[3.449339,44.014302],[3.449344,44.014325],[3.449349,44.014351],[3.449373,44.014366],[3.449379,44.014387],[3.449364,44.01442],[3.449356,44.014449],[3.449372,44.014473],[3.449391,44.014486],[3.449384,44.014506],[3.449342,44.014524],[3.449314,44.014539],[3.449286,44.014578],[3.449267,44.014599],[3.449231,44.014619],[3.449214,44.014638],[3.449191,44.014703],[3.449189,44.014759],[3.449195,44.014801],[3.449186,44.014834],[3.449153,44.014905],[3.449127,44.014955],[3.449098,44.014988],[3.44908,44.015014],[3.449081,44.01504],[3.449107,44.015083],[3.449127,44.015129],[3.449109,44.015182],[3.449074,44.015205],[3.449032,44.015236],[3.448998,44.015265],[3.448978,44.015287],[3.448898,44.015302],[3.448838,44.015345],[3.448808,44.015373],[3.44879,44.015405],[3.448758,44.015432],[3.448727,44.015448],[3.448709,44.015469],[3.448688,44.01551],[3.448659,44.015547],[3.448629,44.015582],[3.448626,44.015615],[3.448627,44.015655],[3.448621,44.015684],[3.448573,44.01577],[3.448545,44.015819],[3.448533,44.015851],[3.448503,44.015882],[3.448456,44.015913],[3.448412,44.015949],[3.448369,44.015983],[3.448321,44.016007],[3.448276,44.016031],[3.448209,44.016109],[3.448171,44.01616],[3.448125,44.016206],[3.448081,44.016247],[3.448067,44.016279],[3.448068,44.01633],[3.448049,44.01637],[3.448042,44.016395],[3.44806,44.016433],[3.448078,44.016513],[3.448079,44.016568],[3.44807,44.016652],[3.448047,44.016715],[3.448021,44.016753],[3.447979,44.016786],[3.447945,44.016829],[3.447942,44.016879],[3.44795,44.016931],[3.447943,44.016979],[3.447935,44.017023],[3.447884,44.017114],[3.447877,44.017182],[3.447886,44.017227],[3.447913,44.01727],[3.447958,44.017303],[3.447994,44.017336],[3.448028,44.017367],[3.448082,44.017391],[3.44813,44.017407],[3.448196,44.017431],[3.448207,44.017454],[3.448189,44.017488],[3.448164,44.017518],[3.448163,44.017548],[3.448172,44.017579],[3.448202,44.017598],[3.448232,44.0176],[3.448251,44.017615],[3.448239,44.017648],[3.448215,44.017697],[3.448223,44.017738],[3.448247,44.017765],[3.448265,44.017787],[3.44829,44.017799],[3.448307,44.017813],[3.448299,44.017846],[3.448217,44.017896],[3.448213,44.017919],[3.448241,44.017947],[3.448241,44.017988],[3.448239,44.018049],[3.44825,44.018098],[3.448279,44.018153],[3.448312,44.018186],[3.448348,44.01823],[3.44836,44.01828],[3.448364,44.01837],[3.448362,44.018462],[3.448345,44.018526],[3.448324,44.018596],[3.448326,44.018653],[3.448333,44.018692],[3.448321,44.018735],[3.448308,44.018809],[3.448308,44.018874],[3.448329,44.018935],[3.44833,44.018982],[3.448326,44.019034],[3.44833,44.019121],[3.448344,44.019172],[3.448371,44.019215],[3.448397,44.019261],[3.448399,44.01934],[3.44839,44.019402],[3.448384,44.019464],[3.448387,44.019547],[3.448405,44.019632],[3.448422,44.01965],[3.448468,44.019662],[3.44853,44.01967],[3.448589,44.019687],[3.449936,44.020256],[3.450755,44.020787],[3.451501,44.021483],[3.451759,44.021815],[3.451529,44.022028],[3.45148,44.022043],[3.451429,44.022099],[3.451365,44.022158],[3.451316,44.022171],[3.451261,44.022194],[3.451217,44.022233],[3.451188,44.022272],[3.451155,44.022311],[3.451106,44.022349],[3.451047,44.02238],[3.450984,44.022417],[3.450938,44.022459],[3.450864,44.022512],[3.450811,44.022552],[3.450746,44.022595],[3.450687,44.022638],[3.450628,44.022683],[3.450585,44.02271],[3.45056,44.022731],[3.450549,44.022768],[3.450527,44.022794],[3.450498,44.022804],[3.450456,44.022823],[3.450416,44.022858],[3.450373,44.022889],[3.450325,44.022914],[3.450261,44.022936],[3.450226,44.022958],[3.450177,44.022994],[3.450128,44.023027],[3.450043,44.023059],[3.449893,44.023112],[3.449807,44.023149],[3.449707,44.023192],[3.449638,44.023211],[3.449635,44.023212],[3.449565,44.023236],[3.449509,44.023253],[3.449455,44.023263],[3.449397,44.023301],[3.449349,44.023327],[3.449311,44.023346],[3.449267,44.023366],[3.449209,44.023382],[3.449161,44.023387],[3.449097,44.023395],[3.449064,44.023409],[3.449033,44.023432],[3.448981,44.023476],[3.448935,44.023518],[3.448878,44.023563],[3.448746,44.023597],[3.448611,44.023634],[3.448453,44.023661],[3.448301,44.023683],[3.448179,44.023708],[3.448042,44.023734],[3.447873,44.023775],[3.447634,44.023843],[3.447506,44.02388],[3.447467,44.023895],[3.447452,44.023916],[3.447436,44.023943],[3.447399,44.023961],[3.447359,44.023966],[3.447272,44.023956],[3.447226,44.023951],[3.447163,44.023955],[3.447115,44.023966],[3.44705,44.023995],[3.446987,44.024021],[3.446882,44.02405],[3.446835,44.024064],[3.446773,44.024072],[3.446711,44.024073],[3.446623,44.024087],[3.446496,44.024111],[3.446348,44.024152],[3.44624,44.02419],[3.446002,44.024262],[3.445965,44.024281],[3.445915,44.024313],[3.445872,44.024348],[3.445807,44.024369],[3.445733,44.024387],[3.44565,44.02441],[3.445577,44.024431],[3.445522,44.024438],[3.445486,44.02444],[3.445435,44.02446],[3.445401,44.024496],[3.445364,44.024543],[3.445323,44.024576],[3.445285,44.024602],[3.44525,44.024619],[3.445194,44.024636],[3.445137,44.024647],[3.445083,44.024651],[3.445026,44.024651],[3.444978,44.024658],[3.444922,44.024661],[3.444871,44.024652],[3.444825,44.024631],[3.444786,44.024621],[3.444725,44.024623],[3.444644,44.024636],[3.444576,44.024649],[3.444526,44.024658],[3.444468,44.024666],[3.444411,44.024668],[3.444354,44.024662],[3.444299,44.024661],[3.443239,44.024606],[3.442858,44.024858],[3.442827,44.024875],[3.442762,44.024933],[3.442676,44.024992],[3.442624,44.025035],[3.442578,44.025074],[3.44205,44.025461],[3.441212,44.026387],[3.441142,44.026503],[3.440998,44.026613],[3.440899,44.026725],[3.440709,44.026949],[3.440695,44.026959],[3.439778,44.027822],[3.439412,44.028231],[3.438919,44.028505],[3.438871,44.028521],[3.437928,44.028831],[3.437764,44.028911],[3.437002,44.02929],[3.436496,44.029425],[3.436135,44.029523],[3.435479,44.029861],[3.435322,44.029942],[3.435284,44.029927],[3.435233,44.029926],[3.434955,44.029965],[3.434776,44.03001],[3.434629,44.030076],[3.434325,44.030282],[3.43373,44.030676],[3.433269,44.030993],[3.432933,44.031209],[3.432842,44.031291],[3.432746,44.031408],[3.43257,44.031733],[3.432454,44.031959],[3.432332,44.032319],[3.432163,44.032698],[3.432145,44.032729],[3.432061,44.032885],[3.431902,44.033097],[3.431698,44.03328],[3.431568,44.033377],[3.431518,44.033459],[3.43145,44.033579],[3.431355,44.033663],[3.431258,44.03373],[3.430991,44.033872],[3.430626,44.034053],[3.430163,44.034313],[3.429843,44.0345],[3.429562,44.034645],[3.429326,44.034772],[3.429146,44.034908],[3.429008,44.035015],[3.428719,44.035084],[3.428293,44.035128],[3.427749,44.035183],[3.427044,44.035265],[3.426641,44.035303],[3.426535,44.035297],[3.426457,44.035265],[3.42635,44.035221],[3.426347,44.035282],[3.426343,44.035363],[3.426319,44.035445],[3.423082,44.035822],[3.422338,44.036009],[3.422029,44.036147],[3.421914,44.036598],[3.421864,44.037273],[3.421823,44.037858],[3.421726,44.03789],[3.421655,44.037952],[3.421525,44.038093],[3.421399,44.038299],[3.421263,44.03858],[3.42112,44.038831],[3.420871,44.039071],[3.420722,44.039209],[3.420684,44.039244],[3.420565,44.039355],[3.420441,44.039433],[3.420316,44.039488],[3.419898,44.039669],[3.419488,44.039761],[3.419157,44.039838],[3.419119,44.039854],[3.418705,44.040045],[3.41856,44.040128],[3.418461,44.040218],[3.417941,44.040836],[3.41727,44.041586],[3.416984,44.041554],[3.41658,44.041568],[3.416231,44.041578],[3.415973,44.041555],[3.415905,44.041549],[3.415835,44.041543],[3.415381,44.041509],[3.414935,44.041461],[3.414866,44.041455],[3.414335,44.041411],[3.41407,44.041369],[3.413631,44.041292],[3.413279,44.041193],[3.412752,44.041058],[3.412327,44.040932],[3.412014,44.040854],[3.411656,44.040777],[3.411318,44.040725],[3.411194,44.04072],[3.411084,44.040729],[3.410735,44.040798],[3.410561,44.040827],[3.410358,44.040892],[3.410046,44.041001],[3.409785,44.041072],[3.409599,44.041102],[3.408015,44.041401],[3.407984,44.04141],[3.407954,44.04142],[3.407389,44.041607],[3.406294,44.042417],[3.405984,44.042555],[3.405249,44.042726],[3.405178,44.042742],[3.403692,44.043065],[3.402903,44.043365],[3.402362,44.043624],[3.402309,44.04365],[3.402255,44.043679],[3.401807,44.043293],[3.401635,44.043181],[3.401577,44.043154],[3.401383,44.043068],[3.401344,44.043054],[3.401255,44.043093],[3.401132,44.043147],[3.400009,44.043639],[3.39927,44.044095],[3.398998,44.0443],[3.396751,44.045999],[3.395837,44.047154],[3.394892,44.047366],[3.393742,44.047717],[3.393641,44.047736],[3.393607,44.047755],[3.393579,44.047775],[3.393552,44.047814],[3.393532,44.047878],[3.393502,44.047931],[3.39347,44.047986],[3.393434,44.048028],[3.393403,44.048091],[3.393385,44.048152],[3.393389,44.048237],[3.393365,44.048334],[3.393315,44.048413],[3.393274,44.048447],[3.393227,44.048481],[3.393197,44.048513],[3.393131,44.048613],[3.393089,44.048665],[3.393039,44.048737],[3.39303,44.048788],[3.393024,44.048837],[3.39301,44.048906],[3.392978,44.048938],[3.392966,44.048983],[3.392874,44.049082],[3.392828,44.049156],[3.392816,44.04923],[3.392773,44.049278],[3.392673,44.04934],[3.392566,44.049428],[3.392517,44.049473],[3.392473,44.049524],[3.392431,44.04953],[3.392422,44.049554],[3.392399,44.049567],[3.392391,44.049601],[3.392282,44.049727],[3.392238,44.049784],[3.392244,44.049836],[3.392228,44.049872],[3.39222,44.049912],[3.392238,44.049956],[3.392247,44.049992],[3.392252,44.050042],[3.392247,44.05008],[3.392209,44.05012],[3.392175,44.050148],[3.392153,44.050206],[3.392118,44.050262],[3.392079,44.050309],[3.392073,44.05034],[3.392048,44.050422],[3.391965,44.050607],[3.391936,44.050723],[3.391912,44.050793],[3.391875,44.050838],[3.391827,44.050871],[3.391785,44.050902],[3.391774,44.050945],[3.391764,44.051061],[3.391742,44.051108],[3.391698,44.051157],[3.391659,44.0512],[3.391635,44.051234],[3.391616,44.051283],[3.391588,44.051308],[3.391591,44.051323],[3.391541,44.051407],[3.391456,44.051505],[3.391438,44.051578],[3.391418,44.051624],[3.391382,44.051637],[3.391351,44.051641],[3.391296,44.051678],[3.391282,44.051715],[3.391317,44.051789],[3.391326,44.051825],[3.391315,44.051873],[3.391279,44.051953],[3.391245,44.051999],[3.391224,44.052063],[3.391186,44.052114],[3.391155,44.052153],[3.391141,44.052184],[3.390384,44.052957],[3.390144,44.053499],[3.390339,44.054704],[3.390581,44.055606],[3.390438,44.055706],[3.39039,44.055798],[3.390391,44.055989],[3.390418,44.056394],[3.390362,44.056613],[3.39033,44.056895],[3.390291,44.057026],[3.390199,44.057118],[3.390055,44.057206],[3.389768,44.05727],[3.389504,44.05736],[3.389084,44.057445],[3.388557,44.057404],[3.388231,44.057319],[3.387859,44.057151],[3.387669,44.057078],[3.387457,44.057042],[3.387221,44.057043],[3.386664,44.057071],[3.385895,44.057132],[3.384936,44.057217],[3.384229,44.057219],[3.384018,44.057197],[3.383829,44.057161],[3.383592,44.057098],[3.383119,44.05719],[3.383041,44.057199],[3.382887,44.057183],[3.382683,44.057091],[3.382453,44.056964],[3.382113,44.056754],[3.381766,44.056566],[3.381427,44.056408],[3.381249,44.05634],[3.381078,44.056301],[3.381069,44.056231],[3.380874,44.05605],[3.380331,44.055443],[3.38021,44.055268],[3.380021,44.054868],[3.379933,44.05471],[3.37983,44.054575],[3.379646,44.054404],[3.379354,44.054065],[3.37916,44.05375],[3.379084,44.0536],[3.378994,44.053486],[3.378776,44.053244],[3.378259,44.052804],[3.378091,44.05261],[3.377658,44.051854],[3.377481,44.05151],[3.377268,44.051043],[3.377215,44.050971],[3.377153,44.050935],[3.377016,44.050895],[3.376687,44.05134],[3.375878,44.051244],[3.375123,44.051029],[3.374479,44.050709],[3.3733,44.05001],[3.372421,44.049658],[3.371407,44.049399],[3.369974,44.049477],[3.370101,44.049583],[3.370297,44.04973],[3.370439,44.049867],[3.370806,44.050321],[3.370955,44.050471],[3.37106,44.050557],[3.371227,44.050651],[3.37147,44.050818],[3.371663,44.050965],[3.371814,44.051113],[3.371874,44.051201],[3.371913,44.051305],[3.372002,44.051755],[3.372027,44.051881],[3.372048,44.051979],[3.372086,44.05206],[3.37214,44.052118],[3.372259,44.052212],[3.372427,44.052314],[3.37251,44.05239],[3.372629,44.052715],[3.372669,44.052908],[3.372646,44.053075],[3.372557,44.053312],[3.37246,44.053528],[3.37238,44.053765],[3.372312,44.054117],[3.372262,44.054307],[3.371253,44.055867],[3.371224,44.055885],[3.371193,44.05592],[3.371129,44.055996],[3.371037,44.056095],[3.371018,44.056116],[3.370918,44.056216],[3.370824,44.056281],[3.370737,44.056312],[3.370653,44.056346],[3.370604,44.056371],[3.370585,44.0564],[3.370564,44.056442],[3.370544,44.056483],[3.37052,44.056532],[3.370491,44.056562],[3.370453,44.056585],[3.370409,44.056605],[3.370316,44.056632],[3.37024,44.056641],[3.370186,44.056651],[3.370136,44.056663],[3.370083,44.056684],[3.370008,44.056719],[3.36992,44.056765],[3.369846,44.056807],[3.369757,44.056864],[3.369703,44.056901],[3.369656,44.056939],[3.368132,44.057846],[3.367649,44.058203],[3.367566,44.058179],[3.367473,44.05817],[3.367395,44.058173],[3.367316,44.058036],[3.36724,44.057937],[3.367046,44.057816],[3.366842,44.057667],[3.366593,44.057407],[3.366252,44.057021],[3.365983,44.056767],[3.365625,44.056468],[3.365316,44.056254],[3.365023,44.056104],[3.364673,44.055977],[3.364602,44.055951],[3.36431,44.055832],[3.364036,44.055665],[3.363345,44.055233],[3.362877,44.054953],[3.362627,44.054798],[3.362446,44.054684],[3.362121,44.054432],[3.362013,44.054348],[3.361363,44.053963],[3.360913,44.053722],[3.360585,44.053575],[3.360249,44.053385],[3.360035,44.05323],[3.359536,44.053041],[3.359326,44.052981],[3.359139,44.052922],[3.359021,44.052872],[3.358831,44.052791],[3.358661,44.052711],[3.358499,44.052639],[3.35825,44.052535],[3.358058,44.05246],[3.357941,44.052414],[3.357834,44.052369],[3.357752,44.052341],[3.357666,44.05232],[3.357564,44.052306],[3.357451,44.052289],[3.357362,44.052266],[3.357284,44.052234],[3.357135,44.052175],[3.356921,44.052079],[3.356808,44.052032],[3.356715,44.051986],[3.356599,44.051932],[3.356455,44.051873],[3.356315,44.051815],[3.356215,44.051764],[3.356134,44.051728],[3.356076,44.051704],[3.355986,44.051683],[3.355892,44.051665],[3.355766,44.051641],[3.355631,44.051565],[3.355514,44.051489],[3.355379,44.051402],[3.355286,44.051353],[3.355171,44.051304],[3.355052,44.05125],[3.354983,44.051203],[3.354919,44.05114],[3.352659,44.049912],[3.35226,44.050101],[3.352147,44.050155],[3.35001,44.051277],[3.34808,44.052284],[3.347195,44.052854],[3.346457,44.0534],[3.343992,44.054997],[3.343516,44.055281],[3.342887,44.055659],[3.341328,44.05664],[3.34077,44.056824],[3.340086,44.056921],[3.339589,44.057015],[3.338662,44.057473],[3.337924,44.058019],[3.337679,44.058292],[3.336711,44.059964],[3.336537,44.060685],[3.336606,44.061089],[3.336867,44.061725],[3.33713,44.062532],[3.337199,44.06361],[3.336909,44.064826],[3.336941,44.066625],[3.336881,44.066805],[3.335891,44.067218],[3.335151,44.06772],[3.334724,44.068218],[3.334483,44.06867],[3.333654,44.071159],[3.333542,44.071925],[3.333393,44.072713],[3.333371,44.072825],[3.3333,44.073056],[3.333124,44.073637],[3.333016,44.073812],[3.332975,44.073878],[3.333045,44.073958],[3.330135,44.077485],[3.329588,44.078255],[3.328914,44.079025],[3.328227,44.078897],[3.326656,44.078282],[3.32479,44.077082],[3.323804,44.079008],[3.323799,44.079092],[3.323781,44.079145],[3.323649,44.079473],[3.323634,44.079617],[3.322994,44.079812],[3.322368,44.079896],[3.321497,44.079902],[3.320619,44.07964],[3.318694,44.079278],[3.318363,44.079075],[3.317975,44.078225],[3.317784,44.078003],[3.317154,44.077648],[3.316401,44.077376],[3.315479,44.077351],[3.314959,44.076985],[3.314377,44.076687],[3.314074,44.076207],[3.313804,44.075017],[3.313214,44.074336],[3.312878,44.073777],[3.312402,44.073321],[3.31193,44.073067],[3.310951,44.072368],[3.309815,44.071558],[3.308486,44.070412],[3.307646,44.069442],[3.307391,44.069086],[3.307012,44.068819],[3.306887,44.068775],[3.30645,44.068779],[3.305271,44.069104],[3.304031,44.06952],[3.303159,44.069573],[3.302035,44.069492],[3.300595,44.069146],[3.298904,44.068666],[3.297262,44.068283],[3.295619,44.0679],[3.295083,44.067776],[3.294127,44.067552],[3.293978,44.067517],[3.293834,44.06758],[3.293744,44.067634],[3.29365,44.067689],[3.293492,44.067814],[3.293401,44.06793],[3.293357,44.068023],[3.293292,44.06837],[3.29331,44.068674],[3.293314,44.06873],[3.29336,44.068916],[3.293399,44.068995],[3.293506,44.069154],[3.293644,44.069283],[3.293876,44.069415],[3.294199,44.069625],[3.294514,44.069769],[3.294777,44.069939],[3.29501,44.070051],[3.295561,44.070292],[3.296549,44.070676],[3.296929,44.0708],[3.297114,44.070842],[3.297328,44.070959],[3.297482,44.071091],[3.297567,44.071218],[3.297587,44.071349],[3.297573,44.071438],[3.297512,44.071546],[3.29742,44.071773],[3.297324,44.071911],[3.297112,44.072155],[3.297041,44.07221],[3.296907,44.072278],[3.296686,44.072359],[3.296017,44.072543],[3.295584,44.072596],[3.295358,44.072593],[3.294984,44.072531],[3.293768,44.072382],[3.293561,44.072329],[3.293241,44.072106],[3.293112,44.072058],[3.292948,44.072022],[3.29291,44.072015],[3.292543,44.071971],[3.292103,44.071901],[3.290956,44.071663],[3.290513,44.071593],[3.290322,44.071592],[3.289836,44.071661],[3.289616,44.071761],[3.289527,44.07184],[3.289339,44.071987],[3.289147,44.072153],[3.288916,44.072356],[3.288595,44.072752],[3.288485,44.072918],[3.288399,44.073083],[3.288381,44.073173],[3.288345,44.07337],[3.288309,44.073446],[3.288101,44.073661],[3.287799,44.074034],[3.287678,44.074225],[3.287488,44.074476],[3.287146,44.074997],[3.287023,44.075153],[3.286742,44.075441],[3.286566,44.075701],[3.286385,44.075882],[3.285519,44.076598],[3.285458,44.076624],[3.28534,44.076759],[3.285206,44.076939],[3.28507,44.07705],[3.284981,44.077099],[3.284837,44.077155],[3.284312,44.077331],[3.284084,44.077384],[3.283717,44.077418],[3.283372,44.077433],[3.283065,44.077441],[3.282014,44.07745],[3.281813,44.077463],[3.281634,44.077492],[3.281367,44.077552],[3.28118,44.077626],[3.281064,44.077712],[3.280935,44.07786],[3.280732,44.078162],[3.280683,44.078307],[3.280683,44.07834],[3.280727,44.078377],[3.280732,44.078479],[3.280654,44.07879],[3.28057,44.079341],[3.280431,44.07994],[3.280386,44.080395],[3.280298,44.080952],[3.280221,44.081145],[3.280016,44.081467],[3.27983,44.081669],[3.279747,44.081721],[3.27953,44.081875],[3.279391,44.08196],[3.278885,44.082201],[3.278574,44.082282],[3.278362,44.08232],[3.278143,44.082381],[3.277978,44.082408],[3.277753,44.082476],[3.276923,44.082634],[3.276665,44.082709],[3.276412,44.082824],[3.27626,44.082919],[3.276166,44.083006],[3.276122,44.083072],[3.276054,44.083232],[3.276,44.083305],[3.275684,44.083544],[3.275492,44.083723],[3.275384,44.083855],[3.275242,44.084101],[3.275162,44.08428],[3.275131,44.084394],[3.275115,44.084493],[3.275111,44.084527],[3.27512,44.084696],[3.275171,44.084863],[3.275454,44.085322],[3.275676,44.085575],[3.276279,44.085991],[3.277055,44.086627],[3.277104,44.086674],[3.277124,44.086709],[3.277165,44.086776],[3.27721,44.086961],[3.277156,44.087092],[3.27695,44.087387],[3.276735,44.087538],[3.276504,44.087603],[3.27609,44.087652],[3.275595,44.087722],[3.275197,44.087782],[3.274705,44.087854],[3.274058,44.087884],[3.273515,44.087889],[3.273026,44.087844],[3.272549,44.087783],[3.272173,44.087713],[3.271568,44.087609],[3.271153,44.087557],[3.270836,44.087558],[3.270585,44.087571],[3.270006,44.087603],[3.269727,44.087622],[3.269528,44.087658],[3.269322,44.087734],[3.269023,44.087873],[3.268711,44.087995],[3.268301,44.088154],[3.267785,44.088327],[3.267272,44.088527],[3.266913,44.088704],[3.266585,44.088903],[3.266238,44.089154],[3.265909,44.089467],[3.265547,44.089878],[3.265331,44.090176],[3.265069,44.09061],[3.265045,44.090649],[3.265009,44.090711],[3.264878,44.090919],[3.263172,44.092383],[3.26267,44.092845],[3.262447,44.093177],[3.262458,44.093479],[3.2625,44.0937],[3.262798,44.09403],[3.263104,44.094177],[3.263442,44.094249],[3.263779,44.094277],[3.264151,44.094284],[3.264385,44.0943],[3.264642,44.094318],[3.26496,44.094304],[3.265487,44.094307],[3.265831,44.094325],[3.266072,44.094342],[3.266305,44.094373],[3.26659,44.094432],[3.266932,44.094503],[3.267148,44.094561],[3.267393,44.094647],[3.267575,44.094718],[3.267842,44.094816],[3.268052,44.09491],[3.268281,44.095024],[3.268537,44.095138],[3.268697,44.095213],[3.268911,44.095294],[3.26913,44.095423],[3.269293,44.095562],[3.269462,44.095683],[3.26971,44.095895],[3.269959,44.09619],[3.270104,44.096459],[3.270162,44.096683],[3.27016,44.096918],[3.27015,44.097035],[3.270149,44.097104],[3.270296,44.097185],[3.270534,44.097331],[3.270695,44.09739],[3.271041,44.097502],[3.271333,44.097618],[3.271546,44.097705],[3.271664,44.097738],[3.271789,44.097748],[3.272012,44.097711],[3.27234,44.097657],[3.272716,44.097613],[3.272982,44.097589],[3.273122,44.097602],[3.273295,44.097581],[3.273515,44.097503],[3.273798,44.097401],[3.273921,44.097377],[3.274075,44.097375],[3.274215,44.097394],[3.274396,44.097445],[3.274499,44.097478],[3.274602,44.097486],[3.274747,44.097486],[3.274906,44.097459],[3.275053,44.097388],[3.275104,44.097325],[3.275134,44.09731],[3.275203,44.097288],[3.275263,44.097282],[3.275336,44.097286],[3.275467,44.097281],[3.275622,44.097252],[3.275795,44.097145],[3.276045,44.096952],[3.276249,44.096839],[3.276402,44.096785],[3.276525,44.096758],[3.276687,44.096752],[3.277014,44.096715],[3.277267,44.096608],[3.277414,44.096565],[3.277538,44.096544],[3.277649,44.096552],[3.2778,44.096603],[3.277917,44.096672],[3.278052,44.096705],[3.278214,44.096755],[3.278426,44.096893],[3.278585,44.097003],[3.278694,44.097101],[3.27879,44.09724],[3.27886,44.097386],[3.278972,44.097489],[3.279157,44.097604],[3.279323,44.097735],[3.279492,44.097931],[3.279694,44.098121],[3.279958,44.098357],[3.280063,44.098405],[3.280171,44.098439],[3.280375,44.098464],[3.280527,44.098519],[3.28066,44.098592],[3.280753,44.098694],[3.280833,44.098749],[3.280915,44.098794],[3.281002,44.098825],[3.281069,44.098851],[3.281113,44.098928],[3.281158,44.099055],[3.281216,44.099133],[3.281232,44.099254],[3.281232,44.099317],[3.281266,44.099381],[3.281352,44.099531],[3.28148,44.099661],[3.28172,44.099733],[3.281953,44.099873],[3.28206,44.09999],[3.282082,44.100016],[3.282103,44.100155],[3.282064,44.100285],[3.282059,44.100352],[3.282091,44.100461],[3.282126,44.100596],[3.282193,44.100652],[3.282287,44.100683],[3.282408,44.100696],[3.282505,44.100704],[3.282579,44.100751],[3.282658,44.100827],[3.282715,44.100856],[3.282832,44.100868],[3.283126,44.100883],[3.283352,44.100937],[3.283579,44.101033],[3.283748,44.101129],[3.283917,44.101337],[3.283977,44.101419],[3.284095,44.101478],[3.284387,44.101563],[3.28446,44.1016],[3.284552,44.101691],[3.284664,44.101735],[3.284718,44.101742],[3.284809,44.101747],[3.28488,44.101773],[3.284907,44.101817],[3.284944,44.10188],[3.28504,44.101942],[3.285132,44.101992],[3.285244,44.102021],[3.285517,44.102049],[3.285643,44.102063],[3.285749,44.102102],[3.285798,44.102157],[3.285835,44.102309],[3.28591,44.102463],[3.286002,44.102591],[3.286284,44.102752],[3.286409,44.102815],[3.28651,44.102852],[3.286608,44.102862],[3.286707,44.10286],[3.286877,44.102799],[3.287059,44.102685],[3.287242,44.102609],[3.28737,44.102587],[3.287551,44.102599],[3.287856,44.102628],[3.288088,44.102664],[3.288329,44.102748],[3.288548,44.102872],[3.288698,44.103011],[3.289002,44.103303],[3.289172,44.10345],[3.289416,44.103728],[3.289559,44.103918],[3.289623,44.103961],[3.289675,44.103979],[3.28982,44.104007],[3.289921,44.104034],[3.290095,44.104122],[3.290325,44.104279],[3.29047,44.104369],[3.290614,44.104478],[3.290721,44.104608],[3.290784,44.10471],[3.290836,44.10484],[3.290853,44.104966],[3.290879,44.105141],[3.290911,44.10527],[3.290965,44.10538],[3.291038,44.105439],[3.291184,44.105538],[3.291331,44.10564],[3.291476,44.105721],[3.291599,44.105783],[3.291762,44.105829],[3.291954,44.105868],[3.292079,44.105873],[3.292212,44.105867],[3.292369,44.105837],[3.292481,44.105796],[3.292527,44.105752],[3.292531,44.10571],[3.292562,44.105677],[3.292593,44.105633],[3.292716,44.105286],[3.292788,44.105168],[3.292886,44.105076],[3.293005,44.10501],[3.293375,44.104951],[3.293565,44.104917],[3.293769,44.104858],[3.293943,44.104768],[3.294071,44.104704],[3.294249,44.104587],[3.294346,44.104512],[3.294442,44.104473],[3.29453,44.104446],[3.294652,44.104435],[3.294852,44.10445],[3.29514,44.1045],[3.295535,44.104536],[3.295885,44.104551],[3.296122,44.10452],[3.296242,44.104494],[3.296377,44.104492],[3.296606,44.104514],[3.296872,44.104582],[3.296989,44.104627],[3.297088,44.104714],[3.297322,44.10496],[3.297389,44.105026],[3.297454,44.10505],[3.297529,44.10505],[3.297595,44.105025],[3.297662,44.104957],[3.297736,44.104866],[3.29777,44.104828],[3.297861,44.104781],[3.298009,44.104744],[3.298216,44.104718],[3.298522,44.104699],[3.298892,44.104671],[3.299068,44.104666],[3.299226,44.10463],[3.299395,44.104568],[3.299541,44.104552],[3.299692,44.104573],[3.299816,44.104637],[3.299879,44.104698],[3.299997,44.104846],[3.300087,44.10492],[3.300161,44.104979],[3.300239,44.105002],[3.30033,44.104986],[3.300416,44.104954],[3.300486,44.104906],[3.300547,44.104849],[3.300641,44.104779],[3.300708,44.104734],[3.300809,44.104684],[3.300902,44.104655],[3.300989,44.10463],[3.301095,44.104614],[3.301207,44.104607],[3.301353,44.104594],[3.301667,44.104583],[3.301989,44.104567],[3.302148,44.104555],[3.302296,44.104539],[3.302427,44.104519],[3.302588,44.104501],[3.302748,44.104487],[3.302894,44.104486],[3.303133,44.104477],[3.303355,44.10444],[3.303544,44.10439],[3.303692,44.104328],[3.303825,44.104262],[3.303994,44.104212],[3.304174,44.104181],[3.304413,44.104171],[3.30459,44.104182],[3.304711,44.104215],[3.304857,44.104269],[3.304986,44.104359],[3.305101,44.104476],[3.305217,44.104608],[3.305286,44.104736],[3.305376,44.104878],[3.305456,44.104966],[3.305724,44.10512],[3.305867,44.105214],[3.305985,44.105307],[3.306137,44.105376],[3.306297,44.105409],[3.306437,44.10542],[3.306612,44.105424],[3.306818,44.105407],[3.307037,44.105372],[3.307208,44.105335],[3.307339,44.105308],[3.307667,44.105203],[3.307846,44.105106],[3.307988,44.104994],[3.308114,44.104872],[3.308157,44.104768],[3.308221,44.10465],[3.308273,44.104578],[3.30835,44.104504],[3.308444,44.104472],[3.308544,44.104479],[3.308676,44.104502],[3.308778,44.10453],[3.30887,44.104567],[3.308959,44.104616],[3.309072,44.10465],[3.309207,44.104658],[3.309339,44.104643],[3.309434,44.104598],[3.309532,44.104521],[3.309686,44.104381],[3.309803,44.104283],[3.309914,44.104214],[3.310037,44.104173],[3.310148,44.104164],[3.310253,44.10418],[3.310352,44.104206],[3.310469,44.104242],[3.310642,44.10428],[3.310786,44.104303],[3.310969,44.104306],[3.311203,44.104284],[3.311518,44.104236],[3.311673,44.104217],[3.311842,44.104197],[3.311922,44.104195],[3.311995,44.104193],[3.312132,44.104223],[3.312206,44.10428],[3.312237,44.104383],[3.312233,44.104452],[3.312181,44.104612],[3.312122,44.10477],[3.312092,44.104917],[3.312099,44.105035],[3.31214,44.105147],[3.31223,44.105239],[3.312351,44.105342],[3.312555,44.105454],[3.31273,44.105521],[3.313039,44.105598],[3.31358,44.105781],[3.31392,44.105899],[3.314027,44.105962],[3.314126,44.106043],[3.314158,44.106132],[3.314163,44.106218],[3.314167,44.106301],[3.314209,44.106425],[3.314266,44.106513],[3.31433,44.106555],[3.314422,44.106587],[3.314501,44.106593],[3.314605,44.106587],[3.314691,44.106572],[3.314807,44.106552],[3.314877,44.106539],[3.314974,44.106522],[3.315085,44.106512],[3.315175,44.106509],[3.31531,44.106522],[3.315424,44.106535],[3.3155,44.106557],[3.315605,44.106615],[3.315685,44.106684],[3.315779,44.106813],[3.315857,44.106963],[3.315908,44.107058],[3.316019,44.107138],[3.316175,44.10719],[3.316381,44.107206],[3.316589,44.107203],[3.316732,44.107209],[3.316866,44.107247],[3.31698,44.107358],[3.317098,44.107521],[3.317218,44.107662],[3.317251,44.107787],[3.317255,44.107909],[3.317292,44.108018],[3.317389,44.10814],[3.317496,44.108203],[3.317641,44.10824],[3.317894,44.108254],[3.318235,44.108254],[3.318335,44.108253],[3.318444,44.108266],[3.318605,44.108375],[3.31873,44.108527],[3.318799,44.108585],[3.318907,44.108616],[3.319031,44.10862],[3.31919,44.1086],[3.319344,44.108561],[3.319762,44.10853],[3.320149,44.108461],[3.320312,44.10844],[3.320481,44.108436],[3.320632,44.108453],[3.320744,44.108487],[3.320824,44.108547],[3.320872,44.108686],[3.320882,44.108843],[3.32089,44.10896],[3.320893,44.109031],[3.320931,44.109107],[3.321001,44.109163],[3.321187,44.109263],[3.32141,44.109377],[3.321624,44.109497],[3.321762,44.109577],[3.321913,44.109624],[3.322059,44.109656],[3.322184,44.109658],[3.322279,44.109623],[3.322375,44.109591],[3.322866,44.109505],[3.323055,44.109437],[3.323159,44.109339],[3.323248,44.109228],[3.323319,44.10909],[3.323406,44.108942],[3.32362,44.108795],[3.323885,44.10868],[3.324165,44.108603],[3.324033,44.110882],[3.324018,44.111871],[3.324156,44.11317],[3.324248,44.114037],[3.324365,44.115071],[3.324395,44.11534],[3.324408,44.116033],[3.32443,44.117323],[3.324447,44.118315],[3.324407,44.119529],[3.324302,44.1207],[3.324271,44.121312],[3.32405,44.12129],[3.323686,44.121278],[3.323275,44.121266],[3.323058,44.121253],[3.322875,44.12124],[3.322721,44.121213],[3.322805,44.121477],[3.322873,44.121746],[3.323198,44.122553],[3.324041,44.124343],[3.324052,44.125027],[3.323945,44.126017],[3.323587,44.127009],[3.32273,44.127917],[3.322133,44.128906],[3.321921,44.129139],[3.321758,44.129242],[3.32114,44.129864],[3.320857,44.131484],[3.320865,44.131934],[3.320459,44.134465],[3.320307,44.135815],[3.320296,44.135905],[3.322777,44.13747],[3.325258,44.139034],[3.327739,44.140599],[3.3295,44.14171],[3.330126,44.142104],[3.330219,44.142164],[3.332273,44.141785],[3.332318,44.144302],[3.332264,44.148313],[3.332378,44.14881],[3.332723,44.150288],[3.332826,44.150828],[3.33286,44.151005],[3.33322,44.152504],[3.333579,44.154002],[3.333939,44.155501],[3.334263,44.157162],[3.334621,44.158822],[3.334873,44.158909],[3.336055,44.158673],[3.337738,44.158448],[3.337862,44.158432],[3.340372,44.158364],[3.342362,44.158504],[3.343185,44.158563],[3.34425,44.158733],[3.345319,44.159092],[3.345696,44.159268],[3.346646,44.159979],[3.347154,44.160514],[3.347538,44.161005],[3.347792,44.161227],[3.348177,44.161853],[3.348697,44.162927],[3.348768,44.162972],[3.349644,44.163503],[3.350966,44.164121],[3.351847,44.164427],[3.353865,44.165011],[3.353981,44.165045],[3.354547,44.165265],[3.354931,44.165756],[3.356837,44.167536],[3.35722,44.167983],[3.35747,44.167981],[3.36091,44.167589],[3.361906,44.167516],[3.362345,44.167485],[3.363032,44.167478],[3.363174,44.167491],[3.364784,44.167642],[3.368669,44.168288],[3.371048,44.168626],[3.371993,44.169067],[3.372689,44.169555],[3.373419,44.170335],[3.373843,44.170789],[3.374011,44.170966],[3.374195,44.170949],[3.374378,44.17094],[3.374541,44.170939],[3.377754,44.170751],[3.380966,44.170564],[3.383086,44.170409],[3.386396,44.169658],[3.389073,44.169182],[3.39163,44.168933],[3.395622,44.168625],[3.395745,44.168533],[3.395545,44.167861],[3.395532,44.166512],[3.395766,44.165701],[3.395816,44.164981],[3.39568,44.164398],[3.395353,44.163637],[3.395343,44.163043],[3.395462,44.162772],[3.395951,44.162183],[3.396558,44.161233],[3.396744,44.161186],[3.397874,44.16149],[3.399002,44.161704],[3.399624,44.161563],[3.40062,44.161427],[3.401371,44.161419],[3.403514,44.161848],[3.4044,44.162048],[3.405277,44.162164],[3.405678,44.161924],[3.406069,44.161553],[3.406619,44.160874],[3.407342,44.159473],[3.407725,44.158689],[3.408166,44.157178],[3.408265,44.156706],[3.40934,44.156117],[3.409709,44.155889],[3.409887,44.155348],[3.410143,44.155031],[3.411067,44.154347],[3.411133,44.153923],[3.411991,44.153542],[3.412452,44.153604],[3.412924,44.15367],[3.413718,44.153763],[3.41418,44.153831],[3.414998,44.15393],[3.415347,44.153954],[3.415631,44.153979],[3.415934,44.153994],[3.417006,44.154113],[3.417848,44.154014],[3.419075,44.153788],[3.420119,44.15362],[3.420897,44.153467],[3.421673,44.153189],[3.422198,44.152915],[3.422858,44.152379],[3.423178,44.152045],[3.423711,44.151833],[3.423822,44.151775],[3.423868,44.151716],[3.424041,44.151471],[3.424057,44.151449],[3.424277,44.151179],[3.424367,44.151028],[3.424447,44.150919],[3.424528,44.150867],[3.424701,44.150754],[3.424771,44.150693],[3.424819,44.150616],[3.424889,44.150483],[3.42501,44.150067],[3.425103,44.149784],[3.425499,44.14968],[3.425956,44.149561],[3.42754,44.149118],[3.43086,44.14804],[3.431189,44.147268],[3.431372,44.147041],[3.431731,44.146273],[3.43262,44.143791],[3.432914,44.142844],[3.432818,44.141091],[3.43268,44.139789],[3.432546,44.139341],[3.432291,44.138358],[3.432447,44.137909],[3.432507,44.137663],[3.432501,44.137313],[3.432476,44.137024],[3.432511,44.136666],[3.432594,44.136429],[3.432793,44.136123],[3.432861,44.135979],[3.432885,44.13588],[3.432875,44.135738],[3.432808,44.135424],[3.432809,44.135316],[3.432842,44.135153],[3.432918,44.134952],[3.433034,44.134813],[3.433253,44.134641],[3.433418,44.134558],[3.433891,44.134402],[3.43417,44.134305],[3.434272,44.134241],[3.434345,44.134159],[3.434415,44.134147],[3.434445,44.134123],[3.434507,44.134035],[3.434739,44.133695],[3.434817,44.133607],[3.434902,44.133555],[3.434991,44.133476],[3.43512,44.133189],[3.435308,44.132876],[3.435522,44.132526],[3.435931,44.131926],[3.436355,44.131614],[3.436587,44.131495],[3.436681,44.131425],[3.436737,44.131376],[3.436823,44.131346],[3.437105,44.131255],[3.437528,44.131201],[3.437838,44.131153],[3.437922,44.131108],[3.438009,44.131046],[3.438086,44.13101],[3.438165,44.13098],[3.438246,44.130933],[3.438375,44.130844],[3.438491,44.130754],[3.438572,44.130645],[3.438647,44.130584],[3.438732,44.130516],[3.438794,44.130441],[3.438803,44.13043],[3.438946,44.13024],[3.438999,44.130121],[3.439028,44.130072],[3.439082,44.130001],[3.439098,44.129931],[3.439098,44.129865],[3.439113,44.129821],[3.439176,44.129725],[3.439279,44.129514],[3.439326,44.129397],[3.439362,44.129359],[3.439411,44.129328],[3.439998,44.129186],[3.440125,44.129124],[3.441778,44.128909],[3.444964,44.128676],[3.445523,44.128635],[3.446027,44.128292],[3.446397,44.128042],[3.446883,44.127801],[3.447001,44.12776],[3.447128,44.127697],[3.44725,44.127622],[3.447418,44.127513],[3.44763,44.127395],[3.447898,44.127288],[3.448114,44.127208],[3.448251,44.127142],[3.448322,44.127115],[3.448348,44.127105],[3.448575,44.12704],[3.448761,44.127015],[3.45049,44.126651],[3.452861,44.126627],[3.454049,44.12675],[3.454871,44.126978],[3.455023,44.126949],[3.455168,44.126914],[3.455315,44.126903],[3.455615,44.126903],[3.456024,44.126915],[3.456465,44.126934],[3.456944,44.126981],[3.457252,44.127036],[3.457533,44.12707],[3.457762,44.127092],[3.458074,44.127183],[3.458328,44.127222],[3.458506,44.127264],[3.458835,44.127351],[3.459098,44.127405],[3.459339,44.12743],[3.459491,44.127429],[3.459668,44.127432],[3.459977,44.127418],[3.46033,44.127387],[3.460832,44.127337],[3.461225,44.127303],[3.46158,44.127299],[3.461952,44.127275],[3.462436,44.127263],[3.463003,44.127286],[3.46353,44.127335],[3.464413,44.127428],[3.464851,44.127465],[3.46539,44.127478],[3.465705,44.127465],[3.466067,44.127426],[3.466428,44.127409],[3.466953,44.127438],[3.467121,44.127458],[3.467211,44.127468],[3.467302,44.127475],[3.46743,44.127465],[3.46758,44.12745],[3.46774,44.127411],[3.468065,44.127341],[3.468332,44.127304],[3.468425,44.127294],[3.468734,44.127281],[3.469111,44.127257],[3.469455,44.127244],[3.469637,44.127233],[3.469985,44.127199],[3.470328,44.127172],[3.470626,44.127151],[3.470821,44.127127],[3.471064,44.127049],[3.471246,44.126994],[3.47147,44.126911],[3.47157,44.126867],[3.471853,44.126693],[3.472315,44.12647],[3.472721,44.126287],[3.473144,44.126082],[3.473485,44.125946],[3.473701,44.125875],[3.474468,44.125299],[3.474667,44.125325],[3.474932,44.125357],[3.475023,44.125365],[3.475118,44.125351],[3.475314,44.125299],[3.475533,44.125222],[3.475653,44.125155],[3.475821,44.125055],[3.47594,44.12498],[3.476032,44.124941],[3.476155,44.124901],[3.476304,44.124859],[3.476426,44.12482],[3.476561,44.124797],[3.476767,44.124777],[3.477045,44.124745],[3.477259,44.124728],[3.477502,44.124728],[3.477967,44.124703],[3.478483,44.124671],[3.47886,44.124649],[3.478951,44.124645],[3.47902,44.124634],[3.479133,44.124601],[3.479369,44.124535],[3.47977,44.124389],[3.479957,44.124334],[3.480046,44.124296],[3.480387,44.124143],[3.480516,44.124087],[3.480645,44.124027],[3.480751,44.12399],[3.480852,44.123968],[3.480816,44.124095],[3.480937,44.124111],[3.481125,44.124118],[3.481248,44.12414],[3.481359,44.124158],[3.481429,44.124167],[3.481546,44.124167],[3.481868,44.124153],[3.482006,44.124143],[3.482057,44.124131],[3.482123,44.12411],[3.482303,44.124035],[3.482383,44.123996],[3.482445,44.12398],[3.482518,44.123969],[3.482764,44.123952],[3.482985,44.12394],[3.483049,44.123939],[3.483345,44.123944],[3.483675,44.123944],[3.484004,44.123943],[3.484241,44.123934],[3.484448,44.123928],[3.484616,44.12391],[3.48486,44.123901],[3.484976,44.123901],[3.485087,44.123911],[3.485193,44.123927],[3.485263,44.12395],[3.485381,44.124],[3.485495,44.124043],[3.485644,44.124085],[3.485809,44.124125],[3.485962,44.12416],[3.486101,44.124183],[3.486272,44.124201],[3.486407,44.124205],[3.48652,44.124209],[3.486588,44.124215],[3.486662,44.124228],[3.486795,44.12426],[3.486839,44.124271],[3.487364,44.124387],[3.487493,44.124271],[3.487511,44.12427],[3.487605,44.124277],[3.4878,44.124301],[3.48794,44.124308],[3.488,44.124305],[3.488126,44.124282],[3.488164,44.124258],[3.488261,44.124211],[3.488467,44.124128],[3.488609,44.124076],[3.488641,44.124069],[3.488732,44.124069],[3.488817,44.124074],[3.488906,44.124076],[3.488972,44.124077],[3.48903,44.124068],[3.489098,44.124031],[3.48923,44.123993],[3.489361,44.123963],[3.489475,44.123955],[3.489674,44.12396],[3.489847,44.123971],[3.489955,44.123974],[3.490081,44.123976],[3.490233,44.123996],[3.490404,44.124035],[3.490608,44.124109],[3.490915,44.124218],[3.491359,44.12435],[3.491881,44.124519],[3.492371,44.124649],[3.492904,44.124769],[3.4931,44.124813],[3.493178,44.124854],[3.493258,44.124904],[3.493335,44.124947],[3.493519,44.125012],[3.493806,44.125091],[3.493997,44.125146],[3.494109,44.125184],[3.494262,44.125252],[3.494396,44.125292],[3.494566,44.12534],[3.494768,44.125378],[3.494845,44.125385],[3.494897,44.125388],[3.495015,44.125377],[3.495089,44.125382],[3.495527,44.125425],[3.495963,44.125452],[3.496304,44.125465],[3.496589,44.125457],[3.496785,44.125441],[3.496969,44.125429],[3.49709,44.125414],[3.497201,44.125388],[3.497283,44.125356],[3.497383,44.125316],[3.497476,44.125267],[3.497582,44.125244],[3.497799,44.125217],[3.498037,44.125181],[3.498245,44.125141],[3.498387,44.125118],[3.498468,44.125117],[3.498675,44.125114],[3.498929,44.125115],[3.499037,44.125114],[3.499108,44.12512],[3.499353,44.125163],[3.499453,44.125183],[3.499576,44.12519],[3.49962,44.125192],[3.49967,44.125203],[3.499775,44.125246],[3.499891,44.125263],[3.500048,44.125299],[3.500098,44.125312],[3.500198,44.125314],[3.50029,44.125305],[3.500413,44.125284],[3.500522,44.125278],[3.500582,44.125284],[3.500654,44.125288],[3.500769,44.125278],[3.500945,44.125252],[3.501159,44.125234],[3.501313,44.125235],[3.501433,44.125241],[3.501539,44.125243],[3.501654,44.125231],[3.501743,44.125217],[3.501839,44.125199],[3.501905,44.125184],[3.501967,44.125185],[3.5022,44.125197],[3.50232,44.125197],[3.50241,44.125199],[3.502449,44.125196],[3.502481,44.125186],[3.502525,44.125196],[3.502624,44.125245],[3.502682,44.125276],[3.502778,44.125335],[3.502917,44.125424],[3.503017,44.125501],[3.503029,44.125531],[3.503046,44.125554],[3.503119,44.125612],[3.503228,44.12572],[3.50331,44.125763],[3.503484,44.125861],[3.503631,44.125948],[3.503818,44.126012],[3.503953,44.126077],[3.5041,44.126127],[3.504213,44.126192],[3.504327,44.126223],[3.504541,44.126275],[3.504744,44.126294],[3.504879,44.126312],[3.505045,44.126329],[3.50515,44.126332],[3.505196,44.126335],[3.505378,44.126337],[3.505506,44.126321],[3.50561,44.126302],[3.505854,44.126279],[3.506134,44.126274],[3.506332,44.126279],[3.506787,44.126268],[3.506937,44.12628],[3.507023,44.126284],[3.507126,44.126271],[3.50783,44.126242],[3.507886,44.126261],[3.507965,44.12628],[3.508055,44.126276],[3.508308,44.126195],[3.508703,44.12605],[3.509087,44.125901],[3.509433,44.125718],[3.509627,44.125625],[3.509825,44.125539],[3.510014,44.125499],[3.51096,44.125321],[3.511343,44.125175],[3.511783,44.125043],[3.512272,44.124863],[3.512909,44.124637],[3.513465,44.124386],[3.514026,44.124074],[3.514199,44.123875],[3.514267,44.123814],[3.514598,44.123684],[3.515013,44.123504],[3.515528,44.123287],[3.516245,44.122998],[3.516975,44.122756],[3.517493,44.122567],[3.517755,44.122468],[3.518376,44.122255],[3.518843,44.122047],[3.519355,44.121859],[3.519641,44.121773],[3.519757,44.121726],[3.519955,44.121646],[3.520197,44.121519],[3.520653,44.121316],[3.520842,44.121247],[3.521074,44.121183],[3.521315,44.121142],[3.52151,44.121096],[3.521645,44.12104],[3.521986,44.120896],[3.522156,44.120814],[3.522241,44.120787],[3.522326,44.120783],[3.522848,44.12078],[3.523029,44.120753],[3.52324,44.120697],[3.523643,44.120578],[3.523778,44.120567],[3.524083,44.120558],[3.524209,44.120563],[3.524451,44.120569],[3.524946,44.120628],[3.52536,44.120704],[3.52555,44.12072],[3.525831,44.120723],[3.525991,44.120712],[3.526283,44.12069],[3.526626,44.12068],[3.526977,44.120684],[3.528228,44.120785],[3.528903,44.121082],[3.528946,44.12111],[3.529093,44.121201],[3.529425,44.121169],[3.529593,44.121157],[3.529627,44.121189],[3.529666,44.121209],[3.529792,44.121245],[3.530119,44.121304],[3.530383,44.12137],[3.530653,44.121423],[3.530923,44.121489],[3.531181,44.121548],[3.531565,44.121629],[3.531799,44.121673],[3.532037,44.121698],[3.532295,44.121695],[3.532533,44.121684],[3.53279,44.121653],[3.532862,44.121609],[3.53291,44.1216],[3.532984,44.121576],[3.533121,44.12155],[3.533343,44.121517],[3.533594,44.121483],[3.533727,44.121463],[3.533797,44.12144],[3.533876,44.121399],[3.533968,44.121356],[3.534067,44.121316],[3.534168,44.121282],[3.534264,44.121259],[3.534344,44.121245],[3.534421,44.12124],[3.534536,44.12124],[3.534724,44.121253],[3.534807,44.121249],[3.534861,44.12124],[3.534921,44.121256],[3.53501,44.121266],[3.53515,44.12126],[3.535338,44.121231],[3.535503,44.121187],[3.535685,44.121127],[3.535909,44.12104],[3.53613,44.120952],[3.536367,44.120866],[3.536492,44.120828],[3.536579,44.120749],[3.536653,44.120724],[3.536904,44.120662],[3.537228,44.120588],[3.537503,44.12052],[3.53771,44.120453],[3.537892,44.120379],[3.538203,44.120269],[3.538418,44.120179],[3.538727,44.120044],[3.539163,44.119808],[3.53944,44.119654],[3.539624,44.119524],[3.539802,44.119367],[3.539997,44.119196],[3.540247,44.118983],[3.540341,44.118862],[3.540426,44.118689],[3.540527,44.118466],[3.540583,44.118299],[3.54063,44.118105],[3.540632,44.118006],[3.540627,44.117887],[3.540588,44.117742],[3.540544,44.117611],[3.540459,44.117477],[3.540355,44.117334],[3.540322,44.117273],[3.540306,44.117231],[3.540282,44.117138],[3.54029,44.117033],[3.540308,44.116988],[3.540337,44.116954],[3.540475,44.116934],[3.540507,44.116867],[3.540556,44.116796],[3.540654,44.116706],[3.540735,44.11664],[3.540805,44.116574],[3.540836,44.116533],[3.540857,44.11649],[3.540864,44.116437],[3.540874,44.116371],[3.540876,44.11633],[3.540888,44.116289],[3.540919,44.116243],[3.540978,44.116175],[3.541102,44.116047],[3.541273,44.11584],[3.541437,44.115621],[3.541599,44.11538],[3.541816,44.11508],[3.541987,44.114796],[3.542099,44.114645],[3.542229,44.114491],[3.542331,44.114398],[3.542527,44.114237],[3.542702,44.114097],[3.542912,44.113921],[3.543072,44.113764],[3.54324,44.113612],[3.543306,44.11352],[3.543367,44.113417],[3.543394,44.11333],[3.543415,44.113256],[3.543425,44.113177],[3.543432,44.113094],[3.543411,44.112934],[3.543388,44.112821],[3.543365,44.112706],[3.543337,44.112557],[3.543305,44.112419],[3.543277,44.112281],[3.543258,44.112139],[3.543242,44.111994],[3.543233,44.111829],[3.543234,44.111668],[3.543225,44.111516],[3.543218,44.111373],[3.543218,44.111237],[3.543214,44.111078],[3.543208,44.110917],[3.543206,44.110761],[3.543214,44.110626],[3.543229,44.110491],[3.543249,44.110381],[3.543282,44.110244],[3.543323,44.110135],[3.543369,44.11003],[3.54341,44.109941],[3.543459,44.109864],[3.543519,44.109779],[3.543589,44.109666],[3.543653,44.109584],[3.543657,44.109591],[3.543746,44.109688],[3.543821,44.109754],[3.543822,44.109756],[3.543967,44.109861],[3.544178,44.109996],[3.544392,44.110131],[3.544672,44.110312],[3.5449,44.110465],[3.545056,44.110594],[3.545158,44.110701],[3.545232,44.110824],[3.545315,44.111013],[3.545383,44.111186],[3.545442,44.111382],[3.545495,44.111607],[3.545539,44.111812],[3.545569,44.111956],[3.545582,44.112075],[3.545595,44.112189],[3.545597,44.11228],[3.545585,44.112385],[3.545565,44.11257],[3.545532,44.112719],[3.545505,44.112826],[3.545465,44.11291],[3.545421,44.112996],[3.545385,44.113071],[3.545359,44.113103],[3.545317,44.113151],[3.545286,44.113196],[3.545276,44.113237],[3.545293,44.113281],[3.545375,44.113356],[3.545469,44.113446],[3.545543,44.113528],[3.545593,44.11358],[3.54563,44.113629],[3.545662,44.113691],[3.545705,44.11379],[3.545723,44.113864],[3.545749,44.113942],[3.545787,44.114002],[3.545886,44.114128],[3.545943,44.11421],[3.545985,44.114301],[3.546024,44.114369],[3.54607,44.114428],[3.546113,44.114464],[3.546165,44.114483],[3.546347,44.114523],[3.546759,44.114603],[3.547113,44.114688],[3.547356,44.114752],[3.547533,44.114822],[3.547708,44.114907],[3.547832,44.114977],[3.547887,44.115018],[3.54793,44.115049],[3.548016,44.115107],[3.548165,44.115221],[3.548358,44.115381],[3.548534,44.115525],[3.548687,44.115629],[3.548866,44.11573],[3.549125,44.115884],[3.549412,44.116054],[3.549485,44.116088],[3.549541,44.11613],[3.549572,44.116165],[3.5496,44.116223],[3.549631,44.116275],[3.549662,44.116313],[3.549705,44.116344],[3.549765,44.11638],[3.549852,44.116423],[3.54991,44.116445],[3.550065,44.116482],[3.550211,44.116506],[3.550441,44.116524],[3.550695,44.116533],[3.550981,44.116559],[3.551215,44.116578],[3.551303,44.116578],[3.551356,44.116567],[3.551399,44.116546],[3.551442,44.116519],[3.551475,44.116551],[3.551545,44.116596],[3.551618,44.116618],[3.551728,44.116636],[3.551859,44.116653],[3.551891,44.116656],[3.552045,44.116671],[3.552327,44.116702],[3.552676,44.116733],[3.552909,44.116772],[3.553037,44.116806],[3.553216,44.116869],[3.553527,44.116983],[3.553964,44.117145],[3.554391,44.117309],[3.554731,44.117442],[3.555029,44.117554],[3.55537,44.117683],[3.55555,44.117752],[3.555769,44.117834],[3.556126,44.117969],[3.55638,44.118087],[3.556704,44.118252],[3.557072,44.118455],[3.557449,44.118667],[3.557827,44.118877],[3.558063,44.119007],[3.55827,44.119126],[3.558429,44.119234],[3.55851,44.119312],[3.558592,44.119306],[3.558691,44.119327],[3.558799,44.119382],[3.559003,44.119501],[3.5594,44.119755],[3.559679,44.119935],[3.560021,44.120167],[3.560399,44.120417],[3.560806,44.120696],[3.560932,44.120809],[3.561024,44.120904],[3.561167,44.121089],[3.561362,44.121349],[3.561577,44.121609],[3.561619,44.121648],[3.56166,44.121671],[3.561717,44.121697],[3.561769,44.121709],[3.561846,44.121839],[3.561971,44.122003],[3.562129,44.122216],[3.562194,44.122298],[3.562272,44.122386],[3.562379,44.122494],[3.562481,44.12258],[3.562674,44.122755],[3.562804,44.122864],[3.562872,44.122908],[3.562937,44.122937],[3.563087,44.122999],[3.563299,44.123094],[3.563455,44.123177],[3.563658,44.123258],[3.563794,44.123297],[3.563887,44.123342],[3.564021,44.12345],[3.564082,44.123466],[3.564175,44.123481],[3.564274,44.123484],[3.564385,44.123485],[3.564515,44.123481],[3.564661,44.123472],[3.564737,44.12347],[3.564944,44.123462],[3.565025,44.123458],[3.565192,44.123449],[3.565349,44.123435],[3.565504,44.123419],[3.565701,44.123401],[3.565873,44.123376],[3.56601,44.123354],[3.566132,44.123327],[3.566242,44.123286],[3.56644,44.123201],[3.566658,44.123111],[3.567056,44.122948],[3.567376,44.12282],[3.567699,44.122698],[3.567788,44.122671],[3.567895,44.122652],[3.568126,44.122617],[3.568424,44.122574],[3.568672,44.122543],[3.568931,44.1225],[3.569324,44.122433],[3.569576,44.122394],[3.569758,44.12237],[3.569834,44.122368],[3.569896,44.122368],[3.569952,44.122384],[3.570027,44.122418],[3.570081,44.122359],[3.570171,44.122294],[3.570294,44.122237],[3.570491,44.122175],[3.570528,44.122164],[3.570841,44.122076],[3.571183,44.121977],[3.571571,44.121869],[3.571952,44.121769],[3.572307,44.121682],[3.572553,44.121628],[3.572708,44.121609],[3.572859,44.121599],[3.573034,44.121592],[3.573279,44.121592],[3.573675,44.121594],[3.574183,44.121603],[3.574604,44.121604],[3.575082,44.121604],[3.575418,44.121604],[3.575686,44.121597],[3.575836,44.121591],[3.576246,44.121567],[3.576692,44.121544],[3.576821,44.121537],[3.577219,44.121539],[3.57806,44.121544],[3.579136,44.121582],[3.580862,44.121614],[3.58161,44.121603],[3.581744,44.121606],[3.58182,44.121603],[3.582156,44.121577],[3.582435,44.121526],[3.582468,44.121527],[3.582619,44.121526],[3.582808,44.121514],[3.582949,44.121503],[3.583064,44.121504],[3.58322,44.121509],[3.583317,44.121512],[3.583385,44.121511],[3.583443,44.121504],[3.583493,44.121489],[3.583574,44.121457],[3.583898,44.121265],[3.584786,44.120836],[3.584981,44.120741],[3.586926,44.119593],[3.58703,44.119531],[3.587106,44.119491],[3.587197,44.119459],[3.587351,44.119415],[3.587495,44.119366],[3.587564,44.119346],[3.58763,44.119323],[3.587684,44.119289],[3.588103,44.119131],[3.588504,44.118979],[3.588835,44.118768],[3.589543,44.118311],[3.590404,44.118475],[3.590696,44.119174],[3.590746,44.119296],[3.590755,44.119315],[3.590773,44.119329],[3.590837,44.119377],[3.590882,44.119416],[3.590908,44.119448],[3.590934,44.119487],[3.590963,44.119524],[3.591011,44.119622],[3.591065,44.119704],[3.59111,44.119757],[3.591153,44.119803],[3.59119,44.119834],[3.591236,44.119856],[3.591352,44.119899],[3.591424,44.119926],[3.591485,44.119962],[3.592706,44.119555],[3.594256,44.119099],[3.595049,44.119012],[3.595846,44.119024],[3.596616,44.119027],[3.598046,44.119128],[3.598061,44.119129],[3.598092,44.119065],[3.598118,44.119026],[3.598167,44.118947],[3.598783,44.11858],[3.599944,44.117442],[3.600743,44.116938],[3.602549,44.116153],[3.603165,44.115786],[3.60397,44.115552],[3.604277,44.115324],[3.604466,44.115367],[3.604598,44.115724],[3.604791,44.115993],[3.605231,44.116086],[3.607734,44.116371],[3.608232,44.116366],[3.609973,44.116031],[3.611596,44.116102],[3.612363,44.116318],[3.612427,44.116407],[3.612553,44.116451],[3.612623,44.116765],[3.613576,44.117518],[3.614023,44.117962],[3.616287,44.118745],[3.618926,44.119487],[3.619678,44.119658],[3.623274,44.118627],[3.624693,44.117846],[3.626403,44.118455],[3.627094,44.118627],[3.627161,44.118806],[3.626978,44.119033],[3.626985,44.119348],[3.627308,44.119793],[3.629013,44.120628],[3.630333,44.12107],[3.631399,44.121283],[3.632334,44.121271],[3.632832,44.12122],[3.633686,44.123008],[3.633946,44.123455],[3.634525,44.124608],[3.634438,44.124718],[3.634271,44.12492],[3.634181,44.125031],[3.63412,44.125106],[3.634056,44.125211],[3.633996,44.12531],[3.633966,44.125375],[3.633941,44.125426],[3.633937,44.125488],[3.633934,44.125553],[3.633959,44.125662],[3.633553,44.126144],[3.632707,44.127157],[3.632405,44.127574],[3.632345,44.12771],[3.63242,44.128249],[3.632741,44.128649],[3.633197,44.129453],[3.633647,44.130032],[3.633906,44.130434],[3.634296,44.131149],[3.634881,44.132131],[3.635203,44.132576],[3.635273,44.13289],[3.635288,44.13352],[3.634865,44.134154],[3.634672,44.134415],[3.633653,44.135796],[3.633536,44.136113],[3.634296,44.136598],[3.634949,44.137297],[3.635128,44.137488],[3.635773,44.138379],[3.635867,44.140267],[3.635999,44.140579],[3.636508,44.141023],[3.637397,44.141642],[3.638356,44.142134],[3.639422,44.142301],[3.64067,44.142286],[3.641231,44.142189],[3.642655,44.141678],[3.64284,44.141631],[3.643153,44.141627],[3.643593,44.141757],[3.643848,44.141979],[3.643976,44.142157],[3.644866,44.142821],[3.645622,44.143126],[3.646187,44.14321],[3.648933,44.143177],[3.649308,44.143217],[3.650961,44.144465],[3.652673,44.145568],[3.653222,44.145951],[3.653243,44.145966],[3.653121,44.146058],[3.652139,44.1462],[3.650756,44.146401],[3.649383,44.146418],[3.648258,44.146341],[3.647827,44.146616],[3.647086,44.146985],[3.645723,44.14745],[3.643288,44.148019],[3.642424,44.148434],[3.641871,44.14889],[3.641323,44.149282],[3.64129,44.149381],[3.641229,44.149504],[3.641093,44.149707],[3.640915,44.149988],[3.640732,44.150203],[3.64052,44.150466],[3.640332,44.150687],[3.640182,44.150864],[3.640027,44.151004],[3.639886,44.151104],[3.639711,44.151192],[3.639509,44.151266],[3.639307,44.151394],[3.638811,44.151535],[3.63706,44.151466],[3.636492,44.151194],[3.636179,44.151197],[3.633505,44.152173],[3.633007,44.15227],[3.632318,44.152187],[3.632053,44.152032],[3.631938,44.151965],[3.631836,44.151944],[3.631693,44.151931],[3.631632,44.151923],[3.631441,44.152063],[3.628344,44.153179],[3.627597,44.153277],[3.626161,44.153295],[3.626101,44.15343],[3.627117,44.154183],[3.627309,44.154337],[3.627499,44.154493],[3.627824,44.155029],[3.62898,44.156418],[3.629554,44.15695],[3.629655,44.157077],[3.62994,44.15744],[3.6302,44.157887],[3.630325,44.158425],[3.630466,44.159143],[3.630667,44.15977],[3.630862,44.160082],[3.632793,44.162586],[3.632795,44.162592],[3.632859,44.162722],[3.633055,44.163123],[3.633224,44.163497],[3.633319,44.163704],[3.633339,44.164559],[3.633148,44.167168],[3.633135,44.168006],[3.633167,44.168006],[3.633362,44.167999],[3.633584,44.168086],[3.633805,44.168213],[3.633972,44.168323],[3.634045,44.168446],[3.634134,44.168607],[3.634193,44.168798],[3.634235,44.168887],[3.634394,44.169032],[3.634566,44.169092],[3.634732,44.169128],[3.6351,44.169232],[3.635298,44.169319],[3.635551,44.169474],[3.63571,44.169601],[3.635799,44.169724],[3.635887,44.169835],[3.636109,44.169972],[3.636291,44.170072],[3.636419,44.170188],[3.636479,44.170357],[3.636603,44.170733],[3.636626,44.170779],[3.637258,44.172029],[3.637725,44.173373],[3.637935,44.174359],[3.638012,44.174988],[3.637774,44.175485],[3.637531,44.175804],[3.637042,44.176258],[3.637107,44.176348],[3.640635,44.177619],[3.641388,44.177967],[3.641393,44.177969],[3.64151,44.17804],[3.642111,44.178404],[3.64285,44.178851],[3.642981,44.178942],[3.643262,44.179137],[3.643485,44.179294],[3.643523,44.179314],[3.644434,44.179822],[3.644942,44.18013],[3.645569,44.180257],[3.647071,44.180329],[3.648515,44.180636],[3.649644,44.180847],[3.650131,44.180301],[3.650248,44.179941],[3.650399,44.178356],[3.65108,44.178123],[3.652578,44.177521],[3.652762,44.177339],[3.652756,44.177114],[3.653283,44.176851],[3.65384,44.176573],[3.653955,44.176516],[3.654252,44.176369],[3.654794,44.1761],[3.654912,44.176029],[3.655072,44.175933],[3.655102,44.175916],[3.655438,44.17579],[3.656341,44.175451],[3.657264,44.175206],[3.65725,44.17512],[3.657221,44.175034],[3.657171,44.17495],[3.657124,44.174884],[3.657091,44.174835],[3.65708,44.17479],[3.657096,44.174743],[3.657163,44.174691],[3.657252,44.174645],[3.65735,44.174599],[3.657443,44.174547],[3.657487,44.174483],[3.657525,44.174376],[3.657558,44.174263],[3.657585,44.174157],[3.657593,44.174061],[3.657591,44.173959],[3.657571,44.173868],[3.657523,44.17374],[3.65749,44.173643],[3.65746,44.17352],[3.657418,44.173366],[3.657407,44.173331],[3.657837,44.173374],[3.657988,44.173374],[3.658092,44.1734],[3.658204,44.17342],[3.658303,44.173419],[3.658446,44.173405],[3.65857,44.173396],[3.65866,44.173416],[3.658753,44.173443],[3.658818,44.173453],[3.658891,44.173451],[3.659013,44.173445],[3.659181,44.173447],[3.659295,44.173467],[3.659404,44.173502],[3.659524,44.173554],[3.659642,44.173626],[3.659738,44.173674],[3.659872,44.173734],[3.660011,44.173784],[3.660118,44.173803],[3.660297,44.173828],[3.660457,44.173852],[3.66059,44.173875],[3.660692,44.173893],[3.660792,44.173927],[3.660912,44.173978],[3.661021,44.174018],[3.661128,44.174056],[3.661223,44.174094],[3.66132,44.174143],[3.661539,44.174215],[3.66165,44.174252],[3.661779,44.174286],[3.661911,44.174346],[3.662018,44.174383],[3.662087,44.17441],[3.662223,44.174448],[3.662335,44.174494],[3.662438,44.174544],[3.662535,44.174609],[3.662606,44.174672],[3.662679,44.174711],[3.662773,44.174757],[3.662885,44.174816],[3.662978,44.174849],[3.663088,44.17489],[3.663191,44.174931],[3.663302,44.174976],[3.66339,44.175008],[3.663472,44.175048],[3.663524,44.175096],[3.663581,44.175124],[3.66364,44.175139],[3.663687,44.175164],[3.663739,44.175221],[3.663793,44.175282],[3.663832,44.175348],[3.663846,44.175413],[3.663871,44.175495],[3.663912,44.175562],[3.663961,44.17562],[3.664037,44.175685],[3.664115,44.175751],[3.664181,44.175815],[3.664263,44.175871],[3.664364,44.175923],[3.664458,44.175966],[3.664555,44.175991],[3.664657,44.175996],[3.664775,44.17599],[3.664886,44.175982],[3.665006,44.175983],[3.665427,44.17607],[3.666441,44.176688],[3.667761,44.177031],[3.668704,44.177244],[3.66921,44.177472],[3.669528,44.177737],[3.669726,44.178185],[3.669981,44.178407],[3.670675,44.178713],[3.671179,44.178886],[3.671371,44.179109],[3.671509,44.179647],[3.671604,44.180995],[3.67137,44.181672],[3.670758,44.182219],[3.669714,44.182996],[3.668784,44.183817],[3.668231,44.184274],[3.668048,44.184456],[3.668116,44.184634],[3.668218,44.184745],[3.668692,44.185256],[3.669844,44.186375],[3.669895,44.186419],[3.669952,44.186475],[3.670016,44.186543],[3.670056,44.186525],[3.670104,44.186504],[3.670351,44.18643],[3.670661,44.186344],[3.670965,44.186251],[3.6713,44.18612],[3.671623,44.185982],[3.671887,44.185862],[3.672187,44.18571],[3.672558,44.185509],[3.673106,44.185214],[3.673572,44.18495],[3.674015,44.184727],[3.674229,44.18462],[3.674547,44.184473],[3.67492,44.184305],[3.675194,44.184176],[3.675404,44.184072],[3.675557,44.183986],[3.675685,44.183886],[3.675877,44.183725],[3.676022,44.183611],[3.676178,44.183518],[3.67631,44.183452],[3.676456,44.183397],[3.676636,44.183335],[3.677282,44.183152],[3.677622,44.183059],[3.677928,44.182984],[3.678183,44.182943],[3.678376,44.182931],[3.678579,44.182936],[3.678916,44.18297],[3.679203,44.182996],[3.679434,44.183001],[3.679637,44.182999],[3.67985,44.182983],[3.680271,44.182924],[3.680901,44.18284],[3.681518,44.182756],[3.681945,44.182715],[3.682272,44.18269],[3.682605,44.182678],[3.68306,44.182664],[3.683496,44.18265],[3.683805,44.182636],[3.68395,44.182622],[3.684031,44.182608],[3.684062,44.182634],[3.684214,44.182646],[3.684514,44.18267],[3.684709,44.182673],[3.684866,44.18266],[3.684993,44.182631],[3.685041,44.182607],[3.684602,44.182185],[3.684194,44.181794],[3.683673,44.1809],[3.683538,44.180498],[3.684448,44.179318],[3.686031,44.177589],[3.686576,44.176863],[3.687137,44.176316],[3.687445,44.176088],[3.68761,44.175989],[3.687684,44.175879],[3.687772,44.175764],[3.687987,44.175555],[3.688233,44.175324],[3.688429,44.175136],[3.688625,44.174943],[3.688827,44.174747],[3.68899,44.174591],[3.68914,44.174459],[3.689322,44.174312],[3.68956,44.174126],[3.689759,44.173955],[3.689907,44.173811],[3.690073,44.173638],[3.690201,44.173521],[3.690335,44.173418],[3.690515,44.173297],[3.690793,44.173122],[3.691,44.172977],[3.691192,44.172831],[3.691336,44.172707],[3.691489,44.172553],[3.69164,44.172387],[3.69181,44.172188],[3.691976,44.171985],[3.692131,44.171784],[3.692277,44.171605],[3.692417,44.171458],[3.692552,44.171333],[3.692693,44.171226],[3.692837,44.171137],[3.693047,44.17103],[3.693336,44.170901],[3.693653,44.170762],[3.693906,44.170645],[3.694108,44.170564],[3.694354,44.170486],[3.694533,44.170446],[3.694648,44.170428],[3.694681,44.170422],[3.694847,44.170409],[3.695026,44.170403],[3.695303,44.170403],[3.695702,44.170407],[3.696165,44.170407],[3.696785,44.170402],[3.697198,44.170398],[3.698404,44.170361],[3.698497,44.170313],[3.698552,44.170291],[3.69888,44.17023],[3.699363,44.170057],[3.699774,44.169875],[3.700128,44.169674],[3.700288,44.169544],[3.700526,44.169275],[3.700859,44.168828],[3.701183,44.168425],[3.701432,44.168181],[3.701659,44.16799],[3.701834,44.167793],[3.702255,44.167352],[3.702446,44.167103],[3.702618,44.166882],[3.705817,44.164879],[3.70625,44.164694],[3.70962,44.164075],[3.71199,44.163957],[3.712931,44.164079],[3.71532,44.164723],[3.71702,44.165287],[3.717523,44.165371],[3.718584,44.165356],[3.719765,44.165117],[3.721438,44.164601],[3.721941,44.164522],[3.722384,44.164454],[3.724695,44.164434],[3.725255,44.164337],[3.725627,44.164243],[3.725769,44.164129],[3.726546,44.163511],[3.727161,44.163143],[3.728152,44.162487],[3.728269,44.16241],[3.728564,44.162339],[3.728693,44.161832],[3.729021,44.161467],[3.729389,44.161305],[3.730041,44.161066],[3.730152,44.160995],[3.730282,44.160936],[3.730406,44.160896],[3.730561,44.16086],[3.730805,44.160826],[3.731211,44.160781],[3.731473,44.160744],[3.73171,44.16068],[3.731895,44.160606],[3.732053,44.160502],[3.732184,44.160387],[3.732304,44.160238],[3.732397,44.160052],[3.732479,44.159844],[3.732563,44.159706],[3.732687,44.159563],[3.732847,44.159424],[3.733093,44.159249],[3.733315,44.159085],[3.733527,44.158887],[3.733702,44.158696],[3.733832,44.158524],[3.734043,44.158167],[3.734215,44.157877],[3.734371,44.157661],[3.734568,44.157468],[3.734956,44.15701],[3.73557,44.156597],[3.737,44.15586],[3.739176,44.155436],[3.739857,44.155157],[3.740107,44.1552],[3.740801,44.15546],[3.741366,44.155588],[3.741929,44.155626],[3.742926,44.155568],[3.744479,44.155188],[3.744728,44.155184],[3.745108,44.15536],[3.745609,44.155443],[3.746297,44.155434],[3.746925,44.155606],[3.747423,44.155555],[3.748427,44.155227],[3.748732,44.154953],[3.749277,44.154271],[3.749881,44.153409],[3.750611,44.152636],[3.750918,44.152407],[3.751335,44.151637],[3.751757,44.151047],[3.752369,44.150544],[3.75268,44.150496],[3.755074,44.151319],[3.755264,44.151407],[3.755892,44.151533],[3.75847,44.15177],[3.758968,44.151718],[3.759012,44.151702],[3.759773,44.151438],[3.760391,44.15116],[3.761674,44.150064],[3.762223,44.149517],[3.762455,44.148795],[3.762311,44.148077],[3.761849,44.147094],[3.76164,44.146198],[3.761564,44.145704],[3.761312,44.145078],[3.760923,44.144498],[3.760856,44.144319],[3.762339,44.143716],[3.763259,44.143029],[3.764275,44.142685],[3.764274,44.142682],[3.764316,44.142538],[3.764429,44.142402],[3.764518,44.142243],[3.764643,44.141883],[3.764832,44.141581],[3.764878,44.141479],[3.764881,44.141383],[3.764853,44.140976],[3.765039,44.141035],[3.765154,44.141055],[3.765267,44.141047],[3.765349,44.141058],[3.765599,44.141118],[3.765824,44.141152],[3.765972,44.141157],[3.766165,44.141129],[3.766233,44.141136],[3.766523,44.141222],[3.766827,44.141252],[3.767055,44.141296],[3.767272,44.141321],[3.767619,44.14139],[3.767994,44.141507],[3.7682,44.141589],[3.768528,44.141797],[3.768689,44.141948],[3.768798,44.142145],[3.768812,44.142214],[3.768806,44.14235],[3.768843,44.142412],[3.768913,44.142476],[3.769131,44.1426],[3.769399,44.142665],[3.76976,44.14285],[3.769912,44.142959],[3.770092,44.143168],[3.770231,44.143281],[3.770426,44.143482],[3.770492,44.143535],[3.770852,44.143729],[3.770977,44.143753],[3.771196,44.143771],[3.771401,44.143808],[3.771439,44.143816],[3.772102,44.143737],[3.773089,44.14362],[3.773586,44.143523],[3.773515,44.142897],[3.773505,44.142805],[3.773309,44.142447],[3.773176,44.14209],[3.773038,44.141597],[3.774732,44.141889],[3.775668,44.141877],[3.775658,44.141517],[3.775782,44.141471],[3.775839,44.141245],[3.776203,44.140835],[3.777684,44.140187],[3.77886,44.139227],[3.77959,44.138498],[3.780215,44.137667],[3.780376,44.137454],[3.780455,44.136936],[3.780522,44.136834],[3.780577,44.136737],[3.78061,44.136666],[3.780624,44.136591],[3.780622,44.136543],[3.780603,44.136483],[3.78059,44.136425],[3.780589,44.136369],[3.780603,44.136326],[3.780643,44.136284],[3.780693,44.136258],[3.780793,44.136198],[3.780868,44.136159],[3.780925,44.136114],[3.780969,44.136063],[3.781013,44.135997],[3.781078,44.135902],[3.781106,44.135846],[3.781119,44.135779],[3.781123,44.135723],[3.781136,44.135661],[3.781166,44.135602],[3.781203,44.135538],[3.781242,44.135458],[3.781256,44.135404],[3.781805,44.134782],[3.782417,44.134279],[3.782439,44.134268],[3.782724,44.134095],[3.783852,44.134215],[3.784918,44.133976],[3.786082,44.133106],[3.786449,44.132787],[3.786935,44.13224],[3.787732,44.13169],[3.788718,44.131183],[3.789585,44.130902],[3.791085,44.130971],[3.791834,44.130961],[3.793271,44.130538],[3.794569,44.130026],[3.795118,44.129523],[3.795776,44.128391],[3.796382,44.127709],[3.796998,44.127385],[3.798376,44.127591],[3.800354,44.128287],[3.800568,44.128348],[3.800659,44.128372],[3.800752,44.128391],[3.800846,44.128404],[3.800917,44.128409],[3.801005,44.128414],[3.801084,44.128424],[3.801154,44.128445],[3.801233,44.128457],[3.801296,44.128459],[3.801389,44.128456],[3.801469,44.128453],[3.801524,44.128444],[3.801569,44.128435],[3.801632,44.128443],[3.801681,44.128453],[3.801765,44.128451],[3.801834,44.128439],[3.801881,44.128414],[3.801929,44.128395],[3.801993,44.128396],[3.802053,44.128399],[3.802104,44.128408],[3.802177,44.128408],[3.802244,44.128396],[3.802305,44.128392],[3.802433,44.128391],[3.802509,44.128392],[3.80261,44.128398],[3.80269,44.128416],[3.80277,44.128437],[3.802846,44.128445],[3.802911,44.128444],[3.802982,44.128434],[3.80306,44.128415],[3.803121,44.128406],[3.803198,44.128415],[3.804342,44.128465],[3.806289,44.128888],[3.807918,44.129136],[3.808791,44.129079],[3.810401,44.128609],[3.810837,44.128558],[3.812025,44.128676],[3.812653,44.128802],[3.813415,44.129296],[3.813799,44.12965],[3.815009,44.130533],[3.815391,44.130843],[3.815706,44.130973],[3.816282,44.131506],[3.816728,44.131814],[3.816768,44.13184],[3.81685,44.131866],[3.816984,44.131893],[3.817221,44.13193],[3.817474,44.131982],[3.817636,44.131997],[3.817798,44.132057],[3.818876,44.132324],[3.819035,44.132348],[3.819638,44.132388],[3.820104,44.13243],[3.820185,44.132448],[3.820222,44.132472],[3.820241,44.132484],[3.82027,44.132539],[3.820308,44.132758],[3.820401,44.133126],[3.820485,44.133325],[3.820629,44.133508],[3.820807,44.133727],[3.820864,44.133837],[3.820861,44.134041],[3.820866,44.13414],[3.821048,44.134457],[3.821189,44.134915],[3.821325,44.135137],[3.821476,44.135312],[3.821587,44.135521],[3.821631,44.13561],[3.821696,44.1357],[3.821783,44.135778],[3.821997,44.135903],[3.822141,44.135997],[3.822388,44.136201],[3.822749,44.136352],[3.822818,44.136394],[3.822864,44.136438],[3.822882,44.136469],[3.823219,44.136514],[3.823427,44.136514],[3.823893,44.136464],[3.82401,44.136461],[3.824106,44.136462],[3.824227,44.13648],[3.824407,44.136538],[3.824635,44.13661],[3.824739,44.136633],[3.824844,44.13665],[3.824933,44.136653],[3.825029,44.136635],[3.825117,44.136604],[3.825565,44.136367],[3.825637,44.136337],[3.825717,44.136317],[3.82582,44.1363],[3.825956,44.136292],[3.826069,44.136292],[3.826184,44.136301],[3.826282,44.136316],[3.826438,44.136364],[3.82689,44.136508],[3.827063,44.136538],[3.827131,44.136568],[3.827202,44.136585],[3.827269,44.136584],[3.827299,44.136573],[3.827348,44.136519],[3.827374,44.136493],[3.827453,44.136481],[3.827552,44.136469],[3.827657,44.136464],[3.827872,44.13651],[3.827983,44.136532],[3.828066,44.136536],[3.828186,44.136541],[3.828291,44.136556],[3.828402,44.136591],[3.828507,44.136641],[3.828639,44.136736],[3.828879,44.136856],[3.829038,44.136987],[3.829083,44.137026],[3.829108,44.137063],[3.829148,44.137099],[3.829397,44.137198],[3.829742,44.137288],[3.829975,44.13736],[3.830038,44.137385],[3.830106,44.137407],[3.83021,44.13738],[3.830254,44.137382],[3.8303,44.137363],[3.83039,44.137364],[3.830496,44.137402],[3.830834,44.137442],[3.830924,44.137478],[3.831057,44.137407],[3.831118,44.13741],[3.831188,44.137402],[3.831258,44.137395],[3.831309,44.137395],[3.831382,44.137407],[3.831443,44.137425],[3.831512,44.137427],[3.831593,44.137427],[3.831677,44.137425],[3.831836,44.137381],[3.831931,44.13736],[3.832024,44.137356],[3.832099,44.137361],[3.832169,44.137366],[3.832353,44.137334],[3.832422,44.137322],[3.832507,44.137328],[3.832679,44.137336],[3.832736,44.137326],[3.832772,44.13727],[3.832817,44.13726],[3.83289,44.137268],[3.833026,44.137219],[3.833059,44.137206],[3.833074,44.13717],[3.833097,44.13716],[3.834408,44.136537],[3.835583,44.135666],[3.836069,44.135121],[3.836683,44.134752],[3.837612,44.13447],[3.838171,44.134372],[3.83887,44.134812],[3.839059,44.134899],[3.839093,44.13491],[3.839435,44.135028],[3.839815,44.135159],[3.841641,44.135718],[3.842335,44.135978],[3.843898,44.136046],[3.846449,44.135884],[3.846606,44.135858],[3.846653,44.135858],[3.846689,44.135866],[3.846728,44.135908],[3.846796,44.135972],[3.846855,44.135991],[3.847015,44.135969],[3.847117,44.135943],[3.847205,44.135916],[3.847332,44.135915],[3.847407,44.135927],[3.84752,44.135903],[3.847711,44.135853],[3.847757,44.135837],[3.847796,44.135802],[3.847874,44.135751],[3.847917,44.135714],[3.84792,44.135693],[3.847922,44.135663],[3.847956,44.135644],[3.848028,44.135565],[3.848112,44.135437],[3.848201,44.135282],[3.848202,44.13522],[3.848173,44.135181],[3.848171,44.135152],[3.848203,44.135107],[3.848267,44.135051],[3.848432,44.134706],[3.848482,44.134612],[3.848527,44.134466],[3.848585,44.134372],[3.848651,44.134289],[3.848751,44.13421],[3.848945,44.134041],[3.849025,44.133972],[3.849192,44.133842],[3.849312,44.133746],[3.849492,44.133637],[3.849644,44.133519],[3.849744,44.133464],[3.849956,44.133461],[3.850017,44.133479],[3.850176,44.13346],[3.850314,44.133436],[3.850373,44.133423],[3.850492,44.133444],[3.850585,44.133425],[3.850796,44.133394],[3.850943,44.133357],[3.850985,44.133343],[3.851145,44.133249],[3.851198,44.133164],[3.851368,44.133043],[3.851535,44.132916],[3.851604,44.132852],[3.85165,44.132814],[3.85172,44.132753],[3.851796,44.132645],[3.851798,44.132595],[3.851791,44.132564],[3.851793,44.13252],[3.851882,44.132448],[3.851917,44.132356],[3.85192,44.132313],[3.851957,44.13228],[3.852003,44.132227],[3.85202,44.132176],[3.852037,44.132135],[3.852065,44.132111],[3.852134,44.131927],[3.852147,44.131896],[3.852164,44.131877],[3.852318,44.131779],[3.852478,44.131713],[3.852575,44.131652],[3.852605,44.131621],[3.852674,44.131552],[3.852848,44.131437],[3.85302,44.131359],[3.853172,44.131329],[3.853825,44.131217],[3.854231,44.131163],[3.854426,44.131124],[3.854705,44.131071],[3.855256,44.130879],[3.855607,44.130782],[3.85583,44.130719],[3.855935,44.130648],[3.856116,44.130528],[3.856187,44.130482],[3.856217,44.130438],[3.856267,44.130342],[3.856456,44.13021],[3.856521,44.130148],[3.856616,44.13003],[3.856635,44.129959],[3.856929,44.130069],[3.857123,44.130143],[3.857706,44.130352],[3.85822,44.130589],[3.858633,44.130827],[3.859058,44.13112],[3.85953,44.131524],[3.859958,44.131922],[3.86023,44.132084],[3.860428,44.132246],[3.860623,44.132382],[3.860665,44.132436],[3.86108,44.1326],[3.861158,44.132626],[3.861229,44.132639],[3.861297,44.132645],[3.86137,44.132639],[3.861442,44.132613],[3.861688,44.132469],[3.861969,44.132343],[3.862321,44.132204],[3.862464,44.132147],[3.862944,44.131919],[3.863318,44.131785],[3.863522,44.131681],[3.863879,44.131499],[3.864364,44.131264],[3.864743,44.131056],[3.865041,44.130896],[3.865539,44.130584],[3.865783,44.1305],[3.865983,44.130479],[3.866543,44.130439],[3.866855,44.130369],[3.867125,44.130286],[3.867358,44.130183],[3.867673,44.130114],[3.867728,44.129975],[3.86777,44.129903],[3.867891,44.129824],[3.867965,44.129784],[3.868019,44.129754],[3.868098,44.129711],[3.868351,44.129557],[3.868985,44.129257],[3.869303,44.129092],[3.869544,44.128874],[3.869613,44.128843],[3.869677,44.128828],[3.870606,44.128692],[3.870693,44.12866],[3.870754,44.128601],[3.871873,44.127941],[3.871928,44.127917],[3.872852,44.12753],[3.872907,44.127508],[3.873151,44.127405],[3.873925,44.127081],[3.873985,44.127057],[3.874901,44.126369],[3.874986,44.126337],[3.875273,44.126229],[3.875531,44.126541],[3.875596,44.126671],[3.8756,44.126776],[3.875693,44.127123],[3.875738,44.127246],[3.875765,44.127354],[3.875754,44.127533],[3.875742,44.127633],[3.87575,44.127685],[3.875768,44.127704],[3.875792,44.127714],[3.875814,44.127721],[3.875828,44.127822],[3.875834,44.127875],[3.875822,44.127957],[3.875748,44.128066],[3.875723,44.128184],[3.875459,44.12852],[3.874644,44.129222],[3.873923,44.129846],[3.873804,44.130072],[3.873875,44.130431],[3.874956,44.131135],[3.875151,44.131402],[3.875353,44.131939],[3.875612,44.132295],[3.875991,44.13247],[3.877563,44.132861],[3.878195,44.133122],[3.87896,44.133695],[3.879152,44.133862],[3.879214,44.133916],[3.879853,44.134793],[3.87997,44.134954],[3.880044,44.135055],[3.880123,44.135163],[3.880147,44.135185],[3.880315,44.135341],[3.880539,44.135934],[3.88135,44.136674],[3.882058,44.137429],[3.882471,44.137771],[3.882761,44.138012],[3.883268,44.13832],[3.884155,44.138757],[3.885362,44.139549],[3.885809,44.139903],[3.886133,44.140348],[3.886594,44.141196],[3.886984,44.14173],[3.887833,44.142317],[3.888129,44.142523],[3.888637,44.142839],[3.888649,44.143289],[3.888593,44.143514],[3.888603,44.143874],[3.888797,44.144096],[3.889631,44.144939],[3.891392,44.145408],[3.892024,44.145669],[3.894314,44.147165],[3.894893,44.147795],[3.895346,44.148373],[3.895852,44.148591],[3.897286,44.148526],[3.898484,44.148509],[3.898735,44.14855],[3.899374,44.149035],[3.900259,44.149427],[3.900832,44.149824],[3.901082,44.14982],[3.901577,44.149679],[3.903385,44.149562],[3.904006,44.149418],[3.904372,44.149143],[3.904676,44.148824],[3.90522,44.148187],[3.905526,44.147957],[3.905836,44.147863],[3.90746,44.147885],[3.908575,44.147563],[3.909482,44.147145],[3.90948,44.147183],[3.909487,44.147224],[3.909505,44.147263],[3.90953,44.147304],[3.909551,44.147371],[3.909567,44.147436],[3.909588,44.14749],[3.909602,44.14753],[3.909625,44.147571],[3.909671,44.147614],[3.909723,44.147645],[3.909769,44.147686],[3.909799,44.147734],[3.90983,44.147778],[3.909857,44.147822],[3.909878,44.147873],[3.909895,44.147923],[3.909909,44.147974],[3.909915,44.14802],[3.910105,44.148216],[3.911042,44.149121],[3.911067,44.149146],[3.91082,44.14983],[3.910794,44.149903],[3.910833,44.149965],[3.910903,44.150096],[3.910906,44.150101],[3.910955,44.150185],[3.910957,44.150229],[3.91095,44.150277],[3.910931,44.150329],[3.910913,44.150376],[3.9108,44.150608],[3.91066,44.150805],[3.910598,44.15088],[3.910563,44.150937],[3.910553,44.150982],[3.91055,44.151027],[3.910563,44.15108],[3.91059,44.151147],[3.910749,44.151478],[3.910806,44.151606],[3.91082,44.151667],[3.910834,44.151783],[3.910817,44.152013],[3.910808,44.152156],[3.910792,44.152194],[3.91075,44.152301],[3.910663,44.152462],[3.910572,44.152562],[3.910491,44.152652],[3.91038,44.152834],[3.910336,44.152899],[3.910309,44.153001],[3.910305,44.153117],[3.910329,44.153324],[3.910423,44.153501],[3.910558,44.153645],[3.910682,44.153775],[3.91086,44.153946],[3.911076,44.154407],[3.911593,44.155038],[3.911855,44.155484],[3.911993,44.155931],[3.912002,44.156246],[3.912271,44.156917],[3.912488,44.157993],[3.912515,44.158982],[3.912399,44.159298],[3.911597,44.160119],[3.911974,44.160158],[3.913043,44.160008],[3.913972,44.159725],[3.914216,44.159497],[3.914712,44.159355],[3.915575,44.159345],[3.917272,44.159327],[3.918205,44.159178],[3.919377,44.158667],[3.92025,44.158609],[3.920689,44.158693],[3.92341,44.159957],[3.924039,44.160128],[3.925492,44.160241],[3.92581,44.160462],[3.926454,44.161127],[3.927271,44.161295],[3.92729,44.162429],[3.927117,44.162926],[3.927023,44.164051],[3.927015,44.164103],[3.926971,44.164412],[3.926689,44.165495],[3.926528,44.166442],[3.926292,44.16694],[3.926314,44.167704],[3.926395,44.167946],[3.926634,44.168133],[3.926853,44.168247],[3.926891,44.168191],[3.926894,44.168113],[3.926859,44.167966],[3.926849,44.167876],[3.926863,44.167813],[3.926934,44.167696],[3.927043,44.167622],[3.927295,44.167543],[3.927567,44.167503],[3.927762,44.168132],[3.928483,44.169291],[3.928563,44.169929],[3.928453,44.170425],[3.928156,44.171013],[3.92774,44.17174],[3.92724,44.172197],[3.926628,44.172654],[3.926596,44.172701],[3.926509,44.172836],[3.926562,44.174724],[3.926138,44.175225],[3.925531,44.175863],[3.925355,44.17627],[3.925125,44.176993],[3.924947,44.177311],[3.924332,44.17768],[3.923653,44.177959],[3.92277,44.178107],[3.922409,44.178607],[3.922178,44.179285],[3.921957,44.180322],[3.922038,44.18095],[3.922301,44.181441],[3.923326,44.182335],[3.924303,44.182278],[3.924387,44.182274],[3.925318,44.182081],[3.925454,44.182039],[3.925549,44.182034],[3.925929,44.182027],[3.926078,44.182004],[3.926372,44.181935],[3.926626,44.181907],[3.926995,44.181896],[3.928885,44.181804],[3.929449,44.181841],[3.930642,44.181824],[3.93076,44.181822],[3.931569,44.18172],[3.932312,44.181484],[3.932679,44.181209],[3.933101,44.180618],[3.933513,44.179758],[3.933569,44.179487],[3.933934,44.179167],[3.934598,44.178348],[3.935091,44.178116],[3.937044,44.178222],[3.937482,44.178216],[3.937792,44.178122],[3.938526,44.177616],[3.939081,44.177338],[3.939828,44.177237],[3.941311,44.176676],[3.942992,44.176205],[3.943113,44.176142],[3.943187,44.176105],[3.943402,44.176038],[3.94359,44.175927],[3.943631,44.175907],[3.943797,44.175831],[3.943952,44.175805],[3.944158,44.175797],[3.944436,44.17577],[3.94457,44.17574],[3.944721,44.175689],[3.944893,44.175596],[3.945052,44.175467],[3.945225,44.175404],[3.946216,44.17512],[3.946463,44.175026],[3.946576,44.17462],[3.946549,44.173673],[3.946644,44.173674],[3.946724,44.173662],[3.946786,44.173632],[3.947102,44.173418],[3.947194,44.173327],[3.947251,44.173288],[3.947414,44.173263],[3.947502,44.173248],[3.947564,44.17323],[3.947711,44.173136],[3.947979,44.172992],[3.948299,44.172761],[3.9485,44.172609],[3.94898,44.172419],[3.949541,44.172256],[3.950051,44.172067],[3.950568,44.171784],[3.951042,44.171541],[3.951167,44.171465],[3.951259,44.171255],[3.95164,44.171123],[3.952138,44.171032],[3.952372,44.171011],[3.952591,44.171007],[3.952923,44.171008],[3.953422,44.170941],[3.95383,44.170838],[3.954212,44.170731],[3.954848,44.170516],[3.955104,44.170369],[3.955776,44.170356],[3.956471,44.170615],[3.956629,44.170698],[3.958063,44.170424],[3.95924,44.169959],[3.959783,44.169663],[3.959893,44.169602],[3.961339,44.168811],[3.962783,44.168532],[3.962791,44.168487],[3.96279,44.168439],[3.962791,44.168379],[3.962825,44.168326],[3.962905,44.168239],[3.963072,44.168116],[3.963308,44.167943],[3.963407,44.167904],[3.963575,44.167828],[3.963796,44.167726],[3.9639,44.167676],[3.964034,44.167604],[3.964083,44.167556],[3.965872,44.167223],[3.966666,44.166864],[3.966958,44.166659],[3.967803,44.166068],[3.96824,44.165735],[3.970072,44.164865],[3.970428,44.16449],[3.971446,44.163774],[3.971492,44.163462],[3.971847,44.163363],[3.972295,44.163326],[3.972409,44.163317],[3.973579,44.16294],[3.973897,44.162792],[3.974114,44.162854],[3.974192,44.162877],[3.974083,44.163023],[3.973998,44.163135],[3.973872,44.163262],[3.973824,44.163364],[3.973773,44.163504],[3.973765,44.163626],[3.973779,44.163815],[3.973827,44.163968],[3.973882,44.164069],[3.973999,44.164143],[3.974147,44.164187],[3.974192,44.164201],[3.974202,44.164203],[3.974375,44.164267],[3.974532,44.164342],[3.97463,44.164417],[3.974678,44.164507],[3.974688,44.164575],[3.974679,44.164736],[3.974642,44.164847],[3.974549,44.164947],[3.974474,44.165046],[3.97446,44.165146],[3.97447,44.16525],[3.974504,44.165384],[3.974529,44.165531],[3.974531,44.165658],[3.974394,44.16585],[3.9743,44.165965],[3.974118,44.16615],[3.973951,44.166253],[3.97383,44.166352],[3.973607,44.166453],[3.973408,44.166591],[3.973312,44.166694],[3.973259,44.166813],[3.973254,44.167019],[3.973249,44.167158],[3.97325,44.167163],[3.973281,44.167256],[3.973431,44.167379],[3.973626,44.167502],[3.973924,44.167678],[3.974085,44.16784],[3.974213,44.167934],[3.974449,44.168071],[3.974528,44.168108],[3.974596,44.16814],[3.974808,44.168297],[3.974939,44.168388],[3.975065,44.168432],[3.975206,44.168473],[3.97541,44.168563],[3.975595,44.16867],[3.975722,44.16875],[3.975769,44.168793],[3.975877,44.16887],[3.976006,44.168964],[3.976133,44.169048],[3.97617,44.169104],[3.976225,44.169134],[3.976336,44.16918],[3.976409,44.169241],[3.976428,44.16926],[3.976458,44.169274],[3.976505,44.169281],[3.976552,44.169287],[3.976573,44.169297],[3.976604,44.169327],[3.976625,44.169369],[3.976638,44.169442],[3.976627,44.169564],[3.976638,44.169662],[3.976647,44.169718],[3.976646,44.169893],[3.976643,44.16995],[3.976658,44.170052],[3.976698,44.170131],[3.976732,44.170219],[3.976766,44.170303],[3.976789,44.170365],[3.97681,44.170433],[3.976841,44.170525],[3.976864,44.170576],[3.976908,44.170663],[3.976962,44.170811],[3.976972,44.170932],[3.976968,44.170999],[3.976946,44.171038],[3.976908,44.171082],[3.97685,44.171136],[3.976828,44.171165],[3.976778,44.17129],[3.976747,44.171378],[3.976717,44.171398],[3.976635,44.171429],[3.976585,44.171443],[3.97652,44.171464],[3.976391,44.171581],[3.976232,44.171706],[3.976097,44.171781],[3.975898,44.171877],[3.975776,44.171926],[3.97574,44.171957],[3.975721,44.171979],[3.97555,44.172111],[3.975451,44.172167],[3.975374,44.172217],[3.975291,44.172283],[3.975221,44.172358],[3.975155,44.17247],[3.975108,44.172551],[3.975088,44.172611],[3.975064,44.172724],[3.975041,44.172799],[3.974968,44.172876],[3.974888,44.172928],[3.974791,44.172988],[3.974706,44.173008],[3.97461,44.173029],[3.974458,44.173061],[3.974331,44.173079],[3.974187,44.173094],[3.974039,44.173103],[3.973917,44.173116],[3.973767,44.173123],[3.973471,44.173129],[3.973377,44.173152],[3.973248,44.173184],[3.973117,44.173217],[3.973007,44.173246],[3.972876,44.173296],[3.97276,44.173375],[3.972676,44.173431],[3.972589,44.173487],[3.972514,44.173563],[3.972444,44.173632],[3.972363,44.173706],[3.972258,44.173803],[3.972178,44.17389],[3.972093,44.173999],[3.97205,44.174045],[3.971756,44.174361],[3.971666,44.174488],[3.97156,44.174594],[3.971438,44.174691],[3.971291,44.174776],[3.971187,44.174796],[3.971087,44.174805],[3.970991,44.174806],[3.970851,44.174794],[3.970763,44.174765],[3.97068,44.174745],[3.970614,44.174732],[3.97051,44.174711],[3.970419,44.174659],[3.970353,44.174605],[3.970341,44.174525],[3.970367,44.174458],[3.970413,44.174372],[3.970466,44.174296],[3.970531,44.17418],[3.970579,44.17402],[3.970602,44.173875],[3.970612,44.173773],[3.970614,44.173681],[3.970613,44.173566],[3.970584,44.173481],[3.970546,44.173385],[3.970523,44.173242],[3.970507,44.173112],[3.970465,44.172999],[3.970407,44.172891],[3.970365,44.172793],[3.970349,44.172689],[3.970378,44.172589],[3.970411,44.172503],[3.970431,44.172425],[3.9704,44.172344],[3.970396,44.172333],[3.970287,44.172281],[3.970233,44.172247],[3.970134,44.172207],[3.969973,44.172175],[3.969831,44.17215],[3.969661,44.17212],[3.969465,44.172096],[3.969271,44.17207],[3.969099,44.172041],[3.96717,44.171358],[3.967048,44.171258],[3.966964,44.17116],[3.966898,44.171025],[3.96675,44.170942],[3.966568,44.170869],[3.966382,44.17082],[3.96619,44.170789],[3.965992,44.17076],[3.965788,44.17076],[3.965616,44.17077],[3.96543,44.170799],[3.965294,44.170854],[3.965137,44.170872],[3.964983,44.170912],[3.964868,44.170983],[3.964798,44.171084],[3.964763,44.171181],[3.964805,44.171276],[3.964903,44.171351],[3.965039,44.171409],[3.965203,44.171441],[3.965384,44.171468],[3.965561,44.171451],[3.965733,44.171399],[3.965858,44.17136],[3.965961,44.171357],[3.966096,44.171393],[3.966183,44.171462],[3.966219,44.171542],[3.966223,44.17155],[3.96624,44.171572],[3.966305,44.171654],[3.966393,44.171778],[3.966474,44.171877],[3.966531,44.17199],[3.966536,44.172079],[3.966479,44.172138],[3.966333,44.172166],[3.966176,44.172172],[3.966007,44.172175],[3.965803,44.172178],[3.965641,44.172182],[3.965455,44.172191],[3.965297,44.172216],[3.965139,44.17224],[3.964966,44.172267],[3.96478,44.172313],[3.964622,44.172369],[3.964463,44.172446],[3.964274,44.172619],[3.96423,44.17275],[3.964244,44.17286],[3.96432,44.172969],[3.964407,44.173077],[3.964517,44.173146],[3.964662,44.173194],[3.964856,44.173249],[3.964975,44.173324],[3.965053,44.173388],[3.965113,44.173444],[3.965171,44.173527],[3.965196,44.173596],[3.965205,44.173664],[3.965134,44.173797],[3.965079,44.173846],[3.964977,44.17394],[3.964925,44.173994],[3.964887,44.174051],[3.964865,44.174128],[3.964853,44.174201],[3.964865,44.174284],[3.964895,44.174356],[3.964941,44.174428],[3.964985,44.174495],[3.965029,44.174547],[3.965095,44.17459],[3.965177,44.174604],[3.965261,44.174583],[3.96535,44.174546],[3.965414,44.174495],[3.965465,44.174435],[3.965544,44.174412],[3.965616,44.174409],[3.965814,44.174449],[3.965992,44.174491],[3.966065,44.17453],[3.96617,44.174635],[3.966183,44.174668],[3.966226,44.174768],[3.966251,44.174867],[3.966272,44.17498],[3.966265,44.175068],[3.966202,44.175161],[3.966151,44.175248],[3.96617,44.175334],[3.966198,44.175429],[3.966216,44.175508],[3.966205,44.175562],[3.96628,44.175622],[3.966343,44.175667],[3.966414,44.175714],[3.966421,44.175764],[3.966376,44.175787],[3.966233,44.175809],[3.966089,44.17581],[3.965948,44.175807],[3.965831,44.175801],[3.965726,44.175782],[3.965624,44.175752],[3.965503,44.175693],[3.965298,44.175649],[3.965131,44.175595],[3.964925,44.175549],[3.964788,44.175511],[3.964677,44.175468],[3.964537,44.175351],[3.964468,44.175319],[3.964354,44.175295],[3.964249,44.175279],[3.964157,44.175293],[3.964062,44.17531],[3.963962,44.175324],[3.963857,44.175335],[3.963773,44.175327],[3.963685,44.175298],[3.963589,44.175253],[3.963512,44.17518],[3.963441,44.175108],[3.96341,44.175022],[3.963415,44.174927],[3.963393,44.174832],[3.963381,44.174746],[3.963392,44.174656],[3.963416,44.174557],[3.963417,44.17447],[3.963405,44.174387],[3.963395,44.174251],[3.963279,44.174204],[3.963186,44.174192],[3.963046,44.174196],[3.962821,44.174264],[3.962447,44.17442],[3.962117,44.174702],[3.962032,44.174749],[3.961972,44.174808],[3.961902,44.17487],[3.961849,44.174928],[3.961807,44.175007],[3.961779,44.175102],[3.961758,44.175184],[3.961777,44.175281],[3.961812,44.17535],[3.961844,44.175418],[3.96189,44.175481],[3.962057,44.175608],[3.962153,44.175674],[3.96224,44.17573],[3.962344,44.175806],[3.962447,44.175876],[3.962545,44.17592],[3.962693,44.175952],[3.962842,44.175982],[3.962988,44.176005],[3.963127,44.176014],[3.963266,44.176013],[3.9634,44.176013],[3.963513,44.176014],[3.963615,44.176048],[3.963672,44.176092],[3.963716,44.176157],[3.963756,44.176234],[3.963772,44.176313],[3.963786,44.176383],[3.963805,44.176481],[3.96382,44.176568],[3.963847,44.176655],[3.963878,44.176738],[3.963909,44.176801],[3.963971,44.176885],[3.964027,44.176933],[3.964114,44.176987],[3.964175,44.177045],[3.96423,44.177105],[3.964296,44.177183],[3.96433,44.17726],[3.964301,44.177378],[3.964313,44.177458],[3.964342,44.17753],[3.964366,44.177631],[3.964382,44.177722],[3.964323,44.177825],[3.964292,44.177871],[3.964269,44.177962],[3.964281,44.178067],[3.96434,44.17817],[3.964389,44.178274],[3.964438,44.178396],[3.964412,44.178454],[3.964404,44.178516],[3.964403,44.17866],[3.964386,44.178726],[3.96438,44.178779],[3.964347,44.178834],[3.964311,44.178876],[3.964184,44.178952],[3.964105,44.178986],[3.964013,44.179022],[3.963913,44.179048],[3.963815,44.179069],[3.963711,44.179091],[3.963611,44.179109],[3.963475,44.179137],[3.963334,44.179156],[3.963229,44.179175],[3.963016,44.179197],[3.962901,44.179209],[3.962662,44.179297],[3.962407,44.17944],[3.962311,44.179489],[3.962162,44.179541],[3.961992,44.179594],[3.96182,44.179667],[3.961653,44.179732],[3.961543,44.179758],[3.961356,44.17979],[3.961208,44.179825],[3.961104,44.179847],[3.961017,44.179859],[3.960928,44.179876],[3.960825,44.179904],[3.960688,44.179937],[3.960564,44.179979],[3.960456,44.180027],[3.960349,44.180094],[3.960207,44.180192],[3.960096,44.180292],[3.959997,44.180393],[3.95992,44.180476],[3.959816,44.180587],[3.959738,44.180647],[3.959576,44.180702],[3.959433,44.180718],[3.959274,44.180722],[3.959126,44.180717],[3.95898,44.180711],[3.958871,44.180709],[3.958738,44.18069],[3.958636,44.180706],[3.958483,44.180769],[3.95842,44.180826],[3.958173,44.181155],[3.958156,44.181338],[3.958184,44.181421],[3.958212,44.181485],[3.958278,44.181574],[3.95834,44.181676],[3.958409,44.181768],[3.958486,44.181878],[3.958532,44.181974],[3.958548,44.182088],[3.958577,44.182198],[3.958619,44.182283],[3.95868,44.182367],[3.958724,44.182458],[3.958754,44.182529],[3.958827,44.182611],[3.958869,44.182711],[3.958901,44.182792],[3.958931,44.182879],[3.958971,44.182951],[3.959064,44.183035],[3.959147,44.183113],[3.959164,44.183155],[3.959294,44.183485],[3.959336,44.183591],[3.959354,44.183676],[3.959354,44.183778],[3.959332,44.183851],[3.959259,44.183926],[3.958979,44.184046],[3.958906,44.184054],[3.958729,44.184057],[3.958568,44.184053],[3.958383,44.184048],[3.958186,44.184051],[3.957967,44.184073],[3.957819,44.18409],[3.957695,44.184112],[3.957382,44.184153],[3.957287,44.184187],[3.957152,44.18422],[3.957077,44.184248],[3.957029,44.184293],[3.957001,44.184365],[3.957029,44.184427],[3.957064,44.184502],[3.957082,44.184604],[3.957132,44.184673],[3.957199,44.184755],[3.957256,44.184842],[3.957341,44.185008],[3.957422,44.185193],[3.957357,44.185335],[3.95741,44.185442],[3.957452,44.185523],[3.957502,44.185647],[3.957545,44.185728],[3.957593,44.185785],[3.957674,44.185845],[3.95781,44.185906],[3.957944,44.185986],[3.958087,44.186033],[3.958215,44.185995],[3.958362,44.185914],[3.958515,44.185837],[3.958758,44.185734],[3.958835,44.185696],[3.958938,44.185644],[3.959038,44.185615],[3.959149,44.18559],[3.95924,44.185588],[3.959311,44.185643],[3.95936,44.185714],[3.959426,44.18585],[3.959463,44.185938],[3.959499,44.18607],[3.959538,44.186189],[3.959588,44.186339],[3.959596,44.186666],[3.959604,44.186767],[3.959559,44.186836],[3.959474,44.186933],[3.959185,44.187134],[3.95896,44.187244],[3.958847,44.187296],[3.958759,44.187332],[3.958673,44.187347],[3.958585,44.187357],[3.958527,44.187386],[3.958476,44.187407],[3.958419,44.187411],[3.958323,44.187397],[3.958225,44.187365],[3.958136,44.187319],[3.958041,44.187249],[3.957946,44.187189],[3.957842,44.187142],[3.957727,44.187104],[3.957619,44.187072],[3.957499,44.187026],[3.957383,44.186987],[3.95725,44.186945],[3.957107,44.186935],[3.957002,44.186953],[3.956909,44.186989],[3.956834,44.187042],[3.956765,44.187116],[3.956712,44.18719],[3.956656,44.187244],[3.956637,44.187304],[3.956638,44.187385],[3.956631,44.187455],[3.95663,44.187578],[3.956637,44.187642],[3.956654,44.187726],[3.956657,44.187807],[3.95663,44.187849],[3.956613,44.187879],[3.95659,44.18795],[3.956607,44.188043],[3.95663,44.188075],[3.956658,44.188111],[3.956741,44.188163],[3.956855,44.188184],[3.956957,44.188193],[3.957089,44.188178],[3.957194,44.188157],[3.95735,44.188108],[3.957439,44.188061],[3.957549,44.188008],[3.957652,44.187966],[3.957747,44.187947],[3.957827,44.187985],[3.957875,44.188049],[3.957943,44.188132],[3.958023,44.188211],[3.958126,44.188271],[3.958215,44.188327],[3.958336,44.188393],[3.958451,44.188441],[3.958557,44.188472],[3.958705,44.188482],[3.958906,44.188462],[3.959128,44.188432],[3.959304,44.188404],[3.959437,44.188373],[3.95959,44.188341],[3.959699,44.188318],[3.959803,44.188324],[3.959957,44.188333],[3.960113,44.188321],[3.960238,44.188327],[3.96035,44.188348],[3.960458,44.188325],[3.960536,44.188278],[3.960589,44.188224],[3.960655,44.18819],[3.960753,44.188163],[3.96095,44.188101],[3.961167,44.188054],[3.961312,44.188044],[3.961462,44.188069],[3.961701,44.188111],[3.961875,44.188146],[3.962134,44.18827],[3.962178,44.188302],[3.962197,44.188365],[3.962162,44.188467],[3.962042,44.188621],[3.961768,44.188757],[3.961709,44.188822],[3.961625,44.188886],[3.961541,44.188924],[3.961425,44.188952],[3.96127,44.188994],[3.961099,44.189026],[3.960915,44.189055],[3.960741,44.189079],[3.960564,44.189112],[3.960391,44.189143],[3.960242,44.189176],[3.960072,44.189223],[3.959894,44.189274],[3.959747,44.189319],[3.959587,44.189392],[3.959464,44.189452],[3.959343,44.189534],[3.959247,44.189639],[3.959114,44.189829],[3.959079,44.189945],[3.959085,44.190058],[3.959167,44.190144],[3.959272,44.19017],[3.959371,44.190165],[3.959488,44.190135],[3.959617,44.190084],[3.959756,44.190027],[3.959894,44.189973],[3.959997,44.189949],[3.96007,44.189971],[3.960103,44.190019],[3.960105,44.190099],[3.960098,44.190258],[3.960061,44.190364],[3.960011,44.190439],[3.959826,44.190604],[3.959768,44.190654],[3.959719,44.190722],[3.959694,44.190797],[3.959699,44.190875],[3.959725,44.190956],[3.959763,44.191024],[3.959796,44.1911],[3.95982,44.19117],[3.959818,44.191238],[3.959773,44.191304],[3.959704,44.191361],[3.959595,44.191415],[3.959489,44.191474],[3.959399,44.191522],[3.959291,44.19157],[3.959191,44.191602],[3.959066,44.191646],[3.958991,44.191684],[3.958863,44.191746],[3.958754,44.191802],[3.958625,44.191863],[3.958426,44.191976],[3.958318,44.192035],[3.958211,44.192109],[3.958109,44.192179],[3.958015,44.192232],[3.957898,44.192282],[3.957777,44.19234],[3.957687,44.192395],[3.957628,44.192444],[3.95757,44.192507],[3.957495,44.192566],[3.957402,44.192614],[3.957288,44.192665],[3.957187,44.192716],[3.957087,44.192776],[3.95698,44.192829],[3.956883,44.192864],[3.956791,44.192907],[3.956752,44.19295],[3.956743,44.192998],[3.95676,44.193041],[3.956802,44.193094],[3.956901,44.193158],[3.957012,44.193217],[3.957092,44.193266],[3.957171,44.193326],[3.957244,44.193402],[3.95729,44.193465],[3.957306,44.193535],[3.957307,44.193603],[3.957291,44.19368],[3.957254,44.193742],[3.957207,44.193798],[3.957129,44.193849],[3.95703,44.193878],[3.956883,44.193875],[3.956739,44.193846],[3.956629,44.193815],[3.956382,44.193746],[3.956212,44.193682],[3.956035,44.193596],[3.955914,44.193494],[3.955785,44.193391],[3.95565,44.193348],[3.95539,44.193342],[3.954988,44.193399],[3.954532,44.193496],[3.954283,44.193542],[3.954036,44.193547],[3.953926,44.193516],[3.953845,44.193442],[3.953753,44.193308],[3.953669,44.193155],[3.953647,44.192962],[3.953737,44.192887],[3.953879,44.192829],[3.954542,44.192642],[3.95492,44.192552],[3.955169,44.192487],[3.955278,44.192425],[3.955344,44.192353],[3.955373,44.192262],[3.95537,44.192146],[3.955346,44.192034],[3.955224,44.191888],[3.955098,44.191794],[3.954981,44.191731],[3.954863,44.191698],[3.954733,44.191719],[3.954588,44.191769],[3.954376,44.191826],[3.954203,44.191869],[3.953898,44.191971],[3.9536,44.192115],[3.953407,44.192227],[3.95325,44.192344],[3.953148,44.192452],[3.95308,44.192564],[3.952999,44.192761],[3.952931,44.192887],[3.952838,44.192946],[3.952705,44.192973],[3.952408,44.192971],[3.952211,44.192968],[3.951857,44.193015],[3.95166,44.19305],[3.951437,44.1931],[3.951212,44.1932],[3.95116,44.19324],[3.9511,44.193337],[3.951082,44.193438],[3.9511,44.193535],[3.951094,44.193587],[3.951125,44.193663],[3.951203,44.193733],[3.951287,44.193838],[3.951379,44.193893],[3.951549,44.193934],[3.951723,44.193984],[3.951841,44.194031],[3.951927,44.194108],[3.951956,44.194183],[3.951958,44.194259],[3.951897,44.194319],[3.951789,44.194329],[3.951497,44.194328],[3.95121,44.194342],[3.950979,44.19441],[3.950776,44.194541],[3.950623,44.194624],[3.95048,44.194646],[3.950228,44.19458],[3.949881,44.194463],[3.949479,44.194307],[3.949292,44.194242],[3.948157,44.193857],[3.948028,44.193809],[3.94792,44.193781],[3.947822,44.193783],[3.947753,44.193827],[3.947696,44.193888],[3.947633,44.193973],[3.947557,44.194072],[3.947498,44.194157],[3.947422,44.194259],[3.947285,44.194341],[3.947155,44.194397],[3.946995,44.194431],[3.946859,44.194446],[3.946676,44.194435],[3.946533,44.194418],[3.946408,44.194394],[3.946317,44.194363],[3.946266,44.194332],[3.946262,44.194284],[3.946275,44.194204],[3.946245,44.19413],[3.946167,44.194068],[3.946098,44.194032],[3.946007,44.19401],[3.945902,44.194007],[3.945776,44.194028],[3.945658,44.194078],[3.945543,44.194134],[3.94547,44.194147],[3.945363,44.194149],[3.945196,44.194176],[3.944812,44.194169],[3.944584,44.194151],[3.944384,44.194177],[3.944145,44.194251],[3.944047,44.194321],[3.943869,44.194459],[3.943806,44.194546],[3.943776,44.19464],[3.943759,44.194723],[3.943697,44.194766],[3.943582,44.194783],[3.943528,44.194776],[3.943482,44.194736],[3.943145,44.194238],[3.942898,44.193994],[3.942694,44.193832],[3.942227,44.193606],[3.941553,44.193294],[3.941016,44.193111],[3.940848,44.19304],[3.940691,44.192943],[3.940543,44.19283],[3.940449,44.192761],[3.940323,44.192698],[3.940181,44.192659],[3.940035,44.192661],[3.939915,44.192702],[3.939826,44.192766],[3.939733,44.192846],[3.939675,44.192937],[3.939654,44.193029],[3.939658,44.193115],[3.939705,44.193219],[3.939809,44.193309],[3.939941,44.193365],[3.9401,44.1934],[3.940263,44.193439],[3.940355,44.193473],[3.940417,44.193538],[3.940465,44.19363],[3.940501,44.193767],[3.940513,44.193868],[3.940506,44.193974],[3.940458,44.194188],[3.940394,44.194251],[3.940307,44.194298],[3.940139,44.194337],[3.939889,44.194371],[3.939663,44.194392],[3.939474,44.194385],[3.939306,44.194372],[3.938989,44.194354],[3.938842,44.194348],[3.938735,44.194313],[3.938613,44.194232],[3.938472,44.194171],[3.938023,44.194035],[3.937689,44.194155],[3.937699,44.194255],[3.937728,44.194346],[3.937751,44.194477],[3.93774,44.194548],[3.937655,44.194604],[3.937521,44.194643],[3.937323,44.19469],[3.93708,44.194744],[3.936814,44.19481],[3.936707,44.194856],[3.936616,44.19492],[3.936536,44.194988],[3.936506,44.195078],[3.936525,44.19516],[3.936548,44.195231],[3.936541,44.195307],[3.937073,44.195596],[3.937723,44.196441],[3.939719,44.198534],[3.940309,44.19947],[3.940515,44.199704],[3.941019,44.200269],[3.941607,44.20116],[3.942307,44.20212],[3.942321,44.202138],[3.942965,44.203253],[3.943684,44.204331],[3.943659,44.204453],[3.94352,44.205143],[3.943604,44.205906],[3.943745,44.206488],[3.943881,44.206846],[3.944661,44.207913],[3.944928,44.208494],[3.94507,44.209077],[3.945151,44.20975],[3.945219,44.209929],[3.945282,44.209973],[3.945785,44.210056],[3.94586,44.210505],[3.946066,44.211131],[3.946072,44.211208],[3.946237,44.212756],[3.946589,44.214145],[3.946819,44.214869],[3.946933,44.215219],[3.947298,44.216106],[3.947494,44.216103],[3.947684,44.216114],[3.947858,44.216125],[3.948021,44.216141],[3.948262,44.216197],[3.948598,44.216318],[3.948825,44.21639],[3.948893,44.216376],[3.948947,44.216378],[3.949015,44.216396],[3.949214,44.216518],[3.949339,44.216579],[3.949939,44.216779],[3.950248,44.216856],[3.950445,44.216884],[3.950653,44.216879],[3.950918,44.216869],[3.950986,44.217048],[3.95135,44.217655],[3.951388,44.217719],[3.951446,44.217815],[3.951583,44.218262],[3.951637,44.220555],[3.951843,44.221226],[3.952049,44.221476],[3.952087,44.22192],[3.952125,44.222142],[3.952058,44.222167],[3.951503,44.222446],[3.950956,44.222821],[3.950767,44.222951],[3.950599,44.223114],[3.950159,44.223545],[3.949258,44.224862],[3.948933,44.22533],[3.948516,44.225772],[3.948281,44.22602],[3.947878,44.226563],[3.947809,44.226777],[3.947798,44.226817],[3.947794,44.227063],[3.947842,44.22756],[3.947914,44.227844],[3.948054,44.228078],[3.948288,44.228565],[3.948352,44.22885],[3.948248,44.229056],[3.948153,44.229223],[3.948015,44.229455],[3.9478,44.229593],[3.947618,44.229754],[3.947427,44.230009],[3.947436,44.23018],[3.947543,44.230269],[3.947684,44.230382],[3.94775,44.230505],[3.947755,44.230601],[3.947738,44.230693],[3.947693,44.230804],[3.947639,44.230899],[3.947567,44.230973],[3.947487,44.231039],[3.947388,44.231102],[3.946866,44.23134],[3.946515,44.231465],[3.946047,44.231614],[3.945697,44.231722],[3.945576,44.231757],[3.945491,44.231812],[3.945429,44.231869],[3.945369,44.231964],[3.945278,44.232067],[3.945094,44.232259],[3.944941,44.232342],[3.944823,44.232388],[3.944899,44.232516],[3.944909,44.232596],[3.944965,44.23267],[3.945062,44.23274],[3.945169,44.232823],[3.945274,44.232912],[3.945387,44.233052],[3.945445,44.233152],[3.945494,44.233238],[3.945569,44.233442],[3.945553,44.233612],[3.945536,44.233775],[3.945358,44.233974],[3.945287,44.234024],[3.945237,44.234087],[3.945218,44.234151],[3.945218,44.234181],[3.945273,44.234178],[3.945316,44.234204],[3.945352,44.234245],[3.945432,44.234283],[3.945608,44.234284],[3.945792,44.234287],[3.945879,44.234316],[3.94594,44.234374],[3.945993,44.23444],[3.94605,44.234519],[3.946147,44.234591],[3.946284,44.234671],[3.946427,44.234725],[3.946548,44.234757],[3.946642,44.234808],[3.946707,44.234868],[3.94677,44.234964],[3.946817,44.235049],[3.946831,44.235079],[3.946854,44.235125],[3.946923,44.235333],[3.94693,44.235445],[3.946969,44.235546],[3.946983,44.235653],[3.947004,44.235783],[3.946993,44.235999],[3.94699,44.236125],[3.94702,44.236236],[3.947105,44.236339],[3.947149,44.236375],[3.947255,44.236568],[3.947288,44.236694],[3.947287,44.23682],[3.947286,44.236896],[3.947328,44.236987],[3.94739,44.237062],[3.947415,44.237145],[3.947406,44.237204],[3.947374,44.237322],[3.947316,44.237422],[3.947255,44.237524],[3.947202,44.237608],[3.947091,44.237752],[3.947007,44.23785],[3.946869,44.237923],[3.946757,44.237991],[3.946661,44.238058],[3.946553,44.238103],[3.946469,44.238148],[3.946383,44.238242],[3.946374,44.238331],[3.946383,44.238428],[3.946377,44.238735],[3.946338,44.238987],[3.946338,44.239172],[3.946373,44.239473],[3.94636,44.239641],[3.946356,44.239688],[3.946379,44.239841],[3.946388,44.240137],[3.946364,44.240298],[3.946337,44.240398],[3.946253,44.240448],[3.946168,44.240467],[3.945759,44.2405],[3.945621,44.240552],[3.945492,44.240667],[3.945451,44.240704],[3.945883,44.240851],[3.946239,44.240939],[3.946479,44.241013],[3.946609,44.241123],[3.946823,44.241447],[3.946863,44.241635],[3.946827,44.241771],[3.946772,44.241847],[3.94668,44.24193],[3.946574,44.241991],[3.946465,44.24202],[3.946365,44.242051],[3.946302,44.242121],[3.946286,44.242206],[3.946295,44.242314],[3.94634,44.242454],[3.946977,44.243453],[3.947604,44.244342],[3.947874,44.244534],[3.948181,44.244712],[3.948662,44.244906],[3.949167,44.245006],[3.949389,44.24506],[3.949577,44.245123],[3.949777,44.245207],[3.949919,44.245228],[3.950337,44.24526],[3.950571,44.245286],[3.950711,44.24533],[3.950766,44.245407],[3.950771,44.245479],[3.950741,44.245576],[3.950732,44.245737],[3.950857,44.245887],[3.951245,44.246012],[3.951578,44.246174],[3.951704,44.246271],[3.951723,44.246381],[3.951683,44.246524],[3.95157,44.246698],[3.951409,44.246835],[3.951128,44.247244],[3.951103,44.247353],[3.951132,44.24744],[3.9512,44.247545],[3.951603,44.248033],[3.952156,44.248467],[3.952558,44.248733],[3.953029,44.249072],[3.953283,44.249193],[3.953502,44.249264],[3.95376,44.249333],[3.954075,44.249431],[3.954281,44.249512],[3.9547,44.249656],[3.954865,44.24974],[3.955046,44.249822],[3.955205,44.249858],[3.95539,44.249869],[3.955569,44.249882],[3.955726,44.249909],[3.95589,44.249913],[3.956143,44.249904],[3.956263,44.249896],[3.956337,44.249832],[3.956374,44.249724],[3.956444,44.249589],[3.956551,44.249225],[3.956542,44.249045],[3.956528,44.24893],[3.956479,44.248763],[3.956369,44.24863],[3.95618,44.248558],[3.956068,44.248514],[3.955931,44.248512],[3.955767,44.248535],[3.955413,44.248571],[3.955169,44.24857],[3.95505,44.248534],[3.95491,44.248481],[3.954774,44.248403],[3.954534,44.24816],[3.954334,44.247928],[3.95405,44.247496],[3.953998,44.247373],[3.953972,44.247183],[3.953982,44.24704],[3.954022,44.246967],[3.954095,44.246892],[3.954203,44.246857],[3.954325,44.246875],[3.954481,44.246939],[3.954651,44.246974],[3.954845,44.246981],[3.955278,44.246965],[3.955607,44.246971],[3.955854,44.247005],[3.956063,44.247051],[3.956524,44.247198],[3.956627,44.247224],[3.956884,44.247288],[3.95736,44.247381],[3.95738,44.247385],[3.95768,44.247429],[3.957934,44.247451],[3.958145,44.247488],[3.958396,44.247562],[3.958613,44.247643],[3.959021,44.247788],[3.959207,44.247857],[3.95931,44.247907],[3.959389,44.247974],[3.959449,44.248024],[3.959474,44.248069],[3.959506,44.248133],[3.959501,44.248223],[3.959481,44.248319],[3.959479,44.248429],[3.959498,44.248526],[3.959527,44.248764],[3.959676,44.249198],[3.959749,44.2495],[3.959787,44.249698],[3.959882,44.249887],[3.959995,44.250052],[3.960114,44.250181],[3.960167,44.250287],[3.960342,44.250498],[3.960498,44.250681],[3.96065,44.250817],[3.960796,44.2509],[3.961002,44.250945],[3.961291,44.250944],[3.961584,44.250929],[3.961814,44.250908],[3.961958,44.250895],[3.962116,44.250824],[3.962316,44.250749],[3.962823,44.25049],[3.9632,44.25013],[3.963338,44.250021],[3.963488,44.249885],[3.963693,44.24967],[3.963799,44.249558],[3.963865,44.249446],[3.963934,44.2493],[3.96396,44.249246],[3.964015,44.249138],[3.964073,44.249041],[3.964163,44.248938],[3.964275,44.248827],[3.964353,44.248757],[3.964451,44.248702],[3.964537,44.24864],[3.964626,44.248565],[3.964719,44.248493],[3.964816,44.248389],[3.964888,44.248254],[3.964972,44.248108],[3.96503,44.247999],[3.965189,44.247785],[3.965264,44.247685],[3.965319,44.247621],[3.965383,44.247573],[3.96545,44.247551],[3.965552,44.247575],[3.965656,44.247622],[3.965747,44.247681],[3.965845,44.247753],[3.965975,44.247864],[3.966036,44.247913],[3.966071,44.247968],[3.966085,44.248043],[3.96616,44.248264],[3.96636,44.248538],[3.966648,44.248828],[3.966877,44.249082],[3.967039,44.249196],[3.967162,44.249276],[3.967318,44.249345],[3.967629,44.24943],[3.967675,44.24944],[3.967757,44.249475],[3.967822,44.249513],[3.967861,44.249551],[3.96789,44.249625],[3.967891,44.249687],[3.967843,44.249771],[3.967793,44.249865],[3.967778,44.249899],[3.967741,44.250036],[3.967746,44.250188],[3.967756,44.250315],[3.96775,44.250479],[3.967773,44.250696],[3.9678,44.25079],[3.96781,44.250936],[3.967812,44.251155],[3.967813,44.251289],[3.967814,44.251464],[3.967822,44.251594],[3.967842,44.251691],[3.96789,44.251753],[3.967991,44.251811],[3.968094,44.251863],[3.968378,44.251962],[3.968609,44.252018],[3.968779,44.252049],[3.96894,44.252054],[3.969159,44.252031],[3.969301,44.251977],[3.969462,44.251888],[3.969622,44.251806],[3.96979,44.251722],[3.969905,44.251661],[3.970045,44.251588],[3.970103,44.251507],[3.970117,44.251435],[3.970112,44.25136],[3.970086,44.251309],[3.970017,44.251248],[3.969967,44.251187],[3.969947,44.251104],[3.96995,44.251046],[3.969989,44.250975],[3.97009,44.250907],[3.970282,44.25083],[3.97046,44.250768],[3.970642,44.250672],[3.970669,44.250657],[3.970834,44.250531],[3.970963,44.250469],[3.971143,44.250393],[3.971327,44.250366],[3.971491,44.250348],[3.971491,44.250387],[3.971469,44.250483],[3.971461,44.250519],[3.971437,44.250635],[3.97143,44.250745],[3.971435,44.250838],[3.971477,44.250925],[3.971552,44.25101],[3.97162,44.251101],[3.971675,44.251188],[3.971767,44.251397],[3.971844,44.251555],[3.971875,44.2516],[3.97194,44.251696],[3.972033,44.251799],[3.972123,44.251891],[3.972195,44.251958],[3.972344,44.252059],[3.972454,44.252133],[3.972509,44.252158],[3.972596,44.252199],[3.972718,44.252248],[3.972848,44.252308],[3.972951,44.252349],[3.973034,44.252422],[3.973081,44.25252],[3.973126,44.252604],[3.973222,44.252712],[3.973316,44.252794],[3.973457,44.252917],[3.973554,44.253012],[3.973627,44.253135],[3.973663,44.253264],[3.973689,44.253389],[3.973729,44.253502],[3.973776,44.253605],[3.973836,44.253709],[3.973928,44.253771],[3.974028,44.253825],[3.974076,44.253875],[3.974106,44.253923],[3.974132,44.253998],[3.974135,44.254043],[3.974128,44.254111],[3.974096,44.254172],[3.974067,44.254226],[3.974045,44.254283],[3.974024,44.254336],[3.974015,44.254416],[3.973999,44.254524],[3.973968,44.254611],[3.973954,44.254695],[3.973942,44.254776],[3.973947,44.254869],[3.973961,44.254917],[3.973977,44.25498],[3.974,44.255079],[3.974011,44.255113],[3.974019,44.255179],[3.974045,44.255232],[3.974079,44.255265],[3.974137,44.255315],[3.974189,44.255363],[3.974238,44.255426],[3.974309,44.25549],[3.974375,44.255546],[3.974441,44.255598],[3.974517,44.255659],[3.974575,44.255701],[3.974624,44.255742],[3.974686,44.255773],[3.974742,44.255804],[3.974782,44.255844],[3.974831,44.255909],[3.974886,44.255983],[3.974932,44.256046],[3.974969,44.25611],[3.975035,44.256235],[3.975064,44.256287],[3.975105,44.256384],[3.975127,44.256445],[3.975156,44.256545],[3.975179,44.256621],[3.9752,44.256695],[3.975203,44.256771],[3.975203,44.256825],[3.975203,44.256896],[3.975212,44.256957],[3.975241,44.257023],[3.975245,44.257166],[3.97525,44.25725],[3.97525,44.257305],[3.975258,44.25737],[3.97526,44.25745],[3.975262,44.257506],[3.975269,44.257625],[3.975271,44.257695],[3.975279,44.257788],[3.975292,44.257853],[3.975313,44.257915],[3.975352,44.258026],[3.975385,44.25811],[3.975405,44.258205],[3.975418,44.258285],[3.975438,44.258355],[3.975449,44.258472],[3.975451,44.258547],[3.975464,44.258642],[3.975478,44.258739],[3.975494,44.258837],[3.975503,44.258926],[3.97551,44.258998],[3.97551,44.259044],[3.9755,44.25909],[3.975483,44.259142],[3.975467,44.259237],[3.975457,44.259337],[3.97545,44.259432],[3.975445,44.259476],[3.975438,44.259533],[3.975434,44.259603],[3.975427,44.259675],[3.975418,44.259764],[3.975409,44.25982],[3.975395,44.259873],[3.975377,44.259924],[3.975349,44.259957],[3.975305,44.259993],[3.975241,44.260037],[3.975124,44.260098],[3.975021,44.260166],[3.974962,44.26022],[3.974919,44.260268],[3.974854,44.260313],[3.974775,44.260366],[3.974671,44.26045],[3.974582,44.260502],[3.974533,44.260528],[3.974475,44.260566],[3.974412,44.260604],[3.974354,44.260643],[3.974294,44.260685],[3.974223,44.260731],[3.974148,44.260781],[3.974082,44.260848],[3.973983,44.260946],[3.973762,44.261176],[3.973652,44.261224],[3.973425,44.261255],[3.972421,44.261395],[3.971799,44.261504],[3.97166,44.261543],[3.971561,44.261608],[3.971269,44.261844],[3.970928,44.262202],[3.970604,44.262671],[3.970479,44.262916],[3.970459,44.263053],[3.970488,44.26321],[3.970626,44.263667],[3.970646,44.263773],[3.970593,44.263857],[3.970439,44.263944],[3.970047,44.264145],[3.969925,44.264246],[3.969813,44.264449],[3.969704,44.264766],[3.969687,44.264967],[3.969596,44.265084],[3.969473,44.265165],[3.969156,44.265306],[3.969036,44.26543],[3.968979,44.265657],[3.968983,44.265773],[3.969024,44.265868],[3.969156,44.266016],[3.969188,44.266088],[3.969239,44.266197],[3.969271,44.266317],[3.96926,44.266454],[3.969214,44.266556],[3.969118,44.266675],[3.969029,44.266763],[3.968909,44.266875],[3.967948,44.266864],[3.967433,44.266892],[3.967078,44.266792],[3.965847,44.266736],[3.965348,44.266792],[3.964883,44.266929],[3.9631,44.267457],[3.963178,44.2676],[3.963335,44.268393],[3.963299,44.268501],[3.963213,44.268551],[3.963191,44.268565],[3.962783,44.268507],[3.962387,44.268345],[3.962304,44.268423],[3.961001,44.269666],[3.96064,44.270166],[3.960096,44.270803],[3.958579,44.271341],[3.957927,44.271573],[3.956795,44.271797],[3.956174,44.271986],[3.955739,44.272083],[3.955485,44.271996],[3.954901,44.27124],[3.95426,44.270746],[3.953961,44.270507],[3.953899,44.270515],[3.953678,44.27052],[3.953608,44.270521],[3.953546,44.270522],[3.953454,44.270508],[3.953404,44.270485],[3.953341,44.270458],[3.953297,44.270439],[3.953224,44.27041],[3.953152,44.270388],[3.95308,44.270379],[3.953012,44.270372],[3.952921,44.270345],[3.952846,44.270322],[3.952756,44.270293],[3.952659,44.270262],[3.952594,44.270238],[3.952516,44.270203],[3.952436,44.270171],[3.95234,44.270123],[3.952158,44.270007],[3.951998,44.269935],[3.951935,44.269898],[3.951836,44.269853],[3.951754,44.269818],[3.951627,44.269768],[3.95146,44.269706],[3.951373,44.269676],[3.95126,44.269651],[3.951147,44.269623],[3.951078,44.269603],[3.950948,44.269572],[3.950822,44.269543],[3.950677,44.269515],[3.950574,44.2695],[3.950482,44.269492],[3.950378,44.269493],[3.950236,44.269523],[3.950146,44.26955],[3.950069,44.269574],[3.949931,44.269599],[3.949874,44.269599],[3.94977,44.26957],[3.949709,44.269551],[3.949644,44.269528],[3.949579,44.269499],[3.949523,44.26947],[3.949474,44.269442],[3.949408,44.269396],[3.949292,44.269322],[3.949231,44.269284],[3.949165,44.269244],[3.949084,44.269203],[3.948986,44.269166],[3.948895,44.269132],[3.948805,44.269099],[3.948703,44.269069],[3.948537,44.269029],[3.948413,44.268998],[3.948297,44.268963],[3.948177,44.268925],[3.948084,44.268899],[3.947899,44.268858],[3.947828,44.26885],[3.94773,44.268853],[3.947656,44.268864],[3.947555,44.268874],[3.947478,44.268878],[3.947414,44.268877],[3.947345,44.268887],[3.94728,44.268906],[3.947259,44.268825],[3.947118,44.268288],[3.946965,44.267301],[3.946765,44.266891],[3.946072,44.266676],[3.945696,44.266681],[3.945451,44.266865],[3.945272,44.267183],[3.942952,44.26924],[3.942395,44.269877],[3.942214,44.27015],[3.942103,44.270606],[3.942049,44.271185],[3.941961,44.271415],[3.941907,44.271454],[3.941876,44.271481],[3.94183,44.271516],[3.941764,44.271544],[3.94171,44.271582],[3.941673,44.271617],[3.941585,44.27169],[3.941498,44.271762],[3.941455,44.271804],[3.941406,44.271849],[3.94137,44.271877],[3.941315,44.271916],[3.941267,44.271946],[3.941205,44.271988],[3.941154,44.272023],[3.941034,44.272084],[3.940969,44.272102],[3.940767,44.272107],[3.94049,44.272252],[3.940336,44.272326],[3.940203,44.272405],[3.939876,44.272578],[3.939805,44.272626],[3.939761,44.272665],[3.939717,44.272705],[3.939675,44.272743],[3.939575,44.272829],[3.939481,44.272901],[3.939351,44.273036],[3.93796,44.273781],[3.935574,44.274744],[3.933723,44.275715],[3.933735,44.27612],[3.934001,44.27671],[3.934261,44.277065],[3.934841,44.277642],[3.935494,44.278577],[3.936391,44.279328],[3.936448,44.279398],[3.936601,44.27957],[3.936717,44.279724],[3.936802,44.279829],[3.936847,44.279884],[3.93703,44.280072],[3.937143,44.2803],[3.937301,44.280593],[3.937473,44.280839],[3.937782,44.281348],[3.937826,44.281406],[3.937875,44.281471],[3.937911,44.281539],[3.93937,44.282801],[3.939823,44.283335],[3.940011,44.28383],[3.940033,44.284363],[3.940066,44.285309],[3.939977,44.285793],[3.939678,44.286281],[3.939304,44.286926],[3.939211,44.287227],[3.93913,44.287683],[3.939064,44.287807],[3.938839,44.288007],[3.938737,44.288099],[3.938272,44.288578],[3.938083,44.288828],[3.938004,44.289054],[3.937983,44.289508],[3.937966,44.289617],[3.937961,44.289681],[3.937992,44.289956],[3.937989,44.290115],[3.937956,44.290241],[3.937855,44.290354],[3.937751,44.290478],[3.937729,44.290531],[3.937681,44.290675],[3.937644,44.290769],[3.937611,44.291111],[3.93749,44.29136],[3.936985,44.292059],[3.936816,44.292422],[3.936768,44.292951],[3.936839,44.293286],[3.936871,44.29345],[3.936892,44.293541],[3.936913,44.29364],[3.93537,44.294658],[3.935087,44.294932],[3.935105,44.295144],[3.935125,44.295377],[3.934933,44.295541],[3.934874,44.295617],[3.934276,44.29615],[3.933726,44.296609],[3.933016,44.297193],[3.932504,44.297386],[3.931837,44.297593],[3.931481,44.297711],[3.930531,44.298186],[3.929969,44.298373],[3.929572,44.29848],[3.92866,44.298589],[3.92827,44.298685],[3.928109,44.298783],[3.927929,44.299049],[3.927686,44.299288],[3.92764,44.299335],[3.927372,44.299552],[3.926944,44.299753],[3.926731,44.299901],[3.926495,44.30009],[3.926278,44.300354],[3.925557,44.30045],[3.925184,44.300591],[3.924941,44.300819],[3.924798,44.301686],[3.924634,44.30197],[3.924463,44.302293],[3.924368,44.302812],[3.924239,44.303242],[3.923922,44.303694],[3.923785,44.30389],[3.92286,44.305221],[3.923918,44.305845],[3.923933,44.305945],[3.923966,44.305982],[3.924039,44.306007],[3.924341,44.30609],[3.925379,44.306633],[3.925632,44.306852],[3.925684,44.306905],[3.925769,44.306915],[3.925918,44.306937],[3.925985,44.306958],[3.926091,44.306999],[3.926195,44.307018],[3.926363,44.307058],[3.926457,44.307072],[3.926511,44.307086],[3.926742,44.307278],[3.926771,44.307327],[3.926795,44.307351],[3.926847,44.307366],[3.926977,44.307383],[3.927028,44.307416],[3.927059,44.30745],[3.927119,44.307524],[3.927256,44.307647],[3.927268,44.307692],[3.92731,44.307852],[3.927345,44.307874],[3.927382,44.307883],[3.927512,44.30789],[3.927743,44.307924],[3.927834,44.307924],[3.927878,44.307908],[3.927957,44.307856],[3.928032,44.307924],[3.928275,44.308084],[3.928497,44.308258],[3.928635,44.308334],[3.928889,44.308437],[3.929177,44.308598],[3.929487,44.308775],[3.929603,44.308855],[3.929647,44.308911],[3.929688,44.309003],[3.929705,44.309027],[3.930073,44.309196],[3.930171,44.309319],[3.930327,44.309625],[3.930593,44.309846],[3.930961,44.310024],[3.931007,44.310045],[3.931066,44.310049],[3.93113,44.310078],[3.931165,44.310112],[3.931185,44.310172],[3.931167,44.310354],[3.931194,44.310412],[3.931288,44.310561],[3.931355,44.310604],[3.931451,44.310644],[3.931537,44.310667],[3.931648,44.310671],[3.931854,44.310668],[3.931945,44.310793],[3.932042,44.310903],[3.932166,44.310968],[3.932251,44.311325],[3.932398,44.311531],[3.932842,44.311756],[3.933094,44.311878],[3.933111,44.311928],[3.933146,44.312006],[3.933225,44.31206],[3.933307,44.312098],[3.933395,44.312125],[3.933475,44.312136],[3.933591,44.312167],[3.933729,44.312242],[3.933804,44.312317],[3.933863,44.312363],[3.933926,44.312375],[3.933981,44.312372],[3.934033,44.312356],[3.934074,44.312333],[3.934193,44.312332],[3.93426,44.312364],[3.934316,44.312419],[3.934366,44.312465],[3.934434,44.312502],[3.934654,44.312597],[3.934805,44.312696],[3.934927,44.312737],[3.935054,44.312763],[3.935302,44.312914],[3.936718,44.313778],[3.937119,44.314021],[3.937447,44.314178],[3.93816,44.314518],[3.939437,44.315029],[3.940516,44.315529],[3.94132,44.315741],[3.942675,44.316049],[3.943415,44.316272],[3.94366,44.316444],[3.943917,44.316665],[3.944532,44.317043],[3.944352,44.317073],[3.943864,44.317271],[3.943914,44.318665],[3.943921,44.319027],[3.943949,44.320098],[3.943952,44.320215],[3.943954,44.320275],[3.94402,44.320408],[3.944539,44.320826],[3.945073,44.320898],[3.945161,44.322961],[3.9452,44.323848],[3.945352,44.324256],[3.945825,44.324839],[3.946519,44.325576],[3.946869,44.326049],[3.947685,44.327319],[3.947837,44.32743],[3.948002,44.327499],[3.94838,44.327539],[3.949041,44.327647],[3.949531,44.32777],[3.949883,44.327781],[3.949992,44.327769],[3.95013,44.327755],[3.950206,44.327685],[3.95046,44.327566],[3.950525,44.327493],[3.950527,44.327339],[3.95052,44.327294],[3.9505,44.327167],[3.95041,44.327071],[3.950237,44.326976],[3.950069,44.326964],[3.949996,44.326985],[3.949925,44.327005],[3.94975,44.327012],[3.949584,44.327006],[3.949442,44.326989],[3.949285,44.326948],[3.949139,44.326923],[3.949005,44.326928],[3.948902,44.326935],[3.948743,44.326927],[3.948621,44.326903],[3.948498,44.326832],[3.948421,44.326754],[3.948382,44.326654],[3.948376,44.326574],[3.948381,44.326504],[3.948398,44.32646],[3.948433,44.326396],[3.948435,44.326329],[3.948443,44.326261],[3.948458,44.3262],[3.948476,44.326148],[3.948468,44.326102],[3.948452,44.326033],[3.948458,44.32596],[3.948481,44.325904],[3.948504,44.325859],[3.948499,44.325794],[3.948484,44.325723],[3.948491,44.32561],[3.9485,44.325546],[3.948522,44.325442],[3.948526,44.325374],[3.948532,44.325307],[3.94855,44.325237],[3.948585,44.325061],[3.948656,44.324671],[3.948666,44.324459],[3.948652,44.324332],[3.94867,44.32416],[3.948699,44.324038],[3.948746,44.323894],[3.948787,44.323835],[3.948837,44.323805],[3.948915,44.323801],[3.948927,44.323851],[3.949108,44.324531],[3.949243,44.324883],[3.950126,44.326179],[3.951096,44.326952],[3.951898,44.327609],[3.952254,44.327958],[3.95222,44.328425],[3.952272,44.328795],[3.952391,44.32921],[3.952429,44.329934],[3.952353,44.330893],[3.952343,44.331043],[3.952232,44.33154],[3.952035,44.332233],[3.951696,44.332917],[3.950731,44.333707],[3.949525,44.334653],[3.949484,44.334592],[3.949442,44.334559],[3.949388,44.334527],[3.949332,44.334506],[3.949268,44.334501],[3.949201,44.334511],[3.949139,44.334556],[3.949052,44.334636],[3.948912,44.334789],[3.948829,44.334859],[3.948712,44.334922],[3.948544,44.334992],[3.948305,44.335092],[3.948115,44.335138],[3.94801,44.335152],[3.947844,44.33516],[3.947739,44.335164],[3.947636,44.335163],[3.947433,44.335142],[3.94735,44.335147],[3.947247,44.335187],[3.947059,44.33527],[3.94681,44.335317],[3.946559,44.335364],[3.946334,44.335418],[3.946039,44.335552],[3.945679,44.335668],[3.945427,44.335748],[3.945116,44.335867],[3.944843,44.335966],[3.944641,44.336045],[3.944597,44.33606],[3.944548,44.336056],[3.944512,44.336049],[3.94446,44.336048],[3.944403,44.33606],[3.944317,44.336085],[3.94407,44.336101],[3.943735,44.336113],[3.943378,44.336104],[3.942835,44.336072],[3.942643,44.33606],[3.942268,44.336067],[3.941867,44.336074],[3.941462,44.336034],[3.941128,44.335981],[3.940612,44.33587],[3.94039,44.335828],[3.940248,44.335808],[3.940051,44.3358],[3.939819,44.335798],[3.939477,44.33573],[3.939332,44.335703],[3.939028,44.335697],[3.938513,44.335719],[3.937139,44.336023],[3.936688,44.335906],[3.934628,44.335908],[3.93512,44.338347],[3.933866,44.338639],[3.933037,44.338965],[3.932962,44.339102],[3.933544,44.340954],[3.933286,44.340921],[3.932524,44.340561],[3.932081,44.340427],[3.931697,44.340382],[3.93125,44.340361],[3.931024,44.340432],[3.930848,44.340597],[3.930813,44.340722],[3.930889,44.341221],[3.93084,44.341356],[3.930701,44.341476],[3.930398,44.34161],[3.930091,44.341812],[3.929739,44.342097],[3.929413,44.342474],[3.929174,44.342825],[3.929045,44.342979],[3.928869,44.343106],[3.928585,44.343292],[3.927746,44.343847],[3.927569,44.343951],[3.927306,44.344039],[3.927113,44.344143],[3.926937,44.344315],[3.926832,44.344512],[3.926559,44.3451],[3.926387,44.345401],[3.926177,44.345632],[3.926118,44.34567],[3.926065,44.345696],[3.925979,44.345727],[3.925945,44.345761],[3.925886,44.345809],[3.92582,44.34584],[3.925755,44.345866],[3.925693,44.345869],[3.925631,44.345865],[3.925587,44.345859],[3.925527,44.345851],[3.925485,44.34585],[3.925416,44.345898],[3.925371,44.345933],[3.925346,44.345984],[3.925306,44.346024],[3.925264,44.346039],[3.925217,44.346038],[3.925187,44.346011],[3.925157,44.345977],[3.925116,44.34598],[3.925096,44.346009],[3.925073,44.346044],[3.925045,44.346088],[3.925021,44.346129],[3.92499,44.346173],[3.924957,44.346207],[3.924925,44.34624],[3.924895,44.346288],[3.924865,44.346341],[3.924848,44.346394],[3.924819,44.346434],[3.924754,44.346493],[3.924736,44.346532],[3.924715,44.346553],[3.924678,44.346573],[3.924632,44.346588],[3.924589,44.346599],[3.924515,44.346605],[3.924439,44.346606],[3.924382,44.346593],[3.924343,44.346608],[3.924319,44.346631],[3.924292,44.346666],[3.924266,44.346702],[3.924244,44.346738],[3.924231,44.346774],[3.924208,44.346825],[3.92419,44.34687],[3.924174,44.346922],[3.924162,44.346969],[3.924147,44.347017],[3.92413,44.347057],[3.924122,44.34709],[3.924117,44.347131],[3.924104,44.34717],[3.924079,44.34722],[3.924064,44.347266],[3.924064,44.347307],[3.924032,44.347382],[3.924009,44.34741],[3.924363,44.347653],[3.924856,44.347887],[3.925368,44.348109],[3.926547,44.348584],[3.926992,44.348865],[3.927135,44.349212],[3.92716,44.349778],[3.927093,44.349869],[3.927021,44.349985],[3.926998,44.350068],[3.926961,44.350164],[3.926908,44.350261],[3.926877,44.350332],[3.926863,44.350383],[3.92686,44.350427],[3.92688,44.350496],[3.926902,44.350573],[3.926903,44.35062],[3.926887,44.350664],[3.926863,44.350714],[3.926766,44.350814],[3.92666,44.350896],[3.926539,44.351001],[3.926409,44.351095],[3.926353,44.351134],[3.926295,44.35117],[3.926296,44.351253],[3.926302,44.351285],[3.92585,44.351875],[3.925317,44.352418],[3.923847,44.353546],[3.923075,44.354232],[3.922518,44.354746],[3.921579,44.355507],[3.91833,44.358174],[3.917727,44.358591],[3.917319,44.358873],[3.916732,44.359282],[3.916511,44.359509],[3.916361,44.359855],[3.915944,44.360634],[3.915777,44.361168],[3.915527,44.361514],[3.914965,44.36272],[3.91466,44.363781],[3.914128,44.364511],[3.914089,44.364546],[3.914025,44.364563],[3.913942,44.364572],[3.91386,44.364568],[3.913468,44.364855],[3.913384,44.36498],[3.913337,44.365268],[3.913324,44.365455],[3.91332,44.365498],[3.913288,44.365966],[3.913181,44.366631],[3.913222,44.367513],[3.913185,44.367789],[3.913099,44.368076],[3.912844,44.36853],[3.912493,44.369097],[3.912157,44.369439],[3.911744,44.369822],[3.911312,44.370325],[3.911088,44.370624],[3.910795,44.371055],[3.910539,44.371419],[3.910161,44.371735],[3.909833,44.371924],[3.909496,44.372221],[3.90904,44.372739],[3.90828,44.373783],[3.908197,44.373853],[3.908133,44.373925],[3.908087,44.37401],[3.90806,44.374083],[3.908033,44.374166],[3.90799,44.374266],[3.907951,44.374394],[3.90791,44.374511],[3.907869,44.374611],[3.907817,44.374707],[3.907778,44.37478],[3.907751,44.37485],[3.907724,44.374937],[3.907707,44.375003],[3.907695,44.375084],[3.907692,44.375158],[3.907733,44.375236],[3.907632,44.375238],[3.9075,44.375256],[3.907274,44.375328],[3.906868,44.375503],[3.906687,44.375566],[3.906575,44.375614],[3.906494,44.375621],[3.906417,44.375625],[3.906302,44.375657],[3.906031,44.375833],[3.905864,44.375985],[3.905796,44.37608],[3.905718,44.376151],[3.905647,44.376201],[3.905574,44.376239],[3.905493,44.376256],[3.905364,44.376267],[3.90524,44.376287],[3.90512,44.376332],[3.904991,44.376392],[3.904893,44.376437],[3.904823,44.376481],[3.902655,44.376117],[3.902341,44.376065],[3.90198,44.376016],[3.898099,44.377606],[3.89766,44.377782],[3.896572,44.378219],[3.89639,44.378293],[3.895829,44.378521],[3.893794,44.38004],[3.89341,44.380343],[3.892612,44.381011],[3.892393,44.381196],[3.892286,44.381361],[3.892144,44.381868],[3.89205,44.382145],[3.891834,44.382475],[3.891365,44.383055],[3.890451,44.384001],[3.890123,44.38436],[3.889483,44.38519],[3.886645,44.387058],[3.88575,44.387785],[3.88572,44.388088],[3.885758,44.388335],[3.885935,44.388525],[3.88618,44.388588],[3.886512,44.388696],[3.88668,44.388811],[3.887247,44.389484],[3.887443,44.389684],[3.8877,44.389843],[3.888,44.389979],[3.888293,44.390087],[3.888557,44.390213],[3.888604,44.390615],[3.888892,44.392949],[3.889144,44.392923],[3.889672,44.392794],[3.89014,44.392681],[3.89042,44.392611],[3.89085,44.392539],[3.890949,44.392524],[3.891112,44.392499],[3.891332,44.392448],[3.89159,44.392382],[3.891828,44.392324],[3.892078,44.39227],[3.892334,44.392208],[3.892542,44.39217],[3.892645,44.392164],[3.892685,44.39201],[3.892845,44.391738],[3.893346,44.391162],[3.893742,44.390808],[3.893873,44.390713],[3.894093,44.390549],[3.894497,44.390283],[3.89482,44.390072],[3.895173,44.38983],[3.895464,44.389644],[3.895738,44.389486],[3.895963,44.389364],[3.897857,44.389827],[3.898269,44.389972],[3.899815,44.39103],[3.900185,44.392222],[3.900415,44.392882],[3.900526,44.393206],[3.900738,44.39375],[3.90078,44.393855],[3.901165,44.394136],[3.901374,44.394808],[3.901441,44.395257],[3.901324,44.395539],[3.90183,44.395994],[3.902355,44.396565],[3.902518,44.396799],[3.902993,44.397534],[3.903481,44.398112],[3.903907,44.398533],[3.905396,44.399997],[3.906723,44.401051],[3.906928,44.401185],[3.907029,44.401377],[3.907089,44.401521],[3.907164,44.401663],[3.907306,44.401889],[3.907388,44.402061],[3.907445,44.402181],[3.907518,44.402306],[3.907747,44.402468],[3.907923,44.402592],[3.908119,44.402674],[3.908378,44.402767],[3.908648,44.402854],[3.908897,44.402915],[3.909117,44.40293],[3.909268,44.402914],[3.909347,44.4029],[3.90941,44.402892],[3.909501,44.402914],[3.909536,44.402943],[3.909576,44.402975],[3.909618,44.403021],[3.909653,44.403079],[3.909712,44.403111],[3.909769,44.403141],[3.909829,44.403179],[3.909906,44.403211],[3.909988,44.403235],[3.910073,44.403251],[3.910149,44.403257],[3.910226,44.403284],[3.910283,44.403316],[3.910373,44.403347],[3.91063,44.403405],[3.910858,44.403464],[3.911021,44.403495],[3.911385,44.403509],[3.91207,44.403461],[3.912293,44.40366],[3.91278,44.403709],[3.913015,44.403675],[3.913139,44.403842],[3.913208,44.403886],[3.913257,44.403948],[3.913431,44.40397],[3.913581,44.404003],[3.913703,44.404038],[3.913771,44.40404],[3.913852,44.404031],[3.913928,44.404034],[3.914015,44.404041],[3.914109,44.404056],[3.914222,44.404079],[3.9143,44.404094],[3.914356,44.40411],[3.914418,44.40414],[3.914469,44.404167],[3.914518,44.404188],[3.914591,44.404198],[3.914685,44.4042],[3.914762,44.404201],[3.914847,44.404196],[3.914956,44.404176],[3.91503,44.404168],[3.915094,44.404191],[3.915184,44.404213],[3.915264,44.40421],[3.91537,44.404228],[3.915469,44.404267],[3.915537,44.404305],[3.915623,44.404342],[3.915699,44.404379],[3.915767,44.404419],[3.915841,44.404459],[3.915941,44.404505],[3.916029,44.404541],[3.916162,44.404579],[3.916301,44.404613],[3.916414,44.404653],[3.916512,44.404714],[3.916602,44.404774],[3.916681,44.404838],[3.916854,44.404967],[3.916984,44.405035],[3.916997,44.405076],[3.917058,44.405111],[3.917113,44.405142],[3.91727,44.405182],[3.917356,44.405199],[3.917414,44.405217],[3.917466,44.405251],[3.917543,44.405311],[3.918388,44.404374],[3.919121,44.404791],[3.920025,44.405088],[3.922241,44.405776],[3.922804,44.405722],[3.923995,44.405705],[3.926066,44.405795],[3.926601,44.405818],[3.926961,44.405779],[3.92746,44.405616],[3.928431,44.405326],[3.928905,44.405145],[3.929181,44.404911],[3.929575,44.404718],[3.93011,44.404531],[3.930803,44.404375],[3.931554,44.404297],[3.931771,44.404204],[3.931989,44.40398],[3.932159,44.403873],[3.932291,44.403793],[3.933106,44.403296],[3.93344,44.403167],[3.933639,44.403133],[3.933899,44.403088],[3.934234,44.402998],[3.934705,44.402782],[3.934846,44.402719],[3.935474,44.402485],[3.937457,44.402145],[3.938083,44.402532],[3.938613,44.402714],[3.938896,44.402755],[3.939066,44.402663],[3.939341,44.402383],[3.939556,44.402235],[3.939783,44.402236],[3.939956,44.402217],[3.940122,44.402012],[3.940203,44.401814],[3.940511,44.401471],[3.94066,44.401296],[3.940738,44.400952],[3.940837,44.400861],[3.940936,44.400798],[3.941064,44.400599],[3.941345,44.400539],[3.941587,44.400529],[3.942105,44.40051],[3.942348,44.400462],[3.942564,44.400302],[3.942704,44.400243],[3.942946,44.400229],[3.94326,44.400241],[3.943423,44.400172],[3.94339,44.40012],[3.943295,44.400111],[3.943278,44.400049],[3.943331,44.399999],[3.943595,44.399932],[3.944403,44.399656],[3.94462,44.399585],[3.944746,44.3996],[3.944835,44.399672],[3.945156,44.399943],[3.94525,44.399953],[3.945496,44.399752],[3.945605,44.399705],[3.945748,44.399788],[3.9458,44.39994],[3.94596,44.400033],[3.946164,44.400091],[3.946413,44.400043],[3.94672,44.40005],[3.946949,44.400103],[3.947555,44.400375],[3.947705,44.400383],[3.948303,44.400206],[3.948514,44.40018],[3.948686,44.4002],[3.950094,44.40082],[3.950258,44.400918],[3.950316,44.400953],[3.950515,44.401141],[3.950602,44.401204],[3.950715,44.401245],[3.951071,44.401323],[3.951237,44.401333],[3.951418,44.401458],[3.951549,44.401513],[3.951687,44.401549],[3.951953,44.401587],[3.952032,44.401609],[3.952096,44.401652],[3.952221,44.401785],[3.952309,44.401857],[3.95257,44.401996],[3.952404,44.402024],[3.952228,44.402028],[3.951795,44.401995],[3.951019,44.401902],[3.950761,44.401895],[3.95067,44.401909],[3.950536,44.40195],[3.950393,44.402031],[3.95028,44.402144],[3.950036,44.402593],[3.949964,44.40267],[3.949859,44.402742],[3.949471,44.402943],[3.949242,44.403111],[3.949131,44.403236],[3.949071,44.403316],[3.949028,44.403374],[3.948945,44.403531],[3.948836,44.403762],[3.948771,44.403971],[3.94876,44.40413],[3.948827,44.40438],[3.948828,44.404493],[3.948715,44.404776],[3.948662,44.404909],[3.94863,44.405077],[3.948509,44.405457],[3.948485,44.405702],[3.948554,44.406255],[3.948661,44.406554],[3.948653,44.40663],[3.948645,44.406716],[3.948652,44.406792],[3.948693,44.406854],[3.948954,44.407119],[3.949087,44.407322],[3.949115,44.407401],[3.949099,44.407471],[3.949006,44.407603],[3.94895,44.407653],[3.948788,44.40775],[3.948733,44.4078],[3.948659,44.40792],[3.948642,44.407993],[3.94864,44.408104],[3.94869,44.408278],[3.948799,44.408437],[3.949032,44.408677],[3.9491,44.408829],[3.94914,44.408981],[3.949131,44.40905],[3.949053,44.409181],[3.948849,44.409401],[3.948765,44.409675],[3.948758,44.409735],[3.948792,44.409784],[3.948861,44.40981],[3.948943,44.409809],[3.949153,44.409773],[3.94923,44.409799],[3.949284,44.409846],[3.949317,44.409907],[3.949328,44.41004],[3.949297,44.410134],[3.949222,44.410231],[3.949019,44.41039],[3.948844,44.410495],[3.948657,44.410588],[3.948427,44.410669],[3.948394,44.41069],[3.948346,44.410748],[3.948314,44.410877],[3.948121,44.411079],[3.948083,44.411134],[3.948061,44.411215],[3.948101,44.411274],[3.94814,44.411323],[3.94818,44.411365],[3.948273,44.411428],[3.94831,44.411456],[3.948367,44.411491],[3.948426,44.411529],[3.948472,44.41157],[3.948511,44.411616],[3.948556,44.41167],[3.948582,44.411726],[3.948602,44.411798],[3.948608,44.411842],[3.948607,44.411905],[3.948661,44.412253],[3.948448,44.41232],[3.949053,44.412787],[3.949166,44.412915],[3.949276,44.413037],[3.949441,44.413034],[3.950885,44.413019],[3.951412,44.413022],[3.951724,44.412983],[3.952087,44.41285],[3.952518,44.412567],[3.953055,44.412093],[3.953966,44.411888],[3.954448,44.411713],[3.955228,44.411365],[3.955611,44.411319],[3.956503,44.411216],[3.956626,44.411194],[3.957034,44.411119],[3.957302,44.411227],[3.957627,44.411581],[3.957834,44.411761],[3.958549,44.4121],[3.959061,44.412457],[3.959494,44.412793],[3.960175,44.413322],[3.961147,44.413967],[3.961458,44.414315],[3.962086,44.415413],[3.962667,44.415843],[3.962732,44.415888],[3.962784,44.415958],[3.962851,44.416055],[3.962894,44.416132],[3.962939,44.416184],[3.962986,44.416219],[3.963061,44.41625],[3.963223,44.416291],[3.963417,44.416355],[3.9636,44.416439],[3.963715,44.416496],[3.963796,44.416549],[3.963894,44.416649],[3.964006,44.416758],[3.964169,44.416947],[3.964272,44.417098],[3.964378,44.417258],[3.964451,44.417341],[3.964538,44.417424],[3.964665,44.417512],[3.964846,44.417624],[3.964998,44.417748],[3.965139,44.41786],[3.965231,44.417917],[3.965652,44.418316],[3.965913,44.418672],[3.966067,44.418947],[3.966096,44.419007],[3.966132,44.41906],[3.966261,44.419196],[3.966392,44.419351],[3.966557,44.419512],[3.966623,44.419578],[3.966745,44.419666],[3.966914,44.420108],[3.966942,44.4203],[3.966911,44.420637],[3.966934,44.421001],[3.966862,44.42118],[3.967258,44.421455],[3.967567,44.421908],[3.967993,44.422527],[3.968857,44.423109],[3.969637,44.423485],[3.969935,44.423779],[3.970797,44.425211],[3.971247,44.425885],[3.971601,44.426358],[3.971641,44.426357],[3.971684,44.426369],[3.971738,44.42639],[3.971795,44.426414],[3.971907,44.426431],[3.972067,44.426451],[3.972208,44.426464],[3.972331,44.426475],[3.972452,44.426483],[3.972528,44.426503],[3.972636,44.426533],[3.972805,44.426572],[3.972899,44.426609],[3.973079,44.426689],[3.972925,44.427227],[3.972829,44.427509],[3.972435,44.428037],[3.972172,44.42845],[3.972011,44.428858],[3.971997,44.429242],[3.971986,44.429634],[3.971896,44.430001],[3.971297,44.430711],[3.971084,44.430973],[3.971048,44.431058],[3.971043,44.431142],[3.971046,44.431232],[3.971112,44.431338],[3.971304,44.431487],[3.971561,44.431668],[3.971635,44.431809],[3.971603,44.432331],[3.9717,44.43301],[3.971871,44.433761],[3.971947,44.433934],[3.972115,44.43406],[3.972167,44.434228],[3.972116,44.434651],[3.971963,44.435063],[3.971963,44.435587],[3.972001,44.436081],[3.972143,44.436377],[3.972498,44.436764],[3.972893,44.437078],[3.973387,44.437513],[3.973894,44.437894],[3.974219,44.438058],[3.974641,44.438226],[3.974944,44.438424],[3.975034,44.438551],[3.975032,44.438709],[3.975004,44.438822],[3.975039,44.43894],[3.975143,44.439028],[3.975333,44.439082],[3.975725,44.439092],[3.976031,44.439155],[3.97627,44.439276],[3.976441,44.439436],[3.976467,44.439581],[3.976526,44.43971],[3.976623,44.439798],[3.976829,44.439863],[3.97697,44.439884],[3.976759,44.440416],[3.976521,44.440874],[3.976102,44.441572],[3.97587,44.442031],[3.975685,44.442388],[3.975481,44.442655],[3.975458,44.442734],[3.975432,44.442875],[3.97546,44.443021],[3.975533,44.443144],[3.975662,44.443225],[3.976054,44.443316],[3.97616,44.443323],[3.976279,44.443325],[3.976415,44.443333],[3.976541,44.443344],[3.976649,44.443358],[3.97676,44.443375],[3.976828,44.443406],[3.976894,44.443475],[3.976936,44.443565],[3.976977,44.443646],[3.977021,44.44373],[3.977085,44.443797],[3.977155,44.443833],[3.977261,44.443848],[3.977344,44.443841],[3.977449,44.443802],[3.977535,44.44377],[3.977626,44.443762],[3.977712,44.443773],[3.977801,44.443823],[3.977865,44.443895],[3.977956,44.443993],[3.978046,44.444045],[3.978157,44.4441],[3.978195,44.444165],[3.978195,44.444237],[3.978167,44.444316],[3.978064,44.444449],[3.977985,44.444616],[3.977942,44.444741],[3.97794,44.444918],[3.977982,44.445011],[3.978051,44.445071],[3.978114,44.445097],[3.978204,44.445113],[3.978264,44.445113],[3.978393,44.445096],[3.978491,44.445073],[3.978601,44.445068],[3.978678,44.445086],[3.978757,44.44511],[3.978803,44.445109],[3.978812,44.445109],[3.97893,44.445119],[3.978976,44.445136],[3.979033,44.445163],[3.979095,44.445179],[3.979155,44.445191],[3.979212,44.445216],[3.979267,44.44524],[3.979328,44.445268],[3.979405,44.445289],[3.979614,44.445333],[3.979753,44.445353],[3.979817,44.445369],[3.979872,44.445378],[3.979923,44.445383],[3.979991,44.445402],[3.980059,44.445421],[3.980115,44.445436],[3.980178,44.445449],[3.980226,44.445462],[3.980272,44.445459],[3.980363,44.445466],[3.980431,44.445479],[3.980491,44.445486],[3.98055,44.445493],[3.980606,44.445501],[3.98065,44.445498],[3.980686,44.445493],[3.980747,44.445496],[3.980938,44.445509],[3.981002,44.445508],[3.981047,44.445506],[3.981087,44.445502],[3.98113,44.445492],[3.981178,44.445464],[3.981227,44.445436],[3.981293,44.445406],[3.98136,44.445382],[3.981402,44.44537],[3.981439,44.445371],[3.981476,44.445386],[3.98152,44.445401],[3.981595,44.44543],[3.981719,44.445478],[3.98182,44.445483],[3.981933,44.445488],[3.981994,44.445487],[3.982091,44.445494],[3.982162,44.445493],[3.982202,44.445493],[3.982268,44.445491],[3.982363,44.445488],[3.982445,44.445479],[3.982567,44.445448],[3.982669,44.445406],[3.982836,44.445354],[3.982884,44.445342],[3.982962,44.445326],[3.98303,44.44531],[3.983089,44.445287],[3.983176,44.44528],[3.983275,44.445298],[3.983342,44.44532],[3.983414,44.445332],[3.983501,44.445338],[3.983541,44.445337],[3.983611,44.445325],[3.983659,44.445308],[3.983732,44.445311],[3.983771,44.445334],[3.983887,44.445338],[3.983968,44.445336],[3.984019,44.445356],[3.984072,44.445353],[3.984124,44.445371],[3.984157,44.445396],[3.984219,44.445421],[3.984296,44.445442],[3.984354,44.445463],[3.984409,44.445493],[3.984453,44.445514],[3.984523,44.445512],[3.984608,44.445521],[3.984671,44.445545],[3.984743,44.445571],[3.984833,44.445597],[3.984891,44.445625],[3.984939,44.445651],[3.984996,44.445683],[3.985063,44.445715],[3.98509,44.445722],[3.985141,44.445744],[3.985201,44.445753],[3.98528,44.445769],[3.985346,44.445792],[3.985399,44.445811],[3.985479,44.445828],[3.985511,44.445852],[3.985539,44.445905],[3.985579,44.445975],[3.985617,44.446072],[3.985625,44.446144],[3.985621,44.446209],[3.985624,44.446256],[3.985642,44.446316],[3.985659,44.446366],[3.985655,44.446423],[3.985652,44.446489],[3.985628,44.446545],[3.985609,44.44659],[3.985594,44.446657],[3.985574,44.446736],[3.98556,44.446799],[3.985525,44.446868],[3.985485,44.446928],[3.985413,44.447025],[3.985376,44.447085],[3.985346,44.447132],[3.985323,44.44719],[3.985307,44.44727],[3.985305,44.447335],[3.985304,44.4474],[3.985301,44.447463],[3.985313,44.447537],[3.985322,44.447595],[3.985351,44.447646],[3.985392,44.447696],[3.985434,44.447735],[3.98548,44.447768],[3.985559,44.447833],[3.985619,44.4479],[3.985662,44.447933],[3.98567,44.447945],[3.985671,44.447981],[3.985668,44.448008],[3.985669,44.448042],[3.985688,44.448111],[3.98573,44.448135],[3.985781,44.448152],[3.985884,44.448159],[3.986014,44.448193],[3.986227,44.448279],[3.986313,44.448313],[3.986452,44.44837],[3.986651,44.448449],[3.986829,44.448499],[3.986935,44.44853],[3.987028,44.448559],[3.987071,44.448576],[3.987121,44.448609],[3.987137,44.448627],[3.987153,44.448648],[3.987158,44.448667],[3.987151,44.448694],[3.987144,44.448718],[3.987143,44.448747],[3.987159,44.448786],[3.987185,44.448811],[3.987209,44.44883],[3.987222,44.448856],[3.987227,44.448911],[3.98723,44.448953],[3.987203,44.448997],[3.987139,44.449058],[3.987065,44.449098],[3.987006,44.449161],[3.986932,44.449252],[3.986859,44.449359],[3.986821,44.449435],[3.986819,44.449479],[3.98682,44.44952],[3.986824,44.449582],[3.986833,44.44963],[3.986854,44.449666],[3.986883,44.449695],[3.986941,44.449751],[3.987003,44.449805],[3.987013,44.449827],[3.987028,44.44985],[3.987055,44.449885],[3.987054,44.449974],[3.987055,44.450001],[3.987066,44.450021],[3.987078,44.450034],[3.987095,44.450054],[3.987112,44.450075],[3.98712,44.450091],[3.987118,44.450111],[3.987145,44.450123],[3.98719,44.450138],[3.987229,44.450139],[3.987263,44.450144],[3.987287,44.450154],[3.987325,44.450163],[3.987384,44.450156],[3.98755,44.450094],[3.987636,44.450021],[3.987724,44.449949],[3.987789,44.449904],[3.987872,44.449874],[3.987909,44.449856],[3.987925,44.449831],[3.987945,44.449809],[3.987976,44.449769],[3.988015,44.449734],[3.988045,44.44971],[3.988085,44.449681],[3.988113,44.449664],[3.988143,44.44964],[3.988169,44.449617],[3.988203,44.449595],[3.988232,44.449578],[3.988261,44.449565],[3.988287,44.449558],[3.988322,44.44955],[3.988351,44.449546],[3.988391,44.449542],[3.988467,44.449541],[3.98853,44.449547],[3.988587,44.449566],[3.988635,44.449587],[3.988679,44.449613],[3.988731,44.449645],[3.988785,44.449678],[3.988817,44.449711],[3.988842,44.449748],[3.988871,44.449787],[3.988923,44.449856],[3.988939,44.44988],[3.988962,44.449914],[3.988986,44.449958],[3.989003,44.449992],[3.989011,44.450029],[3.989006,44.450071],[3.989001,44.4501],[3.988995,44.450126],[3.988968,44.450156],[3.988906,44.450211],[3.988812,44.450303],[3.988776,44.450331],[3.988746,44.450362],[3.988741,44.450404],[3.988778,44.4505],[3.988887,44.450643],[3.988985,44.450798],[3.989007,44.45085],[3.989022,44.450898],[3.989032,44.450952],[3.989037,44.451013],[3.989038,44.451068],[3.989032,44.451115],[3.989005,44.451148],[3.988944,44.4512],[3.988896,44.45125],[3.988833,44.451274],[3.988784,44.45129],[3.988748,44.4513],[3.98874,44.451321],[3.988725,44.451357],[3.988697,44.45138],[3.988599,44.451443],[3.988577,44.45147],[3.988564,44.451499],[3.988562,44.451522],[3.988568,44.451548],[3.988587,44.45158],[3.988606,44.45163],[3.988634,44.451693],[3.988655,44.451779],[3.988676,44.451814],[3.988693,44.451834],[3.988716,44.45185],[3.988745,44.45186],[3.988769,44.451862],[3.988796,44.451858],[3.98884,44.451852],[3.988885,44.451847],[3.988922,44.451851],[3.988942,44.45186],[3.988964,44.451866],[3.988988,44.451873],[3.989045,44.451865],[3.98911,44.451847],[3.989154,44.451817],[3.989212,44.451777],[3.989258,44.45176],[3.989316,44.45176],[3.989421,44.451761],[3.989526,44.451751],[3.989611,44.451737],[3.98974,44.4517],[3.989781,44.451691],[3.98985,44.451676],[3.989934,44.451658],[3.990067,44.451641],[3.990132,44.451642],[3.990214,44.451643],[3.990273,44.451656],[3.990314,44.451679],[3.990343,44.451707],[3.990373,44.451737],[3.990411,44.45186],[3.990426,44.452002],[3.990411,44.452063],[3.990413,44.452109],[3.990442,44.452241],[3.990461,44.45234],[3.990475,44.452407],[3.990467,44.45247],[3.990467,44.452543],[3.990466,44.452602],[3.990477,44.452649],[3.990494,44.452703],[3.990521,44.452746],[3.990541,44.452796],[3.990546,44.452845],[3.990546,44.452886],[3.990546,44.45293],[3.990552,44.452979],[3.990562,44.453038],[3.990575,44.453087],[3.990578,44.453138],[3.990583,44.453191],[3.990622,44.453258],[3.990695,44.45334],[3.990728,44.453376],[3.990771,44.453418],[3.990795,44.453444],[3.990844,44.453464],[3.990866,44.453467],[3.990883,44.453475],[3.990931,44.45351],[3.990963,44.453563],[3.990968,44.453596],[3.990968,44.453639],[3.990957,44.453679],[3.990927,44.453727],[3.990867,44.453783],[3.990815,44.453809],[3.990799,44.453847],[3.990752,44.453947],[3.990724,44.453992],[3.990711,44.454048],[3.990722,44.454095],[3.9908,44.454123],[3.990959,44.454149],[3.991042,44.454144],[3.991091,44.454141],[3.991164,44.454139],[3.991205,44.454137],[3.991251,44.454133],[3.991296,44.454114],[3.99134,44.454079],[3.991389,44.454041],[3.991429,44.454007],[3.991473,44.453975],[3.991514,44.453944],[3.991564,44.453914],[3.991621,44.453898],[3.991667,44.453885],[3.991711,44.453862],[3.991756,44.453846],[3.991804,44.453841],[3.991859,44.453827],[3.991913,44.453824],[3.991958,44.453817],[3.992023,44.453817],[3.992139,44.453806],[3.992247,44.453838],[3.992338,44.453876],[3.992383,44.453909],[3.992515,44.453995],[3.992602,44.454083],[3.992629,44.454124],[3.992658,44.454171],[3.992692,44.454217],[3.992725,44.454269],[3.992809,44.45433],[3.992852,44.454352],[3.992914,44.454359],[3.992977,44.454364],[3.993068,44.454358],[3.99314,44.454354],[3.993196,44.454353],[3.993262,44.454364],[3.993348,44.454397],[3.993395,44.45443],[3.993453,44.454463],[3.993481,44.454479],[3.993546,44.454514],[3.993598,44.454558],[3.993672,44.454624],[3.993732,44.454696],[3.993748,44.454748],[3.99375,44.454796],[3.993764,44.454848],[3.993768,44.454883],[3.993758,44.454918],[3.99373,44.45495],[3.99369,44.454988],[3.993661,44.455016],[3.993578,44.455118],[3.993555,44.455165],[3.99356,44.455207],[3.993563,44.455255],[3.993549,44.455304],[3.993524,44.455341],[3.99346,44.455453],[3.993423,44.45552],[3.993393,44.455582],[3.993362,44.455638],[3.993347,44.455685],[3.993336,44.455744],[3.993335,44.455795],[3.993327,44.455849],[3.993314,44.455904],[3.993306,44.455959],[3.993321,44.45603],[3.993341,44.456078],[3.99338,44.456142],[3.99341,44.456203],[3.993425,44.456258],[3.993438,44.456308],[3.993444,44.456345],[3.993487,44.456421],[3.99351,44.456459],[3.993611,44.456534],[3.993669,44.456567],[3.99373,44.456607],[3.993791,44.456647],[3.993882,44.456679],[3.993971,44.456724],[3.99402,44.456759],[3.994075,44.456802],[3.99412,44.456835],[3.994185,44.456885],[3.994242,44.456912],[3.994267,44.456925],[3.994288,44.456936],[3.994353,44.456939],[3.994414,44.456958],[3.994484,44.456978],[3.994549,44.456996],[3.994613,44.457014],[3.994672,44.457049],[3.994695,44.457078],[3.994758,44.457095],[3.994808,44.457098],[3.994919,44.457132],[3.995064,44.457228],[3.995105,44.457273],[3.995148,44.457325],[3.995189,44.457378],[3.995209,44.45743],[3.995206,44.457536],[3.995167,44.457601],[3.995095,44.457735],[3.994992,44.457898],[3.994964,44.457951],[3.994912,44.458052],[3.994895,44.458144],[3.994879,44.458215],[3.994881,44.458329],[3.994883,44.458416],[3.994884,44.45848],[3.994885,44.458544],[3.99489,44.458596],[3.994918,44.458687],[3.994937,44.458724],[3.994973,44.458773],[3.995024,44.458808],[3.995076,44.458841],[3.995136,44.45886],[3.995206,44.458866],[3.995289,44.458865],[3.995365,44.458862],[3.995503,44.458855],[3.995659,44.458857],[3.995762,44.458867],[3.99588,44.458882],[3.996089,44.458922],[3.99622,44.458946],[3.996275,44.458948],[3.99634,44.45895],[3.996411,44.458966],[3.996494,44.458986],[3.996565,44.459007],[3.996626,44.459016],[3.996697,44.459049],[3.99679,44.459071],[3.996862,44.459073],[3.997157,44.459085],[3.997316,44.459095],[3.997442,44.459099],[3.997521,44.459101],[3.997697,44.459131],[3.997767,44.459153],[3.99788,44.459191],[3.997906,44.459208],[3.997951,44.459249],[3.998078,44.459399],[3.998147,44.459476],[3.998226,44.459538],[3.998239,44.459548],[3.99837,44.45966],[3.998581,44.459572],[3.998651,44.459539],[3.998718,44.459497],[3.998768,44.459457],[3.998822,44.45941],[3.998888,44.459361],[3.99897,44.459317],[3.99905,44.459279],[3.999155,44.459249],[3.999246,44.459219],[3.999374,44.459198],[3.999597,44.45919],[3.999871,44.459167],[3.999963,44.459165],[4.00005,44.459167],[4.000222,44.459174],[4.000491,44.459219],[4.000588,44.459232],[4.000668,44.459243],[4.000758,44.459257],[4.000839,44.459266],[4.000949,44.459273],[4.001055,44.459271],[4.001164,44.459257],[4.001282,44.459241],[4.001543,44.459207],[4.001812,44.45915],[4.001893,44.459115],[4.002003,44.459053],[4.002164,44.458956],[4.002226,44.458895],[4.002303,44.458839],[4.002322,44.458825],[4.002369,44.458792],[4.002432,44.458737],[4.002536,44.458651],[4.002626,44.458603],[4.002722,44.458559],[4.002803,44.458532],[4.002882,44.458507],[4.002973,44.458478],[4.003079,44.458443],[4.00315,44.458407],[4.003216,44.458363],[4.003263,44.458314],[4.00334,44.458189],[4.003372,44.458145],[4.003399,44.458103],[4.003427,44.458059],[4.003446,44.458017],[4.003468,44.457977],[4.003506,44.45793],[4.003539,44.45788],[4.003624,44.457755],[4.003681,44.457678],[4.003727,44.457601],[4.003759,44.457521],[4.003797,44.45744],[4.00382,44.457365],[4.00383,44.457281],[4.003828,44.457205],[4.003821,44.457121],[4.003815,44.457035],[4.003818,44.456963],[4.003819,44.456951],[4.003848,44.456844],[4.003875,44.456773],[4.003922,44.456705],[4.003989,44.456639],[4.004054,44.456574],[4.004126,44.456514],[4.004224,44.456449],[4.004289,44.456427],[4.004459,44.456352],[4.004464,44.45635],[4.00461,44.456309],[4.004698,44.456306],[4.004815,44.456305],[4.004906,44.456295],[4.004979,44.456278],[4.005084,44.456234],[4.00515,44.456198],[4.005227,44.456149],[4.00532,44.456102],[4.005391,44.456073],[4.005479,44.456057],[4.005683,44.456081],[4.005782,44.45606],[4.005854,44.456034],[4.005925,44.45602],[4.006085,44.456005],[4.006215,44.456013],[4.006387,44.456031],[4.006502,44.456037],[4.006595,44.456036],[4.006715,44.456036],[4.006816,44.456035],[4.006968,44.456039],[4.007108,44.456063],[4.007232,44.456084],[4.007404,44.45612],[4.007679,44.456171],[4.007779,44.456204],[4.007857,44.456235],[4.007948,44.456269],[4.008046,44.456299],[4.008156,44.456328],[4.008239,44.456343],[4.008309,44.456369],[4.00837,44.456406],[4.00843,44.456446],[4.008505,44.456497],[4.00858,44.456536],[4.008669,44.456569],[4.008771,44.456606],[4.00887,44.456635],[4.009003,44.456643],[4.009119,44.456634],[4.009235,44.456614],[4.009337,44.456596],[4.009439,44.456584],[4.009508,44.45657],[4.009573,44.456512],[4.009634,44.456449],[4.009726,44.456412],[4.009802,44.456382],[4.009865,44.456357],[4.009935,44.456323],[4.010008,44.456284],[4.010079,44.456238],[4.010147,44.456177],[4.010176,44.456117],[4.010157,44.456059],[4.010135,44.456005],[4.010135,44.455953],[4.010187,44.455883],[4.010258,44.455844],[4.010322,44.455819],[4.01038,44.455775],[4.010414,44.455706],[4.010446,44.455634],[4.01047,44.455558],[4.010488,44.455486],[4.010489,44.455465],[4.010491,44.455409],[4.010496,44.455333],[4.010517,44.45528],[4.010581,44.455223],[4.010618,44.455185],[4.010643,44.455142],[4.010665,44.45509],[4.010689,44.455043],[4.010703,44.455012],[4.010726,44.454971],[4.010753,44.454931],[4.010876,44.454793],[4.010928,44.454775],[4.011004,44.454759],[4.011152,44.454718],[4.011214,44.454692],[4.011367,44.454621],[4.01156,44.454509],[4.011634,44.454479],[4.011745,44.454446],[4.011778,44.454441],[4.011854,44.454441],[4.011917,44.454455],[4.011979,44.45447],[4.012028,44.454483],[4.012065,44.454498],[4.012114,44.454539],[4.012214,44.454596],[4.012277,44.454613],[4.012367,44.454635],[4.012599,44.454645],[4.012736,44.454644],[4.012877,44.454643],[4.013019,44.454641],[4.013186,44.454642],[4.013324,44.454652],[4.013462,44.454661],[4.013571,44.454669],[4.013674,44.454684],[4.013789,44.454702],[4.013873,44.454716],[4.013987,44.454732],[4.0144,44.454736],[4.014504,44.454734],[4.014971,44.454679],[4.015122,44.454643],[4.015296,44.454591],[4.01537,44.454549],[4.015425,44.454502],[4.015441,44.454461],[4.015444,44.454396],[4.015438,44.45433],[4.015436,44.454235],[4.015436,44.454156],[4.015434,44.454047],[4.015405,44.453903],[4.01539,44.453825],[4.01536,44.453737],[4.015327,44.453654],[4.015221,44.453528],[4.015174,44.453485],[4.015156,44.453454],[4.015077,44.453328],[4.014974,44.453131],[4.014953,44.453061],[4.014941,44.452981],[4.014931,44.452909],[4.014932,44.452833],[4.014927,44.452755],[4.014909,44.452662],[4.014877,44.452547],[4.01485,44.452463],[4.014798,44.4523],[4.014773,44.452207],[4.014745,44.452122],[4.014733,44.452067],[4.014732,44.452007],[4.014729,44.451929],[4.014723,44.451864],[4.014715,44.451783],[4.01471,44.451701],[4.014711,44.451609],[4.014713,44.45154],[4.014718,44.45147],[4.014732,44.451398],[4.014753,44.451332],[4.014759,44.45124],[4.014755,44.451164],[4.014743,44.451082],[4.014734,44.451032],[4.014738,44.450976],[4.014748,44.450943],[4.014856,44.45082],[4.014948,44.450734],[4.015,44.450702],[4.01505,44.450687],[4.015095,44.450676],[4.01516,44.450677],[4.015212,44.450675],[4.015282,44.450675],[4.015359,44.450675],[4.015418,44.450681],[4.015512,44.450696],[4.015582,44.45071],[4.015673,44.450735],[4.015771,44.450765],[4.015845,44.450804],[4.015996,44.450879],[4.016058,44.450893],[4.016131,44.450908],[4.016198,44.450931],[4.016246,44.450965],[4.016304,44.450984],[4.016425,44.450997],[4.016542,44.450996],[4.016683,44.451002],[4.016797,44.451006],[4.016887,44.451006],[4.01699,44.451007],[4.017075,44.450984],[4.017158,44.450945],[4.017212,44.450908],[4.017299,44.450876],[4.017393,44.450861],[4.017482,44.450823],[4.017551,44.450778],[4.017615,44.450712],[4.017666,44.450645],[4.017758,44.450584],[4.017865,44.450525],[4.018094,44.450433],[4.018154,44.450398],[4.018444,44.450155],[4.018707,44.450032],[4.018833,44.449945],[4.018909,44.4499],[4.018966,44.449873],[4.019031,44.449828],[4.019096,44.449801],[4.019171,44.44978],[4.019232,44.449757],[4.019243,44.449744],[4.019286,44.449728],[4.019354,44.449707],[4.019416,44.449689],[4.019498,44.449677],[4.019607,44.449665],[4.019711,44.449683],[4.019807,44.449726],[4.019891,44.44979],[4.019979,44.449858],[4.020095,44.449926],[4.020184,44.449987],[4.020289,44.450044],[4.020378,44.450087],[4.020478,44.450121],[4.020599,44.450152],[4.020697,44.450173],[4.020785,44.450196],[4.020865,44.45022],[4.020964,44.450229],[4.021049,44.450224],[4.02113,44.45021],[4.021212,44.450185],[4.021275,44.450152],[4.021344,44.450122],[4.021451,44.450098],[4.021537,44.450085],[4.021614,44.450078],[4.021751,44.450065],[4.021859,44.450061],[4.021946,44.450039],[4.022007,44.450008],[4.022066,44.449967],[4.022098,44.449868],[4.022096,44.449803],[4.022084,44.449692],[4.022059,44.449573],[4.022034,44.449456],[4.022015,44.449366],[4.021997,44.449267],[4.021979,44.449187],[4.021928,44.448982],[4.021909,44.448831],[4.021886,44.448748],[4.021855,44.448669],[4.021791,44.448562],[4.021724,44.448484],[4.02165,44.448412],[4.021581,44.448339],[4.021532,44.448272],[4.021476,44.448187],[4.021432,44.448098],[4.021399,44.448004],[4.021376,44.447894],[4.021369,44.447814],[4.02134,44.447663],[4.021317,44.447571],[4.021303,44.44749],[4.021295,44.447414],[4.021299,44.447337],[4.021309,44.447264],[4.021333,44.447209],[4.021352,44.447168],[4.021391,44.44704],[4.021464,44.446938],[4.02164,44.446768],[4.021834,44.446637],[4.022068,44.446447],[4.022352,44.446231],[4.022675,44.445979],[4.022833,44.445897],[4.022957,44.445831],[4.023083,44.445738],[4.023199,44.445689],[4.023349,44.445657],[4.02349,44.445653],[4.023745,44.445649],[4.023985,44.445634],[4.024352,44.445577],[4.024632,44.445564],[4.024855,44.445572],[4.025011,44.445579],[4.025396,44.445603],[4.025847,44.445625],[4.026172,44.445638],[4.026445,44.44563],[4.026629,44.445618],[4.026812,44.445592],[4.026914,44.445564],[4.026956,44.445518],[4.026953,44.445423],[4.026963,44.44528],[4.027011,44.445201],[4.027128,44.445061],[4.027257,44.444913],[4.027313,44.444851],[4.027355,44.444807],[4.027499,44.44468],[4.027607,44.44461],[4.027693,44.444595],[4.027757,44.444596],[4.028002,44.444615],[4.028176,44.444655],[4.028239,44.44469],[4.028332,44.444794],[4.028378,44.444885],[4.028494,44.445112],[4.028599,44.445328],[4.028615,44.445449],[4.028574,44.445553],[4.028555,44.445682],[4.028554,44.445772],[4.028595,44.445845],[4.028698,44.445948],[4.028832,44.446062],[4.028884,44.446124],[4.028966,44.446244],[4.029094,44.446349],[4.029237,44.446408],[4.029417,44.446453],[4.029733,44.446509],[4.029925,44.446532],[4.030084,44.446539],[4.030361,44.446517],[4.030403,44.446514],[4.030651,44.446491],[4.031097,44.446404],[4.031373,44.446329],[4.031645,44.446256],[4.031975,44.446138],[4.032084,44.446097],[4.032199,44.446057],[4.032344,44.446025],[4.032475,44.445994],[4.032593,44.445935],[4.032699,44.445851],[4.032784,44.445752],[4.032847,44.445644],[4.032926,44.445504],[4.032994,44.445415],[4.033092,44.44535],[4.033204,44.445294],[4.033281,44.445208],[4.033347,44.445088],[4.033385,44.444946],[4.033412,44.444793],[4.033459,44.444591],[4.033503,44.444409],[4.03356,44.444141],[4.033609,44.443921],[4.033667,44.443807],[4.033768,44.443714],[4.033992,44.443641],[4.034148,44.443626],[4.034306,44.443635],[4.034461,44.443669],[4.034642,44.443727],[4.034892,44.443836],[4.035028,44.444031],[4.03507,44.44424],[4.035153,44.444398],[4.035276,44.444533],[4.035367,44.444658],[4.035489,44.444794],[4.035618,44.444915],[4.035808,44.445065],[4.036018,44.445283],[4.03617,44.445415],[4.036383,44.445527],[4.036565,44.445593],[4.036864,44.445749],[4.037088,44.445971],[4.037175,44.446085],[4.037264,44.446001],[4.037293,44.445972],[4.037382,44.445889],[4.037429,44.445718],[4.037487,44.44565],[4.037592,44.44561],[4.037643,44.445554],[4.037665,44.445466],[4.037664,44.445397],[4.037671,44.445327],[4.037743,44.445286],[4.037891,44.445261],[4.038013,44.445257],[4.038104,44.445226],[4.03815,44.445176],[4.038165,44.445107],[4.038138,44.445037],[4.038086,44.444987],[4.038041,44.44486],[4.038042,44.444656],[4.038035,44.444536],[4.038035,44.444415],[4.03806,44.444325],[4.038113,44.444247],[4.038193,44.444198],[4.038315,44.444165],[4.038402,44.444137],[4.038494,44.444083],[4.038657,44.443913],[4.038725,44.443819],[4.038796,44.443719],[4.038924,44.443604],[4.039176,44.443494],[4.039262,44.443468],[4.039354,44.443419],[4.039445,44.443372],[4.03949,44.443303],[4.039554,44.443116],[4.039561,44.443034],[4.039511,44.442919],[4.039458,44.442841],[4.039395,44.442707],[4.039393,44.442543],[4.039427,44.442461],[4.039516,44.442369],[4.040029,44.442134],[4.04074,44.441801],[4.041098,44.441513],[4.041332,44.441323],[4.041722,44.441029],[4.041846,44.440904],[4.04192,44.440554],[4.041921,44.440379],[4.0419,44.440256],[4.041901,44.440153],[4.041997,44.439932],[4.042053,44.439648],[4.042078,44.4396],[4.042094,44.439536],[4.042094,44.439275],[4.042094,44.439214],[4.04211,44.439154],[4.042165,44.439103],[4.042515,44.438878],[4.0426,44.43877],[4.042646,44.438634],[4.042719,44.438419],[4.04266,44.4381],[4.042665,44.437822],[4.042696,44.437376],[4.042704,44.437274],[4.042642,44.437109],[4.042605,44.436998],[4.042602,44.436895],[4.04261,44.436813],[4.04265,44.436708],[4.042767,44.436574],[4.042962,44.436391],[4.04322,44.436179],[4.043634,44.435923],[4.043845,44.435731],[4.044034,44.435598],[4.04417,44.435499],[4.04432,44.435443],[4.044427,44.435431],[4.044565,44.435432],[4.045017,44.43544],[4.045154,44.435432],[4.04525,44.435388],[4.045288,44.435311],[4.045299,44.435256],[4.04529,44.435181],[4.04529,44.435076],[4.045301,44.434966],[4.045381,44.434843],[4.045398,44.434795],[4.045411,44.43476],[4.045438,44.434533],[4.045444,44.43441],[4.045495,44.43428],[4.045602,44.434142],[4.045702,44.433998],[4.045926,44.433606],[4.046066,44.433108],[4.046258,44.432421],[4.046281,44.432284],[4.046321,44.432033],[4.04633,44.431833],[4.04626,44.431549],[4.046139,44.431338],[4.045901,44.431048],[4.045616,44.430755],[4.0455,44.430627],[4.045433,44.430532],[4.045383,44.430404],[4.045382,44.430193],[4.045431,44.429903],[4.045442,44.429844],[4.045458,44.42975],[4.045455,44.429664],[4.045415,44.429599],[4.045382,44.429581],[4.045352,44.429564],[4.045211,44.429538],[4.044774,44.429498],[4.044444,44.42941],[4.043914,44.429171],[4.043535,44.428972],[4.043107,44.42871],[4.04267,44.428404],[4.042249,44.428142],[4.042152,44.42805],[4.042067,44.427947],[4.042013,44.427845],[4.041971,44.427757],[4.041937,44.427672],[4.041934,44.42759],[4.041976,44.427512],[4.04209,44.427422],[4.042174,44.42735],[4.042243,44.427275],[4.042269,44.427149],[4.042276,44.426985],[4.04238,44.426803],[4.042594,44.426593],[4.042645,44.426512],[4.042694,44.426436],[4.042701,44.426342],[4.04268,44.426302],[4.042623,44.426251],[4.042528,44.426221],[4.04234,44.426164],[4.042168,44.426115],[4.041998,44.426071],[4.041861,44.426008],[4.041779,44.425943],[4.041691,44.425847],[4.041515,44.425735],[4.04111,44.425611],[4.040601,44.425357],[4.040484,44.425151],[4.040538,44.424863],[4.040088,44.424482],[4.039773,44.424167],[4.039557,44.42403],[4.039176,44.423879],[4.039004,44.423741],[4.038899,44.423371],[4.03879,44.423193],[4.038259,44.422723],[4.038041,44.422528],[4.037887,44.422392],[4.03752,44.422139],[4.037293,44.42189],[4.037065,44.421443],[4.036672,44.42101],[4.036187,44.420574],[4.035765,44.420315],[4.035444,44.420056],[4.03544,44.419921],[4.035779,44.419501],[4.036264,44.419172],[4.038075,44.418656],[4.039128,44.41819],[4.039688,44.418046],[4.041013,44.418114],[4.041628,44.418195],[4.042902,44.4185],[4.043394,44.41852],[4.044905,44.418452],[4.046018,44.418418],[4.046365,44.418381],[4.046457,44.41838],[4.046579,44.41837],[4.046743,44.41833],[4.047082,44.418226],[4.047425,44.418141],[4.047766,44.418086],[4.04781,44.418059],[4.048015,44.417937],[4.048497,44.417585],[4.048781,44.417419],[4.048963,44.417281],[4.049163,44.417156],[4.049516,44.416994],[4.050012,44.4168],[4.05041,44.416667],[4.050921,44.416521],[4.051194,44.416438],[4.051326,44.416376],[4.051561,44.416215],[4.051858,44.416038],[4.052078,44.415853],[4.052317,44.415631],[4.052368,44.415586],[4.052419,44.415561],[4.052636,44.415483],[4.053018,44.41527],[4.053157,44.415205],[4.053487,44.415106],[4.053822,44.414993],[4.054172,44.414905],[4.054528,44.41482],[4.05507,44.414647],[4.055475,44.414491],[4.055837,44.414341],[4.056056,44.41424],[4.056381,44.414059],[4.056665,44.413927],[4.056983,44.413791],[4.057271,44.413653],[4.057434,44.413542],[4.057671,44.41331],[4.058006,44.412957],[4.058537,44.412465],[4.058574,44.412445],[4.058613,44.41242],[4.058697,44.412393],[4.058769,44.412364],[4.058836,44.412338],[4.058904,44.412245],[4.058953,44.412212],[4.059038,44.412184],[4.059069,44.412168],[4.059089,44.412136],[4.059104,44.412095],[4.059096,44.412041],[4.059071,44.412005],[4.059044,44.411986],[4.059094,44.411939],[4.059134,44.411859],[4.059187,44.411813],[4.059213,44.411753],[4.059769,44.411086],[4.060706,44.409881],[4.060736,44.409823],[4.060865,44.409612],[4.06089,44.409542],[4.060896,44.409403],[4.060902,44.40937],[4.060947,44.40932],[4.060992,44.409261],[4.0611,44.409162],[4.061289,44.409065],[4.061367,44.409038],[4.061523,44.40901],[4.061622,44.409003],[4.061696,44.409005],[4.061799,44.40904],[4.061813,44.409013],[4.061812,44.408991],[4.061797,44.408973],[4.061766,44.408948],[4.062161,44.408895],[4.062387,44.40889],[4.062425,44.408886],[4.062576,44.408821],[4.062698,44.408782],[4.062781,44.408768],[4.062831,44.408768],[4.062933,44.408778],[4.062962,44.408775],[4.062979,44.408764],[4.063104,44.40868],[4.063322,44.408579],[4.063597,44.40841],[4.063669,44.408372],[4.063901,44.40828],[4.064083,44.408204],[4.064171,44.408167],[4.064225,44.408102],[4.064327,44.408027],[4.064392,44.407953],[4.064484,44.407804],[4.064514,44.407772],[4.064544,44.407717],[4.064574,44.407703],[4.064608,44.407706],[4.064643,44.407712],[4.064679,44.407709],[4.064813,44.407621],[4.064895,44.407554],[4.064984,44.407471],[4.065004,44.407424],[4.065017,44.407334],[4.065119,44.407305],[4.06516,44.407282],[4.065243,44.40721],[4.065354,44.407084],[4.065443,44.407023],[4.065507,44.406877],[4.065517,44.406862],[4.065536,44.406841],[4.065538,44.406813],[4.065541,44.406795],[4.065559,44.406757],[4.065567,44.406729],[4.065565,44.406706],[4.065563,44.406675],[4.065574,44.406597],[4.065586,44.406548],[4.065597,44.406526],[4.065618,44.406516],[4.065676,44.406509],[4.065726,44.406457],[4.065773,44.406347],[4.065797,44.406319],[4.06584,44.406296],[4.065855,44.406283],[4.065935,44.406269],[4.06596,44.40626],[4.065988,44.406218],[4.066024,44.406179],[4.066091,44.406133],[4.066169,44.406103],[4.066188,44.4061],[4.066213,44.406039],[4.066297,44.406015],[4.06641,44.40597],[4.066512,44.40591],[4.06673,44.405851],[4.066873,44.405717],[4.066965,44.405604],[4.067041,44.40556],[4.067081,44.405547],[4.067105,44.405527],[4.067121,44.405513],[4.06722,44.40549],[4.067232,44.405466],[4.067306,44.405428],[4.067347,44.405416],[4.067462,44.405399],[4.067532,44.405378],[4.067673,44.405334],[4.067701,44.405306],[4.067897,44.405228],[4.068118,44.405149],[4.068248,44.405146],[4.068431,44.405046],[4.068015,44.404206],[4.067765,44.4037],[4.067528,44.403344],[4.067393,44.403077],[4.067322,44.402705],[4.067244,44.402502],[4.067201,44.40235],[4.067119,44.402251],[4.067033,44.402134],[4.066989,44.402026],[4.066954,44.401947],[4.066823,44.401607],[4.066711,44.401349],[4.066564,44.401132],[4.066146,44.400686],[4.065936,44.400573],[4.065695,44.400439],[4.065453,44.400299],[4.065338,44.400232],[4.065264,44.400194],[4.065205,44.400162],[4.065091,44.40008],[4.064958,44.399982],[4.064822,44.399908],[4.064734,44.399818],[4.064646,44.39969],[4.064518,44.399561],[4.064432,44.399421],[4.064352,44.399347],[4.064243,44.399297],[4.064113,44.399244],[4.063811,44.399058],[4.063618,44.399012],[4.063428,44.398966],[4.063127,44.398867],[4.062928,44.398808],[4.062793,44.398782],[4.062689,44.398784],[4.062544,44.398783],[4.062511,44.398759],[4.06248,44.398742],[4.062439,44.398726],[4.062336,44.398672],[4.06236,44.398597],[4.062371,44.398469],[4.062333,44.398311],[4.062275,44.398135],[4.062276,44.398021],[4.062296,44.397915],[4.062341,44.397851],[4.06242,44.397765],[4.062618,44.397634],[4.062833,44.397453],[4.062962,44.397357],[4.063142,44.397252],[4.063245,44.397171],[4.063312,44.397078],[4.063357,44.396978],[4.063358,44.396888],[4.063363,44.396774],[4.06338,44.396675],[4.063409,44.396608],[4.063459,44.396545],[4.063541,44.396482],[4.06363,44.39637],[4.063668,44.396276],[4.063717,44.396163],[4.06377,44.395985],[4.063763,44.395883],[4.063782,44.395773],[4.063835,44.395644],[4.063903,44.395489],[4.06399,44.395338],[4.064061,44.39518],[4.064144,44.395052],[4.064235,44.394944],[4.064374,44.394761],[4.06443,44.394687],[4.064461,44.394649],[4.06453,44.394531],[4.064536,44.394385],[4.064522,44.394259],[4.064458,44.394053],[4.064168,44.394115],[4.064,44.394147],[4.063982,44.39415],[4.063812,44.394186],[4.063698,44.394235],[4.063574,44.394324],[4.063389,44.394496],[4.06326,44.39463],[4.063152,44.394751],[4.063066,44.394848],[4.06297,44.394967],[4.0629,44.395012],[4.062772,44.395044],[4.062671,44.395032],[4.062562,44.394961],[4.06242,44.394856],[4.06221,44.394689],[4.062055,44.39457],[4.061926,44.394455],[4.061804,44.394387],[4.061687,44.394319],[4.061528,44.39428],[4.061301,44.39426],[4.061089,44.394248],[4.060903,44.394228],[4.060733,44.394217],[4.0605,44.394222],[4.06027,44.394235],[4.059979,44.394251],[4.059803,44.39426],[4.059659,44.394278],[4.05954,44.394306],[4.059447,44.394325],[4.059257,44.394305],[4.059098,44.394313],[4.058941,44.394319],[4.058759,44.394313],[4.05841,44.394326],[4.058137,44.394338],[4.057973,44.394334],[4.057836,44.394349],[4.057699,44.394351],[4.057565,44.394311],[4.057451,44.394249],[4.057325,44.39416],[4.057175,44.394016],[4.057066,44.393894],[4.056964,44.393727],[4.056931,44.393628],[4.056921,44.393494],[4.056934,44.393204],[4.056802,44.392847],[4.056771,44.392756],[4.056737,44.392686],[4.056668,44.392664],[4.056587,44.392631],[4.0565,44.392608],[4.056463,44.392612],[4.056427,44.3926],[4.056344,44.392603],[4.056249,44.39262],[4.056135,44.392652],[4.056027,44.392717],[4.055932,44.392787],[4.05582,44.392836],[4.055591,44.392943],[4.055499,44.393014],[4.055384,44.393091],[4.055185,44.393194],[4.054982,44.393293],[4.054855,44.393337],[4.054705,44.393382],[4.0546,44.393432],[4.054508,44.393483],[4.054359,44.393538],[4.054292,44.393592],[4.054264,44.393659],[4.05424,44.393746],[4.054177,44.393801],[4.054058,44.393811],[4.053852,44.39379],[4.053733,44.393784],[4.053613,44.39379],[4.053486,44.39378],[4.053369,44.393771],[4.053245,44.393793],[4.053177,44.393848],[4.053109,44.393934],[4.053063,44.394032],[4.053045,44.394118],[4.053065,44.394268],[4.053162,44.394458],[4.053257,44.394602],[4.053324,44.394767],[4.053334,44.394897],[4.053289,44.395032],[4.053227,44.395144],[4.053049,44.395297],[4.052934,44.395383],[4.052763,44.395457],[4.052568,44.395491],[4.052334,44.395525],[4.052109,44.395588],[4.051833,44.395676],[4.051414,44.395828],[4.05127,44.395879],[4.051169,44.395923],[4.05095,44.395993],[4.050822,44.396052],[4.05073,44.396121],[4.050684,44.396186],[4.050648,44.396253],[4.050565,44.396329],[4.050484,44.396376],[4.050364,44.396395],[4.050285,44.396396],[4.050142,44.396374],[4.049966,44.39627],[4.0498,44.396115],[4.049664,44.396033],[4.04953,44.395937],[4.049385,44.395826],[4.049265,44.395762],[4.049136,44.395708],[4.048957,44.395669],[4.048818,44.395642],[4.048691,44.395625],[4.048547,44.395626],[4.048416,44.395645],[4.048328,44.395685],[4.048267,44.395771],[4.048155,44.396033],[4.048101,44.396243],[4.048046,44.39645],[4.048026,44.396562],[4.04799,44.396712],[4.047925,44.396863],[4.047887,44.396975],[4.047843,44.397162],[4.047797,44.397352],[4.047592,44.397367],[4.047447,44.397406],[4.047192,44.397452],[4.04701,44.397462],[4.046799,44.397387],[4.046674,44.397288],[4.046594,44.397205],[4.046557,44.397092],[4.04658,44.396911],[4.046612,44.39674],[4.046614,44.39663],[4.046603,44.396518],[4.046573,44.396388],[4.046512,44.396286],[4.046416,44.396231],[4.046301,44.396196],[4.04617,44.396186],[4.046042,44.396199],[4.045825,44.396216],[4.045715,44.396227],[4.045532,44.396229],[4.045369,44.396211],[4.045252,44.396206],[4.045096,44.396181],[4.044937,44.39613],[4.044856,44.396083],[4.044805,44.395995],[4.04481,44.395834],[4.044921,44.395577],[4.044995,44.395433],[4.045062,44.395263],[4.045086,44.395189],[4.045068,44.3951],[4.045028,44.395048],[4.044976,44.395013],[4.044926,44.394918],[4.044903,44.394849],[4.044854,44.39481],[4.044806,44.394788],[4.044724,44.394786],[4.044548,44.394767],[4.044468,44.394738],[4.044422,44.394688],[4.04438,44.394576],[4.044246,44.394424],[4.044199,44.394361],[4.044139,44.394339],[4.044057,44.394339],[4.043958,44.39433],[4.043876,44.394336],[4.043804,44.394353],[4.043676,44.394409],[4.043557,44.394479],[4.043439,44.39454],[4.043341,44.394595],[4.043209,44.394674],[4.043086,44.394727],[4.042984,44.394751],[4.042858,44.394773],[4.042736,44.394779],[4.042641,44.394763],[4.042557,44.394729],[4.042483,44.394713],[4.042428,44.394716],[4.042337,44.394698],[4.042177,44.394624],[4.041843,44.394361],[4.041708,44.39411],[4.041603,44.394003],[4.041539,44.393905],[4.04147,44.393801],[4.041371,44.393711],[4.041286,44.393631],[4.041193,44.393551],[4.041072,44.393426],[4.041011,44.393353],[4.040975,44.393274],[4.040935,44.393144],[4.04076,44.39281],[4.04059,44.392541],[4.040515,44.3924],[4.04051,44.392221],[4.040511,44.392025],[4.04042,44.391852],[4.040218,44.391637],[4.04063,44.390906],[4.040731,44.39073],[4.041151,44.39011],[4.041456,44.389561],[4.041524,44.389194],[4.041535,44.3888],[4.041555,44.388659],[4.041784,44.388431],[4.041912,44.388266],[4.041984,44.388068],[4.042301,44.38714],[4.042419,44.386892],[4.042692,44.386556],[4.043009,44.386141],[4.043439,44.385335],[4.043766,44.38451],[4.044195,44.384259],[4.044587,44.384137],[4.044808,44.384088],[4.044924,44.384046],[4.046005,44.383661],[4.046244,44.38355],[4.04635,44.383441],[4.046482,44.383085],[4.046608,44.382546],[4.046768,44.382368],[4.047099,44.382071],[4.047275,44.38189],[4.047404,44.381738],[4.047587,44.381506],[4.047659,44.381368],[4.047715,44.38123],[4.04781,44.381127],[4.047904,44.380996],[4.047956,44.380954],[4.048109,44.380816],[4.04818,44.38077],[4.048264,44.380749],[4.048377,44.380727],[4.04847,44.380713],[4.048552,44.380694],[4.048999,44.380497],[4.049442,44.380304],[4.049779,44.380165],[4.04986,44.380122],[4.049926,44.380117],[4.050045,44.38011],[4.05011,44.380093],[4.050262,44.38003],[4.050791,44.379824],[4.051249,44.379705],[4.05139,44.37966],[4.051853,44.37949],[4.052362,44.379265],[4.052521,44.379187],[4.052643,44.379128],[4.052857,44.379019],[4.053133,44.378895],[4.05236,44.378259],[4.051649,44.377442],[4.051644,44.377377],[4.051646,44.37733],[4.051682,44.377185],[4.051711,44.377068],[4.051741,44.376869],[4.051744,44.376819],[4.051757,44.376776],[4.051808,44.376719],[4.051912,44.376135],[4.051806,44.375778],[4.051556,44.375478],[4.05135,44.375273],[4.051246,44.37513],[4.051113,44.374927],[4.050904,44.374714],[4.050726,44.374555],[4.050637,44.37444],[4.050587,44.374319],[4.050548,44.374193],[4.050547,44.374125],[4.050562,44.374052],[4.050598,44.373991],[4.050726,44.373836],[4.051074,44.37358],[4.051373,44.37332],[4.051617,44.373001],[4.051864,44.372657],[4.051994,44.372238],[4.05213,44.371839],[4.052269,44.371541],[4.052403,44.371228],[4.0526,44.370904],[4.052811,44.370605],[4.052934,44.370421],[4.052984,44.370299],[4.052993,44.370277],[4.05299,44.370171],[4.052878,44.369807],[4.052834,44.369619],[4.052829,44.369523],[4.052821,44.369437],[4.052785,44.369257],[4.052711,44.368926],[4.052682,44.368587],[4.052686,44.36842],[4.052668,44.368289],[4.05264,44.368169],[4.052645,44.368069],[4.052681,44.367986],[4.052755,44.367848],[4.052787,44.36773],[4.052807,44.367626],[4.05285,44.367457],[4.052885,44.367267],[4.053028,44.366955],[4.053365,44.366579],[4.053652,44.366364],[4.053874,44.366287],[4.054159,44.366265],[4.054433,44.366267],[4.054648,44.366256],[4.054745,44.366238],[4.05488,44.366209],[4.054976,44.366178],[4.055042,44.366147],[4.055124,44.366088],[4.055162,44.366026],[4.055171,44.365962],[4.055153,44.3659],[4.055099,44.365805],[4.055046,44.365669],[4.055021,44.36559],[4.055034,44.365537],[4.055058,44.365483],[4.055097,44.365428],[4.055146,44.365371],[4.055229,44.365277],[4.055276,44.365227],[4.055344,44.365142],[4.055369,44.36507],[4.055385,44.365013],[4.055435,44.364948],[4.055507,44.364909],[4.055599,44.36488],[4.055675,44.364849],[4.05576,44.364801],[4.055876,44.364735],[4.056014,44.364685],[4.056172,44.364677],[4.056335,44.364662],[4.056644,44.364612],[4.056784,44.364587],[4.05689,44.364553],[4.056985,44.364506],[4.057067,44.364443],[4.057217,44.36426],[4.057307,44.363981],[4.057338,44.363682],[4.057317,44.363564],[4.057271,44.363451],[4.057169,44.363344],[4.056987,44.363299],[4.056925,44.363259],[4.056856,44.363079],[4.056795,44.362735],[4.056792,44.362592],[4.056805,44.362497],[4.056857,44.362364],[4.056867,44.362296],[4.056853,44.362211],[4.056815,44.362144],[4.056817,44.362101],[4.05692,44.361917],[4.05697,44.361785],[4.057006,44.361645],[4.057013,44.361535],[4.056986,44.36144],[4.056935,44.361377],[4.056864,44.361321],[4.05675,44.361274],[4.056606,44.361256],[4.056486,44.361245],[4.056343,44.361203],[4.05623,44.361142],[4.056159,44.361079],[4.056083,44.361022],[4.055986,44.360977],[4.055854,44.360951],[4.055748,44.360934],[4.055598,44.360924],[4.055516,44.360912],[4.055437,44.360873],[4.055362,44.360729],[4.055363,44.360614],[4.05538,44.360534],[4.055414,44.360474],[4.055465,44.360427],[4.055513,44.360361],[4.055526,44.360294],[4.055507,44.36012],[4.055469,44.359829],[4.055486,44.359461],[4.055442,44.359301],[4.055419,44.359164],[4.055373,44.359183],[4.055071,44.35921],[4.054882,44.359233],[4.054681,44.359289],[4.054433,44.359428],[4.054297,44.359533],[4.054153,44.359702],[4.054058,44.359898],[4.054022,44.359959],[4.053982,44.36003],[4.053894,44.360081],[4.053819,44.360107],[4.053751,44.360146],[4.053699,44.360187],[4.053565,44.360208],[4.053433,44.36019],[4.053331,44.360166],[4.05321,44.360109],[4.053143,44.360039],[4.053126,44.359952],[4.053119,44.359871],[4.053129,44.359753],[4.053172,44.359624],[4.053241,44.359513],[4.053252,44.359499],[4.053278,44.359387],[4.053293,44.35925],[4.053284,44.359104],[4.053274,44.359003],[4.053531,44.358725],[4.053669,44.35848],[4.053705,44.358336],[4.05372,44.358067],[4.053669,44.357689],[4.053591,44.357234],[4.053478,44.356689],[4.053468,44.356529],[4.053474,44.356391],[4.053548,44.356227],[4.053653,44.356081],[4.053654,44.355938],[4.053716,44.355481],[4.05374,44.355111],[4.053786,44.354958],[4.053933,44.354731],[4.054133,44.354306],[4.054296,44.354004],[4.054439,44.353683],[4.054525,44.353369],[4.054603,44.353066],[4.054646,44.352686],[4.054663,44.352299],[4.054591,44.351936],[4.054465,44.351465],[4.054455,44.350973],[4.054419,44.35067],[4.054327,44.350368],[4.054176,44.350138],[4.054071,44.350032],[4.053823,44.349917],[4.053556,44.349814],[4.053298,44.349702],[4.053073,44.349578],[4.052873,44.349428],[4.052696,44.349276],[4.052548,44.349086],[4.052421,44.348937],[4.052096,44.348674],[4.051726,44.348406],[4.051409,44.348131],[4.051334,44.348053],[4.051281,44.347957],[4.051244,44.347853],[4.051225,44.347783],[4.05119,44.347707],[4.051146,44.347644],[4.050949,44.34749],[4.050838,44.347412],[4.050756,44.34735],[4.050707,44.34728],[4.050687,44.347194],[4.050684,44.347051],[4.050676,44.346871],[4.050664,44.346664],[4.050632,44.34651],[4.050632,44.346349],[4.050675,44.346236],[4.050841,44.345986],[4.050871,44.345725],[4.050842,44.345033],[4.050951,44.344032],[4.051402,44.343559],[4.052291,44.342538],[4.05299,44.341801],[4.053008,44.34138],[4.053154,44.340969],[4.053195,44.340293],[4.053414,44.339256],[4.05353,44.338939],[4.053732,44.338085],[4.054299,44.337651],[4.054245,44.337612],[4.054047,44.337487],[4.053655,44.337304],[4.053341,44.337209],[4.053244,44.3372],[4.053063,44.337252],[4.052933,44.337347],[4.052813,44.337497],[4.052593,44.337711],[4.052494,44.33779],[4.052398,44.337921],[4.051944,44.337792],[4.051802,44.337752],[4.049863,44.33683],[4.049916,44.33665],[4.049901,44.336514],[4.049803,44.336211],[4.049778,44.336031],[4.049645,44.335768],[4.049461,44.335549],[4.049382,44.335416],[4.049144,44.335131],[4.049051,44.33498],[4.048833,44.334762],[4.048314,44.334341],[4.048207,44.334311],[4.048133,44.334275],[4.047935,44.334052],[4.047844,44.333996],[4.047711,44.333935],[4.047617,44.333915],[4.047516,44.333918],[4.047393,44.333907],[4.047041,44.333777],[4.046737,44.333663],[4.046508,44.333633],[4.04635,44.333595],[4.046079,44.333372],[4.045973,44.333315],[4.045884,44.333289],[4.045615,44.333246],[4.04541,44.333193],[4.04533,44.333143],[4.045303,44.333066],[4.045282,44.332852],[4.045218,44.332769],[4.045112,44.332686],[4.045042,44.332688],[4.044927,44.33279],[4.044805,44.332893],[4.044672,44.332912],[4.044368,44.332862],[4.043865,44.33287],[4.043695,44.332851],[4.043373,44.332841],[4.043141,44.332842],[4.042929,44.332859],[4.042798,44.332882],[4.042597,44.33286],[4.042475,44.332787],[4.042339,44.332671],[4.042227,44.332558],[4.04211,44.332476],[4.041962,44.332399],[4.04178,44.332323],[4.041545,44.332217],[4.041385,44.332125],[4.041257,44.332011],[4.041151,44.331883],[4.040998,44.331701],[4.040847,44.331579],[4.040727,44.331492],[4.04059,44.331416],[4.040447,44.331344],[4.040257,44.331282],[4.039614,44.331085],[4.038886,44.331053],[4.038875,44.331052],[4.038705,44.331015],[4.038557,44.330943],[4.038449,44.330797],[4.038319,44.330605],[4.038212,44.330533],[4.03811,44.330493],[4.038034,44.330478],[4.037895,44.330479],[4.037476,44.330529],[4.037358,44.33056],[4.037129,44.330682],[4.03698,44.330694],[4.036864,44.330673],[4.036753,44.330633],[4.036612,44.330543],[4.036474,44.330464],[4.036366,44.330426],[4.036327,44.330382],[4.036197,44.330353],[4.035916,44.330205],[4.035837,44.330149],[4.035729,44.329982],[4.03572,44.329858],[4.035685,44.329678],[4.035899,44.329625],[4.036081,44.329516],[4.036133,44.329466],[4.036167,44.329407],[4.036257,44.329101],[4.036554,44.328479],[4.036701,44.328288],[4.03683,44.328185],[4.03691,44.328145],[4.037438,44.327981],[4.037829,44.327912],[4.038768,44.327711],[4.038943,44.327659],[4.039188,44.327564],[4.039262,44.327522],[4.039473,44.327375],[4.039559,44.327251],[4.039629,44.327062],[4.039719,44.326671],[4.039787,44.326541],[4.039847,44.326481],[4.04,44.326369],[4.040256,44.326226],[4.040618,44.326072],[4.041183,44.325894],[4.041642,44.325806],[4.04181,44.325742],[4.041955,44.325653],[4.042068,44.325549],[4.042198,44.325365],[4.042372,44.324949],[4.042568,44.324635],[4.04278,44.324397],[4.042848,44.32432],[4.043148,44.324065],[4.043301,44.323972],[4.043381,44.32394],[4.043471,44.323924],[4.043661,44.323913],[4.044265,44.323937],[4.045305,44.324051],[4.045773,44.324064],[4.045969,44.324055],[4.046256,44.324011],[4.046429,44.323942],[4.046591,44.323864],[4.046668,44.323812],[4.046785,44.323697],[4.046823,44.323632],[4.046865,44.323497],[4.046861,44.323424],[4.046817,44.323289],[4.0467,44.323015],[4.04652,44.322806],[4.04636,44.322592],[4.04627,44.322444],[4.046217,44.322293],[4.046168,44.322074],[4.04615,44.321864],[4.046163,44.321727],[4.046217,44.321596],[4.046326,44.321486],[4.046397,44.321444],[4.046658,44.321388],[4.047032,44.321348],[4.047497,44.321374],[4.047767,44.321368],[4.048279,44.321458],[4.048548,44.321499],[4.048784,44.321501],[4.048971,44.321483],[4.049338,44.321452],[4.049602,44.321253],[4.04958,44.320958],[4.049445,44.32077],[4.048874,44.320433],[4.048164,44.320216],[4.047734,44.320117],[4.047315,44.320035],[4.047034,44.319897],[4.04686,44.319723],[4.046819,44.319639],[4.046795,44.319534],[4.046783,44.319422],[4.046793,44.319253],[4.046922,44.318989],[4.047258,44.318981],[4.047476,44.31895],[4.047889,44.318868],[4.04793,44.318859],[4.048146,44.318811],[4.048312,44.318776],[4.048409,44.318756],[4.0485,44.318736],[4.048662,44.318679],[4.049059,44.318539],[4.049371,44.318454],[4.049565,44.318358],[4.049722,44.318227],[4.050194,44.317991],[4.050433,44.317765],[4.050677,44.317598],[4.050857,44.317456],[4.051314,44.317204],[4.051681,44.316976],[4.051688,44.317023],[4.051705,44.317119],[4.051716,44.317234],[4.051736,44.317288],[4.051764,44.31734],[4.051809,44.317387],[4.051861,44.317435],[4.051904,44.317462],[4.051963,44.317488],[4.052023,44.31752],[4.052075,44.317549],[4.052138,44.317575],[4.052224,44.317608],[4.052342,44.317646],[4.052458,44.317713],[4.052634,44.317812],[4.053048,44.318142],[4.053566,44.318416],[4.054175,44.318749],[4.054354,44.318834],[4.054686,44.318923],[4.055526,44.31912],[4.05703,44.319583],[4.057229,44.319668],[4.057547,44.319802],[4.057692,44.319916],[4.057814,44.320005],[4.058189,44.320145],[4.058632,44.320238],[4.058839,44.320269],[4.059138,44.320291],[4.0594,44.320286],[4.059639,44.320275],[4.059894,44.32026],[4.06011,44.320364],[4.060181,44.32039],[4.060259,44.320456],[4.060558,44.321],[4.060699,44.321288],[4.06106,44.32186],[4.061262,44.322121],[4.061543,44.322335],[4.061878,44.322509],[4.062061,44.322583],[4.062282,44.32265],[4.062493,44.32267],[4.063139,44.322671],[4.063348,44.322695],[4.063528,44.322733],[4.063612,44.322764],[4.063689,44.322827],[4.06385,44.322923],[4.06397,44.323066],[4.064185,44.323437],[4.064332,44.323638],[4.064791,44.323784],[4.065184,44.323858],[4.065615,44.323862],[4.066024,44.324163],[4.066208,44.324162],[4.066392,44.324196],[4.066517,44.324237],[4.066634,44.324287],[4.0667,44.324315],[4.066792,44.324337],[4.0669,44.324333],[4.066984,44.324328],[4.067162,44.324325],[4.067293,44.324331],[4.067364,44.324342],[4.067432,44.324361],[4.067466,44.324376],[4.067508,44.324407],[4.067571,44.324483],[4.067653,44.324556],[4.067733,44.324614],[4.067833,44.324682],[4.067939,44.324728],[4.068027,44.324769],[4.068134,44.324808],[4.068231,44.324839],[4.068291,44.324854],[4.068382,44.324858],[4.068468,44.32486],[4.068576,44.324871],[4.068679,44.324913],[4.06876,44.324955],[4.069523,44.325178],[4.069943,44.325388],[4.070341,44.325586],[4.070702,44.32584],[4.070967,44.326027],[4.071172,44.326224],[4.07129,44.326337],[4.071617,44.326781],[4.071704,44.327708],[4.071718,44.327841],[4.071766,44.328431],[4.071949,44.328714],[4.072398,44.329067],[4.072451,44.329101],[4.073036,44.329473],[4.073712,44.329799],[4.074318,44.329902],[4.07468,44.329916],[4.075032,44.32993],[4.075781,44.329737],[4.076674,44.329231],[4.07701,44.328967],[4.077218,44.328835],[4.077513,44.328728],[4.077824,44.328639],[4.078158,44.328589],[4.078418,44.328602],[4.078616,44.328683],[4.078992,44.328908],[4.07922,44.32896],[4.079476,44.328934],[4.079763,44.32884],[4.08011,44.328643],[4.080303,44.328554],[4.080592,44.328527],[4.080851,44.328541],[4.080993,44.328581],[4.081062,44.328608],[4.08119,44.328633],[4.081406,44.328607],[4.081471,44.328612],[4.081587,44.328646],[4.081717,44.328636],[4.0818,44.32864],[4.081943,44.328665],[4.082033,44.328718],[4.082326,44.32875],[4.082787,44.328785],[4.083032,44.328834],[4.083239,44.328836],[4.083471,44.328797],[4.083707,44.328814],[4.083827,44.328801],[4.084345,44.328696],[4.084453,44.328622],[4.084507,44.328608],[4.084735,44.328661],[4.08481,44.328644],[4.084892,44.328578],[4.085048,44.328385],[4.085281,44.328418],[4.085329,44.328445],[4.085425,44.328543],[4.085538,44.328581],[4.085587,44.328613],[4.085714,44.328923],[4.08576,44.329166],[4.085805,44.329275],[4.08593,44.329516],[4.086011,44.329618],[4.086107,44.329709],[4.086193,44.329877],[4.086233,44.330007],[4.086273,44.330276],[4.086292,44.330297],[4.086326,44.330335],[4.086331,44.330395],[4.086335,44.330449],[4.086426,44.330528],[4.086584,44.330551],[4.086911,44.330661],[4.08721,44.330743],[4.087522,44.330791],[4.087793,44.330798],[4.088117,44.330786],[4.088666,44.330742],[4.089131,44.330691],[4.089297,44.330673],[4.089975,44.330574],[4.090211,44.330543],[4.090682,44.330456],[4.090817,44.330401],[4.091259,44.33032],[4.091734,44.330291],[4.092011,44.330294],[4.092262,44.330327],[4.092498,44.33036],[4.092745,44.33038],[4.092938,44.330408],[4.093031,44.330445],[4.093093,44.330471],[4.093198,44.330527],[4.093318,44.330612],[4.093378,44.330707],[4.093399,44.330849],[4.093399,44.330986],[4.093416,44.331126],[4.093475,44.33132],[4.093611,44.331766],[4.093652,44.331984],[4.093647,44.332135],[4.093602,44.33229],[4.093486,44.332518],[4.093303,44.332738],[4.093247,44.33283],[4.093151,44.333007],[4.093119,44.333101],[4.09313,44.333204],[4.093154,44.333296],[4.093145,44.333402],[4.093122,44.333544],[4.093066,44.333721],[4.093063,44.333913],[4.093064,44.334082],[4.093091,44.334246],[4.0931,44.334347],[4.093147,44.334437],[4.093215,44.33451],[4.09329,44.334577],[4.093401,44.33463],[4.093532,44.334671],[4.093632,44.334687],[4.093777,44.334689],[4.093881,44.334703],[4.093978,44.334738],[4.094112,44.334768],[4.094188,44.33477],[4.0943,44.334774],[4.094459,44.334772],[4.094683,44.334783],[4.094917,44.334802],[4.095233,44.334849],[4.095836,44.334876],[4.096081,44.334873],[4.096221,44.334871],[4.09631,44.334872],[4.096481,44.33487],[4.096635,44.334849],[4.096752,44.334804],[4.096827,44.334761],[4.096928,44.334724],[4.097046,44.334716],[4.097214,44.334716],[4.097299,44.334698],[4.097363,44.334639],[4.09742,44.334564],[4.097602,44.334339],[4.097735,44.334221],[4.09793,44.334134],[4.098094,44.33406],[4.098394,44.33386],[4.098403,44.333856],[4.098466,44.333813],[4.098648,44.333788],[4.098762,44.333761],[4.098899,44.3337],[4.099044,44.333667],[4.099218,44.33365],[4.099399,44.333647],[4.099551,44.333625],[4.099661,44.333596],[4.099837,44.33357],[4.100015,44.333554],[4.100275,44.333535],[4.100407,44.333528],[4.100739,44.333512],[4.101035,44.33351],[4.101124,44.333508],[4.101348,44.333506],[4.101517,44.333514],[4.101676,44.333531],[4.101999,44.333601],[4.102321,44.333642],[4.102674,44.333696],[4.102867,44.333736],[4.103378,44.333885],[4.103542,44.333914],[4.103729,44.333896],[4.103827,44.333892],[4.103882,44.333919],[4.103931,44.333962],[4.104044,44.334079],[4.1041,44.334136],[4.104252,44.334075],[4.104386,44.333972],[4.104598,44.333823],[4.104888,44.333557],[4.105178,44.333346],[4.10521,44.333325],[4.105244,44.333304],[4.105372,44.333166],[4.105883,44.332827],[4.106403,44.332497],[4.106577,44.33242],[4.107427,44.332053],[4.10745,44.332037],[4.10796,44.331698],[4.108469,44.331332],[4.108821,44.33118],[4.108986,44.331109],[4.109361,44.330891],[4.109416,44.330876],[4.109714,44.3308],[4.110003,44.330767],[4.110161,44.330759],[4.110621,44.330645],[4.110986,44.330506],[4.111416,44.330308],[4.111954,44.330046],[4.112423,44.329788],[4.113011,44.329471],[4.113088,44.329431],[4.11357,44.329102],[4.113741,44.328998],[4.114241,44.328691],[4.114811,44.328265],[4.115274,44.32787],[4.116094,44.326983],[4.116155,44.326916],[4.116202,44.326971],[4.1163,44.327085],[4.116401,44.327165],[4.116841,44.327446],[4.11695,44.327531],[4.117005,44.327577],[4.11705,44.327644],[4.117018,44.327684],[4.116957,44.327744],[4.116926,44.327796],[4.116943,44.327848],[4.117014,44.327898],[4.117172,44.327975],[4.11724,44.328054],[4.117232,44.328139],[4.117155,44.328254],[4.11711,44.328351],[4.117108,44.328483],[4.117107,44.328663],[4.117042,44.328903],[4.116984,44.329022],[4.11688,44.329141],[4.116788,44.329228],[4.116748,44.329291],[4.11674,44.329356],[4.116768,44.329419],[4.1169,44.329569],[4.117033,44.329726],[4.117323,44.330059],[4.117388,44.330166],[4.11745,44.330251],[4.117543,44.330302],[4.117661,44.330376],[4.117735,44.330436],[4.117795,44.330525],[4.117843,44.33063],[4.117901,44.33072],[4.117962,44.33078],[4.11806,44.330845],[4.118139,44.330926],[4.118187,44.331026],[4.118259,44.331329],[4.118313,44.33144],[4.11837,44.331505],[4.118532,44.331631],[4.118608,44.3317],[4.118681,44.331808],[4.118885,44.332075],[4.118995,44.332192],[4.119086,44.332289],[4.119136,44.332401],[4.11918,44.332535],[4.11923,44.332658],[4.119252,44.332724],[4.119264,44.33276],[4.119296,44.332826],[4.119352,44.332886],[4.119453,44.332957],[4.119581,44.333054],[4.119747,44.333146],[4.119931,44.333243],[4.120071,44.333322],[4.120141,44.333412],[4.120179,44.333489],[4.120213,44.333553],[4.120275,44.333568],[4.120353,44.33357],[4.120427,44.333588],[4.120496,44.333632],[4.120561,44.333697],[4.120597,44.333727],[4.12062,44.333766],[4.120621,44.333877],[4.120647,44.333915],[4.12071,44.333958],[4.120857,44.334002],[4.120935,44.334043],[4.121058,44.334175],[4.121098,44.334202],[4.121166,44.334233],[4.12184,44.334393],[4.121916,44.334419],[4.12199,44.334465],[4.122302,44.334804],[4.122493,44.335109],[4.122603,44.335142],[4.122815,44.335143],[4.123026,44.335372],[4.123057,44.335415],[4.123127,44.335455],[4.123316,44.336026],[4.123547,44.33615],[4.123848,44.336296],[4.124072,44.336385],[4.124372,44.336453],[4.124654,44.336509],[4.124826,44.336575],[4.12499,44.33666],[4.125121,44.336762],[4.12515,44.336859],[4.125192,44.336924],[4.125289,44.337001],[4.125371,44.337059],[4.125465,44.337118],[4.125599,44.337219],[4.12569,44.337331],[4.125795,44.337448],[4.125937,44.337524],[4.126157,44.337587],[4.126341,44.337592],[4.126552,44.337568],[4.126714,44.337532],[4.126839,44.337515],[4.126946,44.33754],[4.127074,44.337575],[4.127126,44.337569],[4.127182,44.337545],[4.127265,44.337509],[4.127433,44.337401],[4.127557,44.337307],[4.127685,44.337201],[4.127779,44.337054],[4.127867,44.336933],[4.127997,44.336891],[4.128161,44.336898],[4.128379,44.336937],[4.128642,44.336966],[4.128896,44.336996],[4.129178,44.336989],[4.12947,44.33695],[4.129558,44.336933],[4.129917,44.336863],[4.130251,44.336753],[4.130607,44.336626],[4.130985,44.336463],[4.131268,44.336267],[4.131602,44.336157],[4.131788,44.336097],[4.13194,44.335982],[4.13204,44.335854],[4.132125,44.335745],[4.132157,44.335547],[4.132201,44.335022],[4.132214,44.334902],[4.132268,44.334462],[4.132345,44.334018],[4.132449,44.333559],[4.13259,44.333162],[4.132616,44.333072],[4.132713,44.332717],[4.132816,44.332447],[4.132918,44.332255],[4.133041,44.332078],[4.13317,44.331954],[4.133346,44.33185],[4.133582,44.331775],[4.133893,44.331714],[4.134207,44.331627],[4.134449,44.331532],[4.134699,44.331398],[4.134924,44.331264],[4.135115,44.331129],[4.135313,44.330978],[4.135385,44.330881],[4.13544,44.330738],[4.135477,44.330629],[4.135533,44.330516],[4.135594,44.330364],[4.135615,44.330233],[4.135602,44.33003],[4.135561,44.329855],[4.135486,44.329651],[4.135397,44.329485],[4.135301,44.329336],[4.135177,44.329147],[4.135022,44.328936],[4.134702,44.328569],[4.135347,44.328562],[4.136753,44.328547],[4.139748,44.32802],[4.140795,44.327795],[4.141345,44.327671],[4.14194,44.32749],[4.141839,44.327007],[4.141682,44.326762],[4.141369,44.326554],[4.140575,44.326213],[4.140713,44.325913],[4.141522,44.324966],[4.141775,44.324602],[4.14215,44.323635],[4.142227,44.323121],[4.142419,44.322748],[4.142071,44.322157],[4.141916,44.321704],[4.14195,44.321574],[4.142312,44.321102],[4.142205,44.321053],[4.14211,44.32099],[4.142039,44.320941],[4.141962,44.320872],[4.141887,44.320789],[4.141808,44.320689],[4.141749,44.320598],[4.141694,44.32049],[4.141653,44.320386],[4.14161,44.32028],[4.141581,44.320184],[4.141543,44.320101],[4.141506,44.32002],[4.141494,44.319915],[4.14148,44.319793],[4.14146,44.319671],[4.141433,44.319576],[4.14141,44.319462],[4.141381,44.319345],[4.141359,44.319236],[4.141336,44.319145],[4.141315,44.319056],[4.141309,44.31901],[4.141326,44.318981],[4.141324,44.318947],[4.141291,44.31879],[4.141142,44.318417],[4.141111,44.318165],[4.141134,44.317962],[4.141331,44.317818],[4.141593,44.317157],[4.141961,44.316273],[4.142105,44.315861],[4.142148,44.314296],[4.142145,44.314151],[4.142142,44.313846],[4.142531,44.313503],[4.142919,44.313199],[4.143495,44.313316],[4.143612,44.313315],[4.143717,44.313329],[4.143853,44.313336],[4.143976,44.313335],[4.144096,44.313347],[4.144194,44.313363],[4.144342,44.313388],[4.14451,44.313412],[4.144666,44.313428],[4.144774,44.313437],[4.144878,44.313438],[4.145272,44.313504],[4.14537,44.313474],[4.145454,44.313444],[4.145535,44.313416],[4.145614,44.31339],[4.145696,44.31336],[4.146261,44.313186],[4.14634,44.313165],[4.14639,44.313137],[4.146438,44.313075],[4.146482,44.313015],[4.146542,44.312938],[4.146587,44.312893],[4.14668,44.312841],[4.146802,44.312785],[4.146951,44.312719],[4.147282,44.312708],[4.147529,44.312448],[4.147619,44.312324],[4.147682,44.312298],[4.147848,44.31226],[4.148134,44.312866],[4.148242,44.31333],[4.148375,44.313553],[4.149206,44.313342],[4.150246,44.313016],[4.150944,44.313071],[4.15175,44.313075],[4.152519,44.313021],[4.153599,44.312898],[4.154938,44.312651],[4.157542,44.312343],[4.158973,44.312271],[4.160622,44.31219],[4.16087,44.312372],[4.161918,44.312309],[4.162725,44.312082],[4.163895,44.312051],[4.1647,44.312213],[4.165617,44.312528],[4.167255,44.313223],[4.167357,44.313282],[4.167422,44.313311],[4.167487,44.313345],[4.1676,44.313369],[4.167721,44.313385],[4.167825,44.313402],[4.167956,44.313442],[4.168082,44.3135],[4.16819,44.313554],[4.168331,44.313625],[4.168453,44.313696],[4.168554,44.313756],[4.168667,44.313828],[4.168749,44.3139],[4.168835,44.313992],[4.168894,44.314066],[4.168973,44.314146],[4.169065,44.31421],[4.169149,44.314266],[4.169238,44.31431],[4.169305,44.314346],[4.169335,44.314369],[4.169381,44.314413],[4.169402,44.314462],[4.169397,44.31454],[4.169371,44.314615],[4.169362,44.314725],[4.169356,44.314827],[4.169332,44.314929],[4.169305,44.315032],[4.169286,44.315133],[4.16928,44.315212],[4.169269,44.315308],[4.169269,44.315388],[4.169284,44.315461],[4.169309,44.315541],[4.169336,44.315619],[4.169358,44.315702],[4.16938,44.315761],[4.169445,44.315832],[4.169608,44.315909],[4.169699,44.315913],[4.169832,44.315897],[4.169956,44.315882],[4.170056,44.315868],[4.170156,44.315857],[4.17027,44.315853],[4.170342,44.315859],[4.170442,44.31588],[4.170502,44.315904],[4.17056,44.31595],[4.170602,44.316007],[4.170618,44.316053],[4.170642,44.316113],[4.170651,44.316158],[4.170685,44.316221],[4.170714,44.316289],[4.170712,44.316364],[4.170706,44.316426],[4.170691,44.316501],[4.170677,44.316565],[4.170676,44.316623],[4.170717,44.316688],[4.170795,44.316755],[4.170902,44.316809],[4.171026,44.316856],[4.171131,44.316878],[4.171266,44.316891],[4.171373,44.316903],[4.171503,44.316918],[4.171605,44.316922],[4.17173,44.31693],[4.171812,44.31691],[4.171919,44.316911],[4.172014,44.316938],[4.172102,44.316964],[4.172222,44.316985],[4.172336,44.317026],[4.17246,44.31709],[4.172577,44.317134],[4.172695,44.317176],[4.172791,44.317217],[4.172928,44.317274],[4.173018,44.317301],[4.173158,44.31734],[4.173247,44.317389],[4.173356,44.317458],[4.173428,44.317516],[4.173498,44.317575],[4.173582,44.317633],[4.173657,44.317681],[4.173715,44.317722],[4.173771,44.317777],[4.173891,44.317847],[4.173964,44.317896],[4.174088,44.31795],[4.174192,44.317979],[4.174363,44.317997],[4.174474,44.318],[4.174636,44.317992],[4.174913,44.31796],[4.175078,44.317937],[4.175216,44.317907],[4.175323,44.317884],[4.17538,44.317875],[4.175468,44.317841],[4.17558,44.317791],[4.175685,44.31775],[4.175849,44.317704],[4.175968,44.317696],[4.176115,44.317701],[4.176278,44.317706],[4.176381,44.317717],[4.176528,44.31774],[4.17663,44.317744],[4.176741,44.317734],[4.176833,44.317724],[4.176942,44.317726],[4.177061,44.317741],[4.177173,44.317759],[4.177322,44.317777],[4.177455,44.317778],[4.177544,44.317758],[4.177623,44.317725],[4.177712,44.317682],[4.177795,44.317613],[4.177862,44.317546],[4.177918,44.31749],[4.177986,44.317399],[4.178035,44.317312],[4.178067,44.317207],[4.1781,44.317099],[4.178135,44.317023],[4.178183,44.316913],[4.178214,44.316829],[4.178237,44.316734],[4.178246,44.316641],[4.178249,44.316559],[4.178258,44.316473],[4.178279,44.316406],[4.178298,44.316318],[4.178308,44.316237],[4.178304,44.31617],[4.178273,44.31609],[4.178206,44.316008],[4.178138,44.315947],[4.178077,44.315886],[4.178026,44.315817],[4.178008,44.315791],[4.178007,44.31576],[4.177999,44.315719],[4.177971,44.315666],[4.177955,44.315617],[4.177953,44.315562],[4.177994,44.315504],[4.178064,44.315473],[4.178147,44.315434],[4.178231,44.315394],[4.178291,44.31536],[4.178344,44.315313],[4.178374,44.315267],[4.178492,44.315206],[4.17852,44.315169],[4.178567,44.315127],[4.178604,44.315063],[4.178614,44.314987],[4.178601,44.314923],[4.178562,44.314849],[4.178495,44.314767],[4.178435,44.314713],[4.178383,44.314674],[4.178314,44.314621],[4.178279,44.314588],[4.178254,44.314539],[4.17822,44.314491],[4.178176,44.31442],[4.178146,44.314362],[4.178124,44.314273],[4.17812,44.314211],[4.17812,44.314125],[4.178122,44.314049],[4.178115,44.31397],[4.178083,44.313884],[4.178038,44.313794],[4.177995,44.313716],[4.177939,44.313636],[4.177871,44.313554],[4.177827,44.313476],[4.17778,44.313387],[4.177757,44.313314],[4.177733,44.313238],[4.177721,44.313176],[4.177724,44.31313],[4.17772,44.313073],[4.177722,44.313006],[4.177729,44.312933],[4.177751,44.312862],[4.177799,44.312806],[4.177902,44.312758],[4.178003,44.312752],[4.178099,44.312745],[4.178196,44.312732],[4.178324,44.312692],[4.178444,44.312647],[4.178559,44.312597],[4.178663,44.31253],[4.178731,44.312474],[4.178799,44.312417],[4.178863,44.312346],[4.17892,44.312287],[4.17898,44.312219],[4.17902,44.312147],[4.179058,44.31209],[4.179107,44.312019],[4.179153,44.311962],[4.179165,44.311912],[4.179151,44.311858],[4.179125,44.311813],[4.179093,44.311769],[4.179053,44.31172],[4.179033,44.311679],[4.179049,44.311621],[4.1791,44.311564],[4.179192,44.311528],[4.179297,44.311509],[4.17969,44.309585],[4.17998,44.30935],[4.181174,44.307812],[4.1827,44.305965],[4.1828,44.305654],[4.182677,44.30474],[4.182664,44.304116],[4.183056,44.3033],[4.183424,44.302686],[4.183815,44.302235],[4.185201,44.301139],[4.185542,44.300785],[4.186487,44.299807],[4.186793,44.299605],[4.187442,44.299325],[4.188793,44.298588],[4.18935,44.298409],[4.190903,44.298018],[4.192229,44.297713],[4.192348,44.297703],[4.192482,44.29767],[4.192616,44.297634],[4.192736,44.297587],[4.192862,44.297529],[4.192949,44.297486],[4.193027,44.297444],[4.193064,44.29739],[4.193082,44.297354],[4.193114,44.297309],[4.193159,44.297289],[4.193221,44.29729],[4.193288,44.297302],[4.193379,44.297314],[4.19347,44.297313],[4.193552,44.297296],[4.194511,44.297174],[4.195296,44.296998],[4.198274,44.296211],[4.199003,44.295949],[4.20042,44.295445],[4.200479,44.295412],[4.200873,44.295294],[4.200923,44.295271],[4.20095,44.295248],[4.201651,44.294983],[4.203608,44.294351],[4.204176,44.294169],[4.205365,44.29393],[4.206395,44.293625],[4.207527,44.293262],[4.208779,44.292808],[4.209431,44.292645],[4.210238,44.29252],[4.210632,44.292367],[4.211079,44.292168],[4.212921,44.291501],[4.214696,44.290907],[4.215209,44.290692],[4.215503,44.290327],[4.215562,44.290217],[4.216225,44.28901],[4.216566,44.288695],[4.218062,44.287612],[4.21885,44.287042],[4.220876,44.285767],[4.221239,44.285495],[4.221562,44.285347],[4.221677,44.285263],[4.221779,44.285178],[4.22198,44.285025],[4.222145,44.284951],[4.222654,44.284807],[4.222743,44.284744],[4.222819,44.28466],[4.222913,44.284535],[4.223003,44.284397],[4.22305,44.284322],[4.223138,44.284236],[4.223254,44.284195],[4.223333,44.284157],[4.223474,44.284062],[4.223618,44.28399],[4.223785,44.283903],[4.223914,44.283827],[4.224025,44.283743],[4.224278,44.283602],[4.224357,44.283563],[4.224419,44.283513],[4.224476,44.28343],[4.224509,44.283331],[4.224545,44.283252],[4.224607,44.283182],[4.224729,44.283104],[4.224833,44.283049],[4.224938,44.283017],[4.225101,44.282979],[4.225177,44.28293],[4.225242,44.282856],[4.22528,44.282763],[4.225296,44.282652],[4.225295,44.282545],[4.225261,44.282426],[4.225177,44.282252],[4.22513,44.282123],[4.225128,44.281973],[4.22509,44.28186],[4.224961,44.281744],[4.224897,44.281686],[4.224953,44.281632],[4.225022,44.281566],[4.225098,44.281429],[4.225147,44.281331],[4.225175,44.281208],[4.225218,44.281112],[4.225285,44.281046],[4.225374,44.280973],[4.225485,44.280852],[4.225596,44.280739],[4.225694,44.280656],[4.225766,44.28059],[4.225848,44.280545],[4.225959,44.280505],[4.226111,44.280489],[4.226139,44.280485],[4.226186,44.280471],[4.226248,44.280444],[4.226339,44.280363],[4.226343,44.280356],[4.226394,44.280278],[4.226506,44.280202],[4.22661,44.280133],[4.226702,44.280091],[4.226856,44.28005],[4.227074,44.280017],[4.227244,44.279993],[4.227325,44.279982],[4.227557,44.279954],[4.227635,44.279923],[4.227699,44.279908],[4.227789,44.279912],[4.227986,44.279946],[4.228065,44.279954],[4.228274,44.279955],[4.228429,44.279941],[4.228489,44.279924],[4.228558,44.279834],[4.228863,44.279439],[4.22917,44.279221],[4.229194,44.279138],[4.229211,44.279081],[4.229257,44.278865],[4.229365,44.278435],[4.229426,44.278201],[4.229626,44.277924],[4.229958,44.277403],[4.229995,44.277307],[4.230014,44.27726],[4.230054,44.27722],[4.230251,44.27704],[4.230284,44.277007],[4.23036,44.27695],[4.230445,44.2769],[4.230591,44.276815],[4.230686,44.27677],[4.230841,44.276703],[4.231012,44.276611],[4.231115,44.276553],[4.231214,44.276484],[4.231296,44.276433],[4.231388,44.276368],[4.231468,44.276295],[4.231518,44.276237],[4.231577,44.276176],[4.231652,44.276125],[4.231798,44.276061],[4.231991,44.276058],[4.232064,44.276041],[4.232133,44.276005],[4.232215,44.275961],[4.232275,44.275926],[4.232356,44.275881],[4.232448,44.275848],[4.232549,44.275828],[4.23263,44.27581],[4.232721,44.275806],[4.232807,44.275788],[4.232887,44.275765],[4.232945,44.275744],[4.233005,44.2757],[4.23305,44.275643],[4.233091,44.275578],[4.233104,44.275507],[4.233125,44.27546],[4.23317,44.275414],[4.233228,44.275356],[4.23329,44.275286],[4.233305,44.275223],[4.233311,44.275168],[4.233372,44.27512],[4.233456,44.275096],[4.233532,44.275079],[4.233631,44.275047],[4.233704,44.275034],[4.233781,44.275034],[4.233846,44.275037],[4.233915,44.275038],[4.233972,44.275022],[4.233983,44.275003],[4.234004,44.274968],[4.234081,44.274897],[4.234128,44.274849],[4.23417,44.274781],[4.2342,44.274712],[4.23423,44.274647],[4.234269,44.274564],[4.234288,44.274507],[4.234293,44.274438],[4.234288,44.274391],[4.234292,44.274341],[4.234295,44.274287],[4.234313,44.274235],[4.23437,44.274186],[4.234418,44.274185],[4.234466,44.274197],[4.234523,44.274174],[4.234626,44.274128],[4.234744,44.27408],[4.23487,44.274018],[4.234978,44.273983],[4.23512,44.27392],[4.235183,44.273871],[4.235274,44.273828],[4.235374,44.27379],[4.235467,44.273758],[4.235538,44.273756],[4.235613,44.273773],[4.235678,44.273796],[4.235766,44.27384],[4.235846,44.273859],[4.235931,44.273878],[4.236006,44.273876],[4.236068,44.273861],[4.236128,44.273823],[4.236183,44.273788],[4.236233,44.273737],[4.236261,44.2737],[4.236248,44.273659],[4.236212,44.273631],[4.236119,44.273581],[4.236107,44.273448],[4.236369,44.273339],[4.236743,44.273211],[4.23705,44.273088],[4.237371,44.272981],[4.237676,44.27316],[4.237999,44.273034],[4.238006,44.273032],[4.238064,44.272984],[4.238122,44.272936],[4.238155,44.272796],[4.238125,44.272742],[4.238056,44.272612],[4.238646,44.27232],[4.238842,44.272242],[4.239076,44.272164],[4.23923,44.272102],[4.239411,44.27201],[4.239452,44.271867],[4.239465,44.271787],[4.239488,44.271717],[4.239525,44.27167],[4.239509,44.271298],[4.239525,44.271249],[4.239583,44.271079],[4.239611,44.271034],[4.239647,44.271009],[4.239697,44.270993],[4.239743,44.270982],[4.239801,44.270962],[4.239858,44.270933],[4.239935,44.270892],[4.239985,44.270859],[4.240034,44.270828],[4.240117,44.270768],[4.240163,44.270726],[4.240242,44.270664],[4.240331,44.270639],[4.240416,44.270614],[4.24049,44.270585],[4.240562,44.27055],[4.240632,44.270511],[4.240675,44.27048],[4.240828,44.270414],[4.240869,44.270391],[4.240939,44.270341],[4.241003,44.270292],[4.241064,44.270212],[4.241123,44.270141],[4.241228,44.270015],[4.241325,44.269924],[4.241388,44.269859],[4.24146,44.26981],[4.241524,44.269756],[4.241609,44.269676],[4.241703,44.269621],[4.241867,44.269557],[4.242078,44.269502],[4.242252,44.269463],[4.242381,44.269407],[4.242477,44.269346],[4.242546,44.269292],[4.242603,44.269245],[4.242692,44.269194],[4.242812,44.269174],[4.242912,44.269171],[4.243113,44.269136],[4.24323,44.269091],[4.243384,44.269007],[4.243561,44.26893],[4.243702,44.268898],[4.243917,44.268861],[4.244165,44.268829],[4.244305,44.268787],[4.244373,44.268719],[4.244401,44.268635],[4.244424,44.268533],[4.244453,44.268426],[4.244498,44.268352],[4.244537,44.268277],[4.244595,44.268219],[4.244682,44.268174],[4.244747,44.268135],[4.244826,44.26811],[4.244936,44.268107],[4.245015,44.268107],[4.245124,44.268086],[4.245246,44.268026],[4.245344,44.267987],[4.245465,44.267949],[4.245605,44.26791],[4.245756,44.267844],[4.245876,44.267776],[4.245992,44.267662],[4.246081,44.267546],[4.246158,44.267436],[4.246213,44.267342],[4.246407,44.26709],[4.246523,44.267007],[4.246633,44.266945],[4.246776,44.26688],[4.246996,44.26683],[4.247107,44.266785],[4.247205,44.266741],[4.247324,44.266688],[4.247386,44.266647],[4.247485,44.266602],[4.247566,44.266581],[4.247634,44.266606],[4.247665,44.266669],[4.247682,44.266722],[4.247713,44.266772],[4.247782,44.266796],[4.247862,44.266782],[4.247964,44.266748],[4.248396,44.266489],[4.248501,44.266458],[4.248585,44.26645],[4.248674,44.26645],[4.248807,44.26645],[4.248871,44.266448],[4.248952,44.266423],[4.248992,44.266334],[4.248993,44.26624],[4.249017,44.266172],[4.249041,44.266109],[4.24923,44.265845],[4.249288,44.265817],[4.249378,44.265832],[4.249536,44.265823],[4.24986,44.265786],[4.250051,44.265793],[4.250273,44.2658],[4.250498,44.265781],[4.250747,44.265743],[4.25177,44.265576],[4.252536,44.265457],[4.253519,44.265377],[4.253695,44.265345],[4.253774,44.265323],[4.253894,44.26524],[4.253984,44.265179],[4.254082,44.265132],[4.254173,44.26509],[4.254266,44.265005],[4.254378,44.264915],[4.254434,44.264847],[4.254499,44.26471],[4.254559,44.264568],[4.254585,44.264534],[4.254637,44.264521],[4.254693,44.264547],[4.254776,44.26455],[4.254948,44.264576],[4.255251,44.264628],[4.255449,44.264642],[4.255568,44.264642],[4.255657,44.264612],[4.255733,44.264575],[4.255816,44.264522],[4.255892,44.264446],[4.25595,44.264393],[4.256016,44.264374],[4.256071,44.264381],[4.256153,44.264413],[4.25628,44.264482],[4.256386,44.264572],[4.256491,44.264635],[4.256631,44.264661],[4.256776,44.264681],[4.256897,44.264687],[4.257177,44.264684],[4.257401,44.264658],[4.257623,44.264629],[4.257908,44.264587],[4.258056,44.264552],[4.258264,44.264496],[4.258416,44.264421],[4.258506,44.264367],[4.258546,44.264337],[4.258558,44.264504],[4.258531,44.264708],[4.258505,44.264979],[4.2585,44.265268],[4.258474,44.265413],[4.2584,44.265616],[4.258288,44.265788],[4.25838,44.265808],[4.25852,44.265845],[4.258803,44.26593],[4.25913,44.265997],[4.259824,44.266115],[4.260312,44.266179],[4.260706,44.266261],[4.260911,44.266301],[4.260782,44.266783],[4.261621,44.267051],[4.263011,44.268295],[4.262904,44.268382],[4.262965,44.268496],[4.263765,44.268976],[4.263981,44.269089],[4.264217,44.269199],[4.264393,44.269276],[4.264526,44.26933],[4.264627,44.269367],[4.264749,44.269406],[4.26486,44.269438],[4.265019,44.269454],[4.265137,44.269463],[4.265264,44.269494],[4.265384,44.269537],[4.265523,44.269584],[4.265662,44.269641],[4.265906,44.269742],[4.26598,44.269758],[4.266018,44.269765],[4.26638,44.269898],[4.266901,44.270103],[4.267029,44.270137],[4.267127,44.270164],[4.267313,44.270176],[4.267583,44.270188],[4.268268,44.270194],[4.268843,44.270211],[4.269343,44.27021],[4.269452,44.270214],[4.26952,44.270236],[4.269575,44.270275],[4.270024,44.270586],[4.270134,44.270675],[4.270204,44.270712],[4.270281,44.270743],[4.271223,44.271005],[4.271749,44.270914],[4.272015,44.271106],[4.271948,44.271226],[4.274025,44.27273],[4.274098,44.272774],[4.274175,44.27282],[4.274248,44.27287],[4.274321,44.272938],[4.274414,44.273006],[4.274648,44.273183],[4.274848,44.273343],[4.27492,44.273402],[4.27499,44.273454],[4.275111,44.273533],[4.275216,44.273598],[4.275337,44.273664],[4.275483,44.273746],[4.275806,44.273928],[4.275979,44.274031],[4.276136,44.274122],[4.276197,44.274161],[4.276256,44.274212],[4.276308,44.274266],[4.276364,44.274331],[4.276419,44.27441],[4.276484,44.274612],[4.276841,44.27443],[4.276962,44.274599],[4.277053,44.274687],[4.277208,44.274853],[4.277281,44.274926],[4.27733,44.274975],[4.277382,44.275017],[4.277443,44.275052],[4.277506,44.275071],[4.277572,44.275099],[4.277637,44.275137],[4.277685,44.275186],[4.277728,44.275241],[4.277767,44.275297],[4.277826,44.275376],[4.27787,44.27543],[4.277892,44.27546],[4.277918,44.275609],[4.277937,44.275685],[4.27796,44.275762],[4.277981,44.275834],[4.278001,44.275912],[4.278014,44.275992],[4.278025,44.276067],[4.278029,44.276149],[4.278033,44.276219],[4.278047,44.276298],[4.278073,44.276372],[4.278108,44.276435],[4.278146,44.276499],[4.278182,44.27655],[4.278225,44.276601],[4.278262,44.276655],[4.278293,44.276707],[4.27832,44.276765],[4.278345,44.276849],[4.278362,44.276918],[4.278373,44.276957],[4.278409,44.276992],[4.278475,44.277017],[4.278629,44.27708],[4.278698,44.277111],[4.278745,44.277138],[4.278797,44.277187],[4.27885,44.277236],[4.278915,44.277277],[4.278952,44.277305],[4.278966,44.277343],[4.278976,44.277398],[4.278982,44.277464],[4.278985,44.277529],[4.278988,44.277602],[4.278992,44.277675],[4.278995,44.277749],[4.278996,44.277838],[4.278998,44.277906],[4.279003,44.277989],[4.279011,44.278063],[4.279025,44.278133],[4.279033,44.27816],[4.279043,44.278218],[4.279061,44.278288],[4.279075,44.278354],[4.279104,44.278462],[4.279131,44.278564],[4.279168,44.278654],[4.279201,44.278733],[4.279234,44.278809],[4.279268,44.278859],[4.279327,44.278926],[4.279393,44.27901],[4.279496,44.279133],[4.279546,44.279224],[4.279713,44.279475],[4.27976,44.279544],[4.279798,44.279645],[4.27982,44.279728],[4.27985,44.279824],[4.279893,44.279997],[4.27991,44.280491],[4.279913,44.280898],[4.279914,44.28126],[4.279915,44.281562],[4.279989,44.281955],[4.280037,44.282466],[4.280266,44.283063],[4.280522,44.28363],[4.280844,44.283562],[4.280985,44.283827],[4.281382,44.284422],[4.281452,44.284519],[4.281852,44.284185],[4.28367,44.28533],[4.283727,44.285569],[4.283962,44.286339],[4.284155,44.286961],[4.284406,44.287524],[4.285479,44.288553],[4.286793,44.289969],[4.288497,44.291757],[4.288612,44.291879],[4.288997,44.292143],[4.289199,44.292544],[4.289233,44.292853],[4.289274,44.293196],[4.289455,44.295331],[4.289515,44.295772],[4.289532,44.295891],[4.289553,44.296086],[4.289673,44.297208],[4.289715,44.297706],[4.289867,44.299503],[4.290034,44.301227],[4.290042,44.301309],[4.290296,44.303897],[4.290523,44.305841],[4.290742,44.30885],[4.290644,44.308895],[4.290562,44.30895],[4.290502,44.309013],[4.290441,44.309061],[4.290367,44.309105],[4.290326,44.30916],[4.290286,44.309253],[4.29021,44.30933],[4.290145,44.309394],[4.290095,44.309459],[4.290041,44.309525],[4.289997,44.309569],[4.289932,44.309608],[4.289889,44.309613],[4.289837,44.309636],[4.289781,44.309662],[4.289708,44.309701],[4.289623,44.309729],[4.289574,44.309754],[4.289533,44.309788],[4.289479,44.309815],[4.289429,44.309839],[4.289397,44.309875],[4.289378,44.309917],[4.289361,44.309951],[4.289343,44.310002],[4.289334,44.310049],[4.289351,44.310103],[4.289356,44.310142],[4.289354,44.310215],[4.289346,44.310273],[4.28932,44.310324],[4.289292,44.310404],[4.289281,44.310443],[4.289292,44.31049],[4.289317,44.310549],[4.289355,44.310591],[4.289423,44.310622],[4.289485,44.310639],[4.289544,44.310665],[4.289602,44.310702],[4.28965,44.310747],[4.289702,44.310767],[4.289772,44.310761],[4.289842,44.310748],[4.289921,44.310742],[4.28999,44.310747],[4.290055,44.310764],[4.290081,44.310808],[4.290069,44.310854],[4.290025,44.310912],[4.28993,44.310979],[4.289807,44.311064],[4.289716,44.311117],[4.289661,44.311145],[4.289525,44.311179],[4.289461,44.311195],[4.289397,44.311251],[4.289357,44.311299],[4.289351,44.311373],[4.289359,44.31145],[4.289375,44.311534],[4.289408,44.311648],[4.289425,44.311735],[4.289446,44.311806],[4.289457,44.311883],[4.289448,44.311947],[4.289403,44.311994],[4.28932,44.312019],[4.289227,44.312024],[4.289128,44.312024],[4.289058,44.312006],[4.289,44.311975],[4.288905,44.311945],[4.288835,44.311938],[4.288737,44.311945],[4.28867,44.311973],[4.288615,44.312031],[4.288577,44.312085],[4.28856,44.312149],[4.288548,44.31222],[4.288536,44.312265],[4.288504,44.312336],[4.288306,44.312726],[4.288331,44.313055],[4.288281,44.313279],[4.288144,44.31349],[4.287963,44.313663],[4.2879,44.31393],[4.287977,44.314094],[4.288238,44.314318],[4.288256,44.314443],[4.28821,44.314802],[4.288622,44.315208],[4.289031,44.315615],[4.289485,44.316062],[4.290099,44.316584],[4.290168,44.316527],[4.290263,44.316517],[4.290351,44.316554],[4.290459,44.31663],[4.290552,44.316635],[4.290644,44.31659],[4.290722,44.316533],[4.290769,44.316482],[4.290844,44.316412],[4.290901,44.316329],[4.290962,44.316269],[4.291055,44.316193],[4.29113,44.316136],[4.291196,44.316059],[4.291251,44.315994],[4.291348,44.315925],[4.291441,44.315887],[4.291567,44.315913],[4.291719,44.315963],[4.291905,44.315992],[4.292048,44.315992],[4.292175,44.315958],[4.292251,44.315912],[4.292331,44.315843],[4.292428,44.315768],[4.292533,44.315717],[4.292658,44.315633],[4.292679,44.315597],[4.292775,44.3156],[4.292842,44.315607],[4.29293,44.315589],[4.293006,44.315499],[4.293064,44.315409],[4.293133,44.315127],[4.293201,44.314857],[4.29318,44.314569],[4.293211,44.314513],[4.293627,44.313867],[4.29362,44.313833],[4.293607,44.313763],[4.293657,44.313654],[4.293829,44.313274],[4.293842,44.313246],[4.293988,44.312966],[4.294602,44.31341],[4.295103,44.313638],[4.296011,44.313813],[4.298313,44.314085],[4.299431,44.314257],[4.299577,44.314258],[4.299855,44.314261],[4.302655,44.314682],[4.302889,44.314703],[4.303524,44.314763],[4.304036,44.315029],[4.304428,44.315234],[4.305425,44.315802],[4.306233,44.316262],[4.306965,44.31668],[4.307522,44.316983],[4.308645,44.317596],[4.310039,44.318032],[4.310461,44.318241],[4.311003,44.3183],[4.311447,44.318473],[4.312035,44.318702],[4.313189,44.319145],[4.313814,44.319385],[4.314214,44.31954],[4.315734,44.320195],[4.316168,44.320467],[4.31633,44.320568],[4.316639,44.320763],[4.318515,44.32194],[4.319911,44.322814],[4.321612,44.323923],[4.321752,44.324014],[4.322641,44.325457],[4.323304,44.326524],[4.323966,44.327749],[4.325115,44.329874],[4.325646,44.330718],[4.325727,44.330747],[4.325784,44.330772],[4.325848,44.33078],[4.325967,44.33078],[4.326069,44.330777],[4.326196,44.330785],[4.326335,44.330802],[4.326449,44.330816],[4.326546,44.33085],[4.326614,44.3309],[4.32664,44.330961],[4.326638,44.331013],[4.326603,44.33108],[4.326663,44.331187],[4.326666,44.331223],[4.326652,44.331303],[4.326668,44.331328],[4.326683,44.331351],[4.326758,44.331379],[4.326812,44.331374],[4.326867,44.331362],[4.326932,44.331336],[4.326982,44.3313],[4.327028,44.331288],[4.327081,44.331295],[4.327149,44.331286],[4.3272,44.331286],[4.327251,44.331303],[4.327318,44.331344],[4.327394,44.331406],[4.327475,44.331435],[4.327531,44.331446],[4.327602,44.33145],[4.327658,44.331456],[4.327728,44.331477],[4.327802,44.331501],[4.327847,44.331516],[4.327887,44.331551],[4.327944,44.331566],[4.328008,44.331577],[4.328054,44.331582],[4.328106,44.331555],[4.328135,44.331527],[4.328162,44.331469],[4.328198,44.331449],[4.328238,44.331446],[4.328291,44.331453],[4.328339,44.331472],[4.328384,44.331506],[4.328412,44.331543],[4.328452,44.331589],[4.328484,44.331613],[4.328525,44.33164],[4.328587,44.331687],[4.328649,44.331707],[4.328713,44.331714],[4.328805,44.33172],[4.328873,44.331726],[4.328933,44.331729],[4.329021,44.331721],[4.329096,44.331715],[4.329313,44.331651],[4.32942,44.331621],[4.329486,44.331614],[4.329537,44.331622],[4.329588,44.331636],[4.329641,44.331649],[4.329703,44.331653],[4.329765,44.331666],[4.329799,44.331676],[4.329811,44.331681],[4.329865,44.331702],[4.329922,44.331727],[4.329976,44.331749],[4.330018,44.331777],[4.330046,44.331807],[4.330079,44.331838],[4.330114,44.331854],[4.33015,44.331857],[4.330199,44.331851],[4.330251,44.331845],[4.329987,44.332094],[4.329956,44.332124],[4.329654,44.332444],[4.329667,44.332804],[4.330019,44.333886],[4.329358,44.334707],[4.329004,44.335344],[4.328889,44.335615],[4.328638,44.33598],[4.328644,44.336115],[4.327743,44.337256],[4.327571,44.337385],[4.327316,44.337578],[4.327272,44.337597],[4.326522,44.337966],[4.326415,44.338016],[4.326127,44.338155],[4.325776,44.338326],[4.326071,44.338391],[4.326128,44.338403],[4.326436,44.33847],[4.326534,44.338492],[4.330308,44.338873],[4.332449,44.339035],[4.332607,44.339075],[4.332728,44.33906],[4.332824,44.339053],[4.332931,44.339065],[4.333041,44.339078],[4.333144,44.339078],[4.333227,44.339059],[4.333319,44.339048],[4.333447,44.339073],[4.333582,44.339083],[4.333694,44.339132],[4.333804,44.339197],[4.333881,44.339245],[4.333923,44.339272],[4.334021,44.339319],[4.334189,44.339366],[4.334351,44.339404],[4.334495,44.339413],[4.334684,44.339405],[4.334844,44.339387],[4.33502,44.339382],[4.335219,44.339421],[4.335463,44.339462],[4.335631,44.339502],[4.335816,44.339569],[4.336478,44.339354],[4.33893,44.339486],[4.341438,44.339623],[4.342868,44.339282],[4.342951,44.339332],[4.342933,44.339807],[4.344674,44.3398],[4.344657,44.33935],[4.344875,44.339344],[4.344973,44.339354],[4.349071,44.33979],[4.350285,44.339919],[4.351033,44.339456],[4.351134,44.339418],[4.35125,44.339386],[4.351288,44.339401],[4.351336,44.339421],[4.351386,44.339444],[4.351578,44.339428],[4.353167,44.339551],[4.355752,44.339746],[4.36173,44.340196],[4.361801,44.340113],[4.36185,44.34008],[4.362076,44.340064],[4.362217,44.340084],[4.362309,44.340072],[4.362317,44.340068],[4.362452,44.339993],[4.362606,44.339963],[4.362814,44.339835],[4.362898,44.339793],[4.362952,44.339781],[4.363293,44.33981],[4.363337,44.339814],[4.363466,44.339814],[4.364547,44.33976],[4.364868,44.339783],[4.365385,44.339786],[4.365786,44.339725],[4.366131,44.339689],[4.366713,44.339566],[4.36694,44.339526],[4.367008,44.33953],[4.368014,44.339371],[4.368316,44.339562],[4.368533,44.339675],[4.368746,44.339778],[4.368988,44.339866],[4.369085,44.339881],[4.369108,44.339885],[4.369233,44.339891],[4.369364,44.339886],[4.369559,44.339875],[4.36984,44.339874],[4.36988,44.339874],[4.370031,44.339873],[4.370234,44.339884],[4.370519,44.339937],[4.370623,44.33997],[4.37082,44.340038],[4.370871,44.340055],[4.371109,44.340154],[4.371352,44.340237],[4.371401,44.340252],[4.371469,44.340274],[4.371588,44.340328],[4.371745,44.34039],[4.372012,44.340509],[4.372183,44.340592],[4.372361,44.340665],[4.37256,44.340732],[4.372741,44.340789],[4.373052,44.340872],[4.373227,44.340914],[4.373312,44.340943],[4.373359,44.340953],[4.373384,44.340959],[4.373478,44.340964],[4.373543,44.340973],[4.373648,44.340993],[4.373901,44.341075],[4.374199,44.341217],[4.374539,44.341365],[4.374791,44.341471],[4.37505,44.341555],[4.375298,44.341631],[4.375416,44.341685],[4.375547,44.341767],[4.37571,44.341903],[4.375816,44.341996],[4.375921,44.342069],[4.376027,44.342105],[4.376247,44.342129],[4.376516,44.342154],[4.376595,44.342144],[4.3767,44.342118],[4.376786,44.342107],[4.376877,44.342106],[4.377018,44.342127],[4.377217,44.342167],[4.377428,44.342187],[4.377672,44.342219],[4.377903,44.34226],[4.377996,44.342283],[4.378092,44.342294],[4.378211,44.342286],[4.37834,44.342276],[4.378411,44.342282],[4.378481,44.3423],[4.378588,44.342344],[4.378681,44.342378],[4.378828,44.342396],[4.379058,44.34242],[4.379248,44.342445],[4.379422,44.342484],[4.379602,44.342534],[4.379813,44.342606],[4.379967,44.342683],[4.380074,44.342747],[4.380242,44.342897],[4.380392,44.34303],[4.380599,44.343242],[4.380771,44.34343],[4.380787,44.343447],[4.380911,44.343601],[4.380987,44.343675],[4.381072,44.343735],[4.381156,44.343772],[4.381247,44.343791],[4.381333,44.343791],[4.381409,44.343791],[4.381545,44.34379],[4.381651,44.343796],[4.381761,44.343814],[4.381911,44.34385],[4.382295,44.343953],[4.382409,44.343978],[4.382487,44.343985],[4.382604,44.343984],[4.382853,44.343958],[4.38298,44.343952],[4.383007,44.343954],[4.38307,44.343958],[4.383107,44.343962],[4.383386,44.344014],[4.383491,44.344036],[4.383596,44.344071],[4.38376,44.344146],[4.384077,44.344293],[4.384152,44.344342],[4.384222,44.34443],[4.384287,44.344517],[4.384374,44.3446],[4.384575,44.344766],[4.384802,44.344929],[4.384925,44.344998],[4.385105,44.345083],[4.385201,44.345127],[4.385258,44.345176],[4.385354,44.345325],[4.385433,44.345436],[4.385494,44.345502],[4.385582,44.345573],[4.385855,44.345792],[4.385916,44.345841],[4.38607,44.345963],[4.386152,44.346024],[4.386201,44.346091],[4.386282,44.346262],[4.386334,44.346342],[4.386394,44.346394],[4.386491,44.34646],[4.386598,44.346525],[4.38667,44.346579],[4.386748,44.346655],[4.386819,44.346758],[4.386897,44.346833],[4.387003,44.346919],[4.38716,44.34702],[4.387291,44.347073],[4.387425,44.347108],[4.387618,44.347129],[4.387733,44.347139],[4.387894,44.347152],[4.388119,44.347162],[4.388179,44.347157],[4.388305,44.347129],[4.388507,44.347081],[4.388715,44.347018],[4.388826,44.346983],[4.389047,44.346926],[4.389294,44.346871],[4.389498,44.346823],[4.389658,44.346769],[4.389904,44.346692],[4.390047,44.346653],[4.390178,44.346641],[4.390302,44.346643],[4.390461,44.346679],[4.390712,44.346732],[4.390998,44.346788],[4.391061,44.346782],[4.391157,44.346775],[4.39126,44.34676],[4.391361,44.34679],[4.391425,44.34676],[4.391508,44.346694],[4.391625,44.346612],[4.391733,44.346538],[4.391807,44.346465],[4.391869,44.346384],[4.391938,44.346272],[4.391991,44.346183],[4.392045,44.346137],[4.392136,44.346072],[4.392346,44.345951],[4.392373,44.345931],[4.39262,44.345761],[4.392861,44.345624],[4.392866,44.345613],[4.393067,44.345506],[4.393315,44.345402],[4.393617,44.345277],[4.393931,44.345138],[4.394322,44.344957],[4.394538,44.344862],[4.394716,44.344788],[4.394827,44.344747],[4.394868,44.344733],[4.394942,44.344663],[4.394979,44.344614],[4.394995,44.344544],[4.394998,44.344493],[4.395025,44.344381],[4.395082,44.344297],[4.395166,44.344201],[4.395296,44.344117],[4.395407,44.344068],[4.395498,44.34401],[4.395521,44.343993],[4.39558,44.343934],[4.395638,44.343862],[4.395707,44.343758],[4.39576,44.343705],[4.395781,44.343692],[4.395832,44.343663],[4.396008,44.343342],[4.396569,44.342581],[4.398046,44.340575],[4.400185,44.337672],[4.400239,44.337616],[4.400284,44.337553],[4.400313,44.337497],[4.400374,44.337416],[4.400448,44.337359],[4.400515,44.337291],[4.400572,44.337203],[4.400609,44.337131],[4.400649,44.337059],[4.400727,44.336992],[4.400809,44.336936],[4.400888,44.336868],[4.40095,44.336767],[4.401005,44.336683],[4.401117,44.336507],[4.40129,44.336287],[4.401445,44.336081],[4.401572,44.335933],[4.401671,44.335788],[4.401734,44.335676],[4.401778,44.335552],[4.401815,44.335461],[4.401886,44.33535],[4.401974,44.335252],[4.402148,44.335083],[4.402303,44.334914],[4.402423,44.334781],[4.402488,44.334643],[4.402522,44.334524],[4.402608,44.3344],[4.402725,44.33426],[4.402823,44.334122],[4.402889,44.334003],[4.40326,44.33358],[4.40322,44.33325],[4.403037,44.332603],[4.403018,44.332498],[4.402987,44.332384],[4.402937,44.332249],[4.402899,44.332167],[4.402861,44.332064],[4.402786,44.331893],[4.402721,44.331748],[4.402668,44.331571],[4.402603,44.331356],[4.402518,44.33112],[4.402505,44.330966],[4.401445,44.328163],[4.401385,44.328022],[4.39987,44.324486],[4.398456,44.32118],[4.397749,44.319531],[4.397209,44.318266],[4.397215,44.318168],[4.397184,44.318117],[4.397143,44.318073],[4.397114,44.317989],[4.397093,44.317852],[4.396996,44.317613],[4.396867,44.317375],[4.396722,44.317072],[4.396562,44.316631],[4.396444,44.316342],[4.396314,44.316058],[4.396251,44.315923],[4.396224,44.315869],[4.396203,44.315809],[4.396181,44.31562],[4.396082,44.315402],[4.395941,44.315096],[4.395818,44.314846],[4.395658,44.314467],[4.39553,44.3142],[4.395396,44.313916],[4.3953,44.31373],[4.395219,44.313573],[4.395165,44.313442],[4.395127,44.313326],[4.395083,44.313178],[4.395001,44.312924],[4.394958,44.312771],[4.394901,44.3126],[4.394807,44.312435],[4.394724,44.312295],[4.394649,44.312127],[4.394584,44.311933],[4.394514,44.311775],[4.394438,44.311618],[4.394356,44.311387],[4.394271,44.311147],[4.394217,44.311053],[4.39415,44.310962],[4.394173,44.310869],[4.394176,44.310794],[4.394177,44.31077],[4.394178,44.310716],[4.394175,44.310648],[4.394166,44.310578],[4.394121,44.31051],[4.39408,44.31046],[4.394021,44.310369],[4.393949,44.310245],[4.393744,44.309813],[4.393711,44.309743],[4.393367,44.30904],[4.393134,44.308554],[4.393042,44.308378],[4.393018,44.308297],[4.392017,44.305949],[4.390781,44.303051],[4.389581,44.301038],[4.389512,44.300971],[4.38992,44.300338],[4.39004,44.300208],[4.390309,44.300067],[4.390502,44.299997],[4.390713,44.29998],[4.391064,44.299963],[4.391254,44.299983],[4.391461,44.300054],[4.391534,44.300126],[4.391618,44.300736],[4.391684,44.300809],[4.391786,44.300829],[4.392739,44.30075],[4.39287,44.300708],[4.393164,44.300567],[4.393556,44.30043],[4.393756,44.300303],[4.394134,44.299964],[4.394245,44.299765],[4.394242,44.299676],[4.394196,44.299491],[4.394067,44.299381],[4.393754,44.299178],[4.393377,44.298938],[4.393154,44.29883],[4.392611,44.298526],[4.39256,44.298409],[4.392553,44.298229],[4.392579,44.298084],[4.392714,44.297914],[4.392905,44.297786],[4.393087,44.29767],[4.393678,44.297065],[4.393635,44.296909],[4.393447,44.295867],[4.393313,44.295066],[4.393181,44.294501],[4.393178,44.294404],[4.393252,44.294185],[4.39343,44.293672],[4.393515,44.293497],[4.393638,44.293333],[4.394072,44.292864],[4.394284,44.292643],[4.39442,44.292461],[4.394563,44.292215],[4.39469,44.292082],[4.394793,44.291983],[4.394848,44.291846],[4.394983,44.291399],[4.395072,44.291165],[4.3952,44.290978],[4.39542,44.290784],[4.395795,44.290506],[4.396165,44.290314],[4.396448,44.290217],[4.397568,44.289923],[4.398143,44.28976],[4.398707,44.289523],[4.399062,44.289358],[4.399231,44.289237],[4.399296,44.289127],[4.39937,44.288882],[4.399601,44.288179],[4.399743,44.287948],[4.400138,44.287638],[4.400364,44.287427],[4.400531,44.287331],[4.400898,44.287255],[4.401026,44.287375],[4.401105,44.287476],[4.401148,44.287582],[4.401218,44.287591],[4.401329,44.287628],[4.401441,44.28767],[4.401584,44.287738],[4.401656,44.287776],[4.40179,44.287846],[4.401968,44.287968],[4.402137,44.288096],[4.402394,44.28829],[4.402619,44.288434],[4.402882,44.288596],[4.403088,44.288708],[4.403295,44.288817],[4.403476,44.288884],[4.403655,44.288922],[4.403845,44.288938],[4.404164,44.288944],[4.40438,44.28893],[4.404458,44.288911],[4.40447,44.288882],[4.40448,44.288821],[4.404506,44.288767],[4.404535,44.288744],[4.404639,44.288709],[4.405008,44.288633],[4.40525,44.28856],[4.405505,44.288473],[4.405706,44.288384],[4.405917,44.288295],[4.406178,44.288186],[4.406394,44.288097],[4.406577,44.288035],[4.406623,44.288026],[4.406873,44.28798],[4.406936,44.28797],[4.407238,44.287941],[4.407617,44.287918],[4.407919,44.287885],[4.407979,44.287877],[4.408273,44.287857],[4.408538,44.287827],[4.408822,44.287792],[4.409124,44.287784],[4.409504,44.287762],[4.409846,44.287739],[4.410235,44.287712],[4.410671,44.287691],[4.410751,44.287679],[4.410998,44.287661],[4.41141,44.287633],[4.41149,44.287623],[4.411854,44.287598],[4.412211,44.287577],[4.412248,44.287577],[4.412503,44.287579],[4.412578,44.287579],[4.412868,44.287605],[4.413255,44.28765],[4.413669,44.287698],[4.414097,44.287748],[4.414607,44.287796],[4.414947,44.287829],[4.415473,44.287892],[4.415545,44.287891],[4.415621,44.287899],[4.415727,44.287919],[4.415859,44.28793],[4.416027,44.287964],[4.416239,44.287979],[4.416537,44.287993],[4.416903,44.288016],[4.417179,44.288025],[4.417533,44.288043],[4.417697,44.288038],[4.417886,44.288009],[4.418107,44.287951],[4.418374,44.287846],[4.418658,44.28771],[4.419061,44.287517],[4.419437,44.28734],[4.419629,44.28726],[4.419801,44.287204],[4.419994,44.287157],[4.420199,44.287119],[4.420322,44.287119],[4.420382,44.287125],[4.420479,44.2871],[4.420497,44.287101],[4.420584,44.287096],[4.420728,44.287105],[4.42086,44.287126],[4.421025,44.28714],[4.421209,44.287169],[4.421479,44.287215],[4.421817,44.287276],[4.422069,44.287318],[4.42224,44.287345],[4.422465,44.287372],[4.422535,44.287378],[4.422597,44.287384],[4.422695,44.287392],[4.423035,44.287429],[4.423371,44.287461],[4.423755,44.287496],[4.424193,44.287542],[4.424503,44.28758],[4.424861,44.287623],[4.425093,44.287647],[4.425305,44.287669],[4.425534,44.287697],[4.425643,44.2877],[4.425773,44.287696],[4.425978,44.28768],[4.426217,44.287655],[4.426406,44.287638],[4.42657,44.287627],[4.426652,44.287625],[4.426709,44.287632],[4.42677,44.287655],[4.426826,44.287693],[4.426913,44.287782],[4.427022,44.287913],[4.427049,44.28794],[4.427084,44.287975],[4.427157,44.288037],[4.427267,44.288121],[4.427341,44.28819],[4.427405,44.28826],[4.42743,44.288309],[4.427457,44.288387],[4.427467,44.288435],[4.427476,44.288488],[4.427478,44.288494],[4.427509,44.288539],[4.427592,44.288614],[4.42771,44.288706],[4.427902,44.288835],[4.428233,44.289025],[4.428242,44.28903],[4.4286,44.28925],[4.428875,44.289419],[4.429009,44.289516],[4.429123,44.289607],[4.42921,44.289703],[4.429269,44.289786],[4.429318,44.289843],[4.429324,44.289847],[4.429376,44.289878],[4.429534,44.289939],[4.429696,44.289982],[4.429985,44.290053],[4.430472,44.290123],[4.430877,44.290207],[4.431182,44.290268],[4.431473,44.290336],[4.431663,44.290383],[4.431802,44.290436],[4.431896,44.290479],[4.43199,44.290549],[4.432111,44.290672],[4.432327,44.290873],[4.432477,44.29102],[4.432741,44.291227],[4.432987,44.291388],[4.433167,44.291555],[4.433266,44.291627],[4.433305,44.29164],[4.433273,44.291567],[4.433147,44.291349],[4.433075,44.291202],[4.432962,44.291026],[4.432871,44.290885],[4.432707,44.290648],[4.432633,44.29051],[4.432574,44.290422],[4.432491,44.290317],[4.432437,44.29024],[4.432395,44.290146],[4.432358,44.290036],[4.432327,44.289946],[4.432286,44.289809],[4.432245,44.289673],[4.432203,44.289564],[4.432163,44.289456],[4.432117,44.289333],[4.432041,44.289225],[4.431874,44.289012],[4.431756,44.288909],[4.431635,44.288802],[4.431554,44.288729],[4.431383,44.28855],[4.431249,44.288397],[4.431195,44.288306],[4.431171,44.28822],[4.431165,44.288144],[4.431166,44.288042],[4.43117,44.287952],[4.43119,44.287853],[4.431218,44.287768],[4.431255,44.287694],[4.431305,44.2876],[4.431346,44.287532],[4.431401,44.287452],[4.431471,44.287363],[4.431535,44.287296],[4.431628,44.287215],[4.431698,44.287148],[4.431804,44.28708],[4.431904,44.287025],[4.431998,44.286984],[4.432232,44.286903],[4.432364,44.286876],[4.432465,44.286868],[4.432564,44.286869],[4.432679,44.286854],[4.432796,44.28684],[4.432919,44.286833],[4.433023,44.28683],[4.433123,44.286831],[4.433266,44.286817],[4.433355,44.28681],[4.433435,44.286799],[4.433505,44.28679],[4.433546,44.286761],[4.433574,44.28671],[4.433569,44.286625],[4.43356,44.286589],[4.433536,44.286528],[4.43353,44.286518],[4.433481,44.286409],[4.43341,44.286184],[4.433367,44.285964],[4.433367,44.2858],[4.433365,44.285789],[4.433369,44.285604],[4.433376,44.285514],[4.433383,44.285401],[4.433394,44.285275],[4.433399,44.285202],[4.433399,44.285131],[4.433375,44.285042],[4.433343,44.284957],[4.433327,44.284856],[4.433323,44.284776],[4.433324,44.284695],[4.433325,44.284584],[4.43334,44.284506],[4.433403,44.284429],[4.433504,44.284334],[4.433558,44.284297],[4.433611,44.284256],[4.43373,44.284145],[4.433835,44.284017],[4.433988,44.283798],[4.434152,44.283559],[4.434161,44.283547],[4.434338,44.28334],[4.434394,44.283268],[4.43613,44.283316],[4.437197,44.283346],[4.438633,44.283386],[4.439333,44.283405],[4.439486,44.283451],[4.439688,44.283501],[4.439888,44.283533],[4.440081,44.283553],[4.440237,44.283583],[4.440349,44.283603],[4.440374,44.283641],[4.440394,44.28367],[4.440379,44.283737],[4.440377,44.283758],[4.44034,44.283863],[4.440297,44.283944],[4.440231,44.284045],[4.440189,44.284148],[4.440172,44.284227],[4.440191,44.284312],[4.440281,44.284362],[4.440393,44.284388],[4.440527,44.284427],[4.440641,44.284478],[4.440733,44.284549],[4.440751,44.28462],[4.440728,44.284699],[4.440651,44.28478],[4.440604,44.284845],[4.4406,44.284889],[4.440613,44.284955],[4.440698,44.284995],[4.44083,44.285006],[4.440935,44.285021],[4.441092,44.285072],[4.441219,44.28513],[4.441327,44.285197],[4.441416,44.285277],[4.441509,44.285383],[4.4416,44.285484],[4.441666,44.285569],[4.441768,44.285671],[4.441854,44.285744],[4.441981,44.285791],[4.442088,44.285822],[4.44222,44.285854],[4.442376,44.285884],[4.442513,44.285895],[4.442669,44.285901],[4.442684,44.285903],[4.442825,44.285908],[4.442999,44.285925],[4.443117,44.285943],[4.443232,44.285978],[4.443345,44.286038],[4.443456,44.286096],[4.443647,44.286176],[4.443838,44.28628],[4.444005,44.286443],[4.444338,44.286805],[4.444409,44.286861],[4.444491,44.286874],[4.444575,44.286849],[4.444659,44.286842],[4.444723,44.286866],[4.444752,44.286937],[4.444749,44.287014],[4.444739,44.287094],[4.44472,44.287175],[4.444724,44.287232],[4.444792,44.287276],[4.444892,44.287292],[4.445011,44.287294],[4.445139,44.287282],[4.445275,44.287281],[4.445376,44.28729],[4.445435,44.287341],[4.445463,44.287409],[4.445469,44.28748],[4.445475,44.287576],[4.445484,44.287704],[4.445485,44.287829],[4.445501,44.287916],[4.445545,44.287981],[4.445616,44.288054],[4.445673,44.288119],[4.445707,44.288198],[4.44578,44.288254],[4.445851,44.288323],[4.44589,44.288429],[4.445925,44.288533],[4.44597,44.288635],[4.446021,44.288689],[4.446115,44.288754],[4.446243,44.288809],[4.446225,44.288933],[4.446214,44.289033],[4.446188,44.289109],[4.446143,44.289201],[4.446133,44.289296],[4.446202,44.289368],[4.446315,44.289407],[4.446361,44.289438],[4.446417,44.289473],[4.446404,44.289549],[4.446344,44.289638],[4.446276,44.289734],[4.446216,44.289839],[4.446168,44.289978],[4.446135,44.290085],[4.44613,44.290191],[4.446175,44.290267],[4.446253,44.29033],[4.446271,44.290407],[4.446227,44.290484],[4.44617,44.290559],[4.446163,44.290662],[4.446228,44.290752],[4.446339,44.290838],[4.44642,44.290959],[4.446475,44.29107],[4.446543,44.291189],[4.446585,44.291296],[4.446585,44.291409],[4.446578,44.29155],[4.446576,44.291696],[4.446573,44.291853],[4.446558,44.291996],[4.446542,44.292139],[4.44652,44.292247],[4.446495,44.292356],[4.446493,44.292459],[4.446493,44.292469],[4.446503,44.292568],[4.446559,44.292649],[4.446666,44.292722],[4.446779,44.292815],[4.446844,44.292909],[4.446912,44.293018],[4.446933,44.293104],[4.446908,44.293188],[4.446848,44.293257],[4.446845,44.293325],[4.446878,44.293391],[4.44695,44.293459],[4.447027,44.293527],[4.447117,44.293626],[4.447193,44.293717],[4.447274,44.293802],[4.447372,44.293892],[4.447482,44.293983],[4.447634,44.294066],[4.44777,44.294131],[4.447904,44.294179],[4.448039,44.294201],[4.448154,44.294234],[4.4483,44.294274],[4.448411,44.294349],[4.448514,44.294451],[4.449668,44.295053],[4.450574,44.295526],[4.452102,44.29654],[4.452816,44.2972],[4.453228,44.297862],[4.45326,44.297914],[4.45307,44.297895],[4.452881,44.297866],[4.452744,44.297831],[4.452596,44.297789],[4.452451,44.297751],[4.452242,44.297689],[4.452026,44.297624],[4.451492,44.297489],[4.450627,44.297258],[4.44971,44.297013],[4.449386,44.296932],[4.449035,44.296832],[4.448691,44.296706],[4.448404,44.296605],[4.448777,44.300178],[4.4492,44.304232],[4.449207,44.304298],[4.44921,44.304319],[4.449234,44.304551],[4.44924,44.30461],[4.449272,44.304915],[4.449275,44.304947],[4.449289,44.305114],[4.449295,44.305179],[4.44937,44.306055],[4.44948,44.307335],[4.449609,44.308836],[4.449702,44.309913],[4.449731,44.310247],[4.449737,44.310277],[4.449741,44.310562],[4.449762,44.310884],[4.449775,44.311245],[4.44979,44.311664],[4.449809,44.312034],[4.449818,44.312445],[4.449825,44.312624],[4.449835,44.312902],[4.449842,44.3131],[4.449855,44.313358],[4.449863,44.313578],[4.449857,44.313775],[4.449853,44.31388],[4.449852,44.313919],[4.449852,44.313983],[4.449868,44.314179],[4.449884,44.314428],[4.449898,44.314682],[4.449906,44.314965],[4.44993,44.315322],[4.449939,44.315653],[4.449951,44.316133],[4.449942,44.316449],[4.449954,44.316683],[4.449968,44.316948],[4.449976,44.317218],[4.449991,44.317598],[4.449997,44.317934],[4.450008,44.318184],[4.450021,44.318481],[4.45003,44.318688],[4.450045,44.318877],[4.450039,44.319029],[4.450025,44.319175],[4.450025,44.31924],[4.450036,44.319303],[4.450056,44.319369],[4.450064,44.319412],[4.450069,44.319464],[4.450065,44.319612],[4.450081,44.319728],[4.45008,44.319762],[4.450078,44.319839],[4.450067,44.319963],[4.450057,44.320125],[4.450063,44.320199],[4.450081,44.320388],[4.450089,44.320634],[4.450103,44.320887],[4.450107,44.321119],[4.450122,44.321343],[4.450127,44.321557],[4.450128,44.321566],[4.450134,44.321783],[4.450151,44.32202],[4.450164,44.322304],[4.45018,44.322639],[4.450185,44.322812],[4.450186,44.322949],[4.450208,44.324254],[4.450221,44.32437],[4.45022,44.324501],[4.450218,44.32462],[4.450226,44.324712],[4.450239,44.32489],[4.450255,44.325066],[4.450266,44.325128],[4.450295,44.325216],[4.450316,44.325288],[4.450316,44.325339],[4.450309,44.325517],[4.450314,44.325698],[4.450324,44.325823],[4.450348,44.326009],[4.450362,44.32626],[4.450361,44.326489],[4.450371,44.326671],[4.450386,44.326951],[4.450399,44.327228],[4.4504,44.327345],[4.450419,44.327377],[4.450439,44.327425],[4.450449,44.327494],[4.450469,44.327918],[4.450484,44.328249],[4.450508,44.328522],[4.450523,44.328743],[4.450527,44.328874],[4.450533,44.329079],[4.450541,44.329272],[4.450549,44.329439],[4.450564,44.329601],[4.450573,44.329772],[4.450594,44.329949],[4.450609,44.330141],[4.450615,44.330265],[4.450625,44.330534],[4.450634,44.330849],[4.450626,44.331128],[4.45062,44.331264],[4.450625,44.331387],[4.450631,44.33149],[4.450657,44.331745],[4.450673,44.332046],[4.450696,44.33236],[4.450704,44.332679],[4.450715,44.332989],[4.450725,44.333232],[4.450736,44.333564],[4.450737,44.333793],[4.45074,44.334086],[4.450752,44.334169],[4.45077,44.334219],[4.450798,44.334283],[4.450983,44.334663],[4.451136,44.334979],[4.451252,44.335214],[4.451334,44.335363],[4.451366,44.335394],[4.451707,44.336118],[4.451862,44.336925],[4.45201,44.337507],[4.452342,44.33804],[4.452649,44.338415],[4.452663,44.338425],[4.452693,44.338449],[4.452817,44.33849],[4.452885,44.338619],[4.452901,44.338647],[4.452926,44.338681],[4.452968,44.338745],[4.452987,44.33879],[4.453,44.338814],[4.453033,44.33888],[4.453053,44.338913],[4.453072,44.338944],[4.453097,44.338959],[4.453125,44.338973],[4.453178,44.33899],[4.453208,44.339001],[4.453308,44.339021],[4.453349,44.339026],[4.453444,44.339051],[4.453587,44.339106],[4.453633,44.339124],[4.453683,44.339154],[4.453736,44.339186],[4.453773,44.339204],[4.453814,44.339234],[4.453851,44.339258],[4.45388,44.339283],[4.45391,44.3393],[4.453954,44.33933],[4.453971,44.339344],[4.453994,44.339373],[4.45401,44.339412],[4.454052,44.339482],[4.454072,44.339524],[4.454097,44.33958],[4.454118,44.33962],[4.454143,44.339652],[4.454177,44.339682],[4.454217,44.339713],[4.454247,44.339735],[4.454269,44.33975],[4.454372,44.339783],[4.454413,44.339797],[4.454451,44.339822],[4.454597,44.339888],[4.454708,44.339911],[4.454757,44.339923],[4.454805,44.339934],[4.454858,44.33995],[4.4549,44.339964],[4.454958,44.339981],[4.455001,44.339993],[4.455035,44.340001],[4.45509,44.340014],[4.455191,44.340045],[4.455248,44.340082],[4.455275,44.340106],[4.455288,44.340133],[4.455313,44.340154],[4.455358,44.340161],[4.455383,44.340165],[4.45548,44.340161],[4.455536,44.340158],[4.455624,44.340179],[4.455819,44.340214],[4.455846,44.340225],[4.455904,44.340263],[4.455955,44.340353],[4.455958,44.340421],[4.45597,44.340465],[4.455985,44.340492],[4.456003,44.340521],[4.45602,44.340543],[4.456042,44.340564],[4.456069,44.340588],[4.456155,44.34072],[4.45618,44.340749],[4.456213,44.340787],[4.456275,44.340839],[4.456298,44.340857],[4.456325,44.340887],[4.456353,44.340915],[4.456374,44.340936],[4.456397,44.340963],[4.456417,44.340988],[4.456446,44.341019],[4.456484,44.341056],[4.456511,44.341082],[4.456545,44.341112],[4.456567,44.341142],[4.456602,44.341165],[4.45664,44.34118],[4.45668,44.341194],[4.456765,44.341245],[4.456791,44.341267],[4.45682,44.341294],[4.457616,44.341636],[4.461907,44.34173],[4.461944,44.341731],[4.464631,44.341693],[4.464922,44.341689],[4.464943,44.341538],[4.465065,44.341226],[4.465089,44.341169],[4.46529,44.340819],[4.465493,44.340568],[4.465675,44.340455],[4.465885,44.340384],[4.466162,44.34032],[4.46651,44.34028],[4.466857,44.340264],[4.467291,44.340274],[4.467529,44.340315],[4.467712,44.340367],[4.46794,44.340425],[4.468305,44.340493],[4.468774,44.340625],[4.46932,44.340783],[4.469724,44.340873],[4.470104,44.340963],[4.470532,44.341081],[4.470667,44.341136],[4.470736,44.341196],[4.470798,44.341295],[4.470911,44.341468],[4.471045,44.341608],[4.471258,44.341761],[4.471493,44.341874],[4.471714,44.341949],[4.471973,44.342002],[4.47223,44.342022],[4.472491,44.342017],[4.47261,44.341993],[4.472722,44.341934],[4.472833,44.341882],[4.472991,44.341848],[4.473165,44.34184],[4.473321,44.341858],[4.473676,44.341926],[4.474206,44.342019],[4.474496,44.342058],[4.474731,44.342079],[4.474855,44.342075],[4.47499,44.342045],[4.47504,44.342025],[4.475276,44.341909],[4.475507,44.341767],[4.475627,44.34166],[4.475774,44.341466],[4.475811,44.341316],[4.475816,44.341155],[4.475813,44.340947],[4.475828,44.340777],[4.475871,44.340614],[4.475925,44.340484],[4.475996,44.340378],[4.476091,44.340268],[4.4766,44.339906],[4.476801,44.339726],[4.477164,44.339405],[4.47778,44.338747],[4.478469,44.338065],[4.479021,44.337543],[4.479407,44.337211],[4.479614,44.337088],[4.479834,44.336989],[4.480177,44.336873],[4.480452,44.336819],[4.480707,44.336787],[4.480806,44.336775],[4.481381,44.336745],[4.481933,44.33679],[4.482155,44.336832],[4.482812,44.337036],[4.48323,44.33719],[4.483888,44.337388],[4.484341,44.337544],[4.484761,44.337729],[4.485054,44.337868],[4.4857,44.338175],[4.486409,44.338422],[4.486857,44.338542],[4.487465,44.338668],[4.487931,44.338739],[4.488549,44.338805],[4.489259,44.338841],[4.489988,44.338877],[4.490486,44.338866],[4.491309,44.338787],[4.492942,44.338564],[4.493723,44.338444],[4.4944,44.338359],[4.49534,44.338265],[4.496173,44.338212],[4.496667,44.338197],[4.497165,44.338197],[4.49782,44.338216],[4.499601,44.338337],[4.500233,44.338418],[4.500675,44.338496],[4.501123,44.338595],[4.501419,44.338681],[4.501831,44.338845],[4.50252,44.339211],[4.502862,44.339413],[4.503294,44.339723],[4.503425,44.339858],[4.503518,44.340004],[4.503574,44.340159],[4.50358,44.340244],[4.503556,44.340408],[4.50348,44.34057],[4.503115,44.341037],[4.503036,44.341204],[4.502894,44.341597],[4.502701,44.342288],[4.502465,44.342791],[4.502406,44.342969],[4.502379,44.343139],[4.502381,44.343185],[4.502386,44.343252],[4.502393,44.343353],[4.502417,44.343416],[4.502467,44.343476],[4.502651,44.343625],[4.502739,44.34372],[4.502993,44.343886],[4.503129,44.343974],[4.503349,44.344101],[4.503468,44.344147],[4.50385,44.344251],[4.504123,44.344274],[4.504407,44.344259],[4.505341,44.344151],[4.505767,44.344072],[4.505944,44.344024],[4.506012,44.343994],[4.506166,44.343843],[4.506439,44.343389],[4.506599,44.343228],[4.50675,44.343024],[4.506925,44.342673],[4.507104,44.342357],[4.507214,44.342019],[4.507248,44.341745],[4.507238,44.341565],[4.507201,44.341392],[4.507092,44.341122],[4.506942,44.34067],[4.506613,44.339465],[4.506564,44.33919],[4.506552,44.338819],[4.506623,44.338328],[4.506705,44.337965],[4.507062,44.337438],[4.507344,44.33712],[4.507511,44.336985],[4.507957,44.336727],[4.508355,44.33656],[4.50866,44.336463],[4.509118,44.336342],[4.510236,44.336154],[4.510681,44.336063],[4.511165,44.335903],[4.511377,44.335787],[4.511872,44.335567],[4.512142,44.3354],[4.512179,44.335377],[4.512709,44.335003],[4.512857,44.334877],[4.512973,44.334736],[4.513034,44.334637],[4.513125,44.334401],[4.513131,44.334274],[4.513113,44.334136],[4.513041,44.333837],[4.512584,44.332968],[4.51251,44.332857],[4.512439,44.332747],[4.512427,44.332727],[4.511985,44.332248],[4.511657,44.331842],[4.511571,44.33171],[4.511499,44.3315],[4.511487,44.331028],[4.511526,44.330655],[4.511585,44.330296],[4.511795,44.329377],[4.511908,44.329063],[4.512057,44.328739],[4.512147,44.328583],[4.512251,44.328439],[4.512377,44.328306],[4.512519,44.32819],[4.512686,44.328105],[4.512869,44.328031],[4.513069,44.328002],[4.513297,44.327999],[4.513492,44.328011],[4.51374,44.328028],[4.514843,44.328176],[4.515188,44.328241],[4.515386,44.328306],[4.515703,44.328493],[4.515902,44.328716],[4.516237,44.328994],[4.516311,44.329031],[4.516504,44.329069],[4.516589,44.329098],[4.517078,44.329382],[4.518108,44.329858],[4.518574,44.33004],[4.518809,44.330105],[4.519078,44.330162],[4.520009,44.330305],[4.520932,44.330419],[4.521592,44.330541],[4.522091,44.330592],[4.522334,44.330576],[4.52255,44.330533],[4.522738,44.330465],[4.523028,44.330237],[4.523207,44.330121],[4.523313,44.330063],[4.523665,44.329907],[4.52408,44.329791],[4.524161,44.329779],[4.52457,44.329775],[4.524694,44.329753],[4.524746,44.329729],[4.524788,44.329688],[4.524893,44.329501],[4.525139,44.32919],[4.525246,44.329076],[4.525374,44.328966],[4.5257,44.328748],[4.525843,44.328625],[4.52599,44.328443],[4.526075,44.328335],[4.526238,44.328097],[4.526567,44.327735],[4.527092,44.327076],[4.527668,44.326316],[4.527839,44.326067],[4.528097,44.325757],[4.528205,44.325579],[4.528559,44.325291],[4.528839,44.325073],[4.529284,44.324804],[4.530018,44.324303],[4.530322,44.324028],[4.530725,44.323702],[4.531076,44.323451],[4.53135,44.32329],[4.531448,44.323221],[4.531532,44.323164],[4.532211,44.322771],[4.532599,44.322584],[4.532816,44.322542],[4.533031,44.322539],[4.533259,44.322575],[4.533463,44.322634],[4.533976,44.322889],[4.534227,44.322979],[4.534501,44.32304],[4.534919,44.323104],[4.53531,44.323147],[4.535797,44.323166],[4.536103,44.323198],[4.536365,44.32324],[4.536852,44.323358],[4.537165,44.323412],[4.537394,44.3234],[4.537863,44.323312],[4.537984,44.323301],[4.538119,44.323305],[4.538832,44.323392],[4.539568,44.323428],[4.539825,44.323453],[4.540196,44.323521],[4.540531,44.323614],[4.540734,44.323685],[4.541326,44.323938],[4.541744,44.324151],[4.542068,44.324382],[4.54221,44.324501],[4.542542,44.324749],[4.542592,44.324785],[4.54301,44.325059],[4.543253,44.32519],[4.543585,44.32542],[4.543755,44.325559],[4.543837,44.325625],[4.544219,44.325874],[4.544482,44.326006],[4.544536,44.32605],[4.544862,44.326198],[4.545034,44.326264],[4.545206,44.32633],[4.545485,44.326385],[4.545978,44.326461],[4.546232,44.326574],[4.54636,44.3266],[4.546624,44.326621],[4.546895,44.326624],[4.547171,44.326608],[4.547405,44.326576],[4.547593,44.326522],[4.547771,44.326449],[4.548308,44.32619],[4.548521,44.326065],[4.548615,44.325993],[4.548788,44.325843],[4.548999,44.325579],[4.549189,44.325189],[4.549253,44.324923],[4.549298,44.324639],[4.549358,44.324267],[4.549364,44.324117],[4.549334,44.323968],[4.5492,44.323605],[4.549134,44.323478],[4.549039,44.323367],[4.548938,44.323292],[4.548542,44.323121],[4.54774,44.322876],[4.547251,44.322727],[4.546866,44.322602],[4.546644,44.322517],[4.546128,44.322356],[4.545672,44.322182],[4.545339,44.322028],[4.545241,44.321969],[4.544998,44.321766],[4.544866,44.321616],[4.544762,44.321454],[4.544723,44.321375],[4.544677,44.321202],[4.544661,44.321038],[4.544669,44.320867],[4.544701,44.320699],[4.544735,44.320619],[4.544893,44.320399],[4.54503,44.32025],[4.545219,44.320108],[4.5457,44.319794],[4.546002,44.319568],[4.54616,44.319432],[4.54648,44.319158],[4.546936,44.318704],[4.547295,44.318302],[4.547595,44.317924],[4.547784,44.317747],[4.548254,44.317258],[4.54864,44.316802],[4.549021,44.316254],[4.549318,44.315761],[4.549455,44.315566],[4.549538,44.315411],[4.549795,44.315088],[4.549907,44.314937],[4.55016,44.314609],[4.550855,44.313781],[4.551184,44.313272],[4.551442,44.312745],[4.551775,44.312112],[4.551809,44.312025],[4.551826,44.31187],[4.551875,44.311691],[4.551917,44.311449],[4.551943,44.3113],[4.552077,44.310964],[4.552178,44.31081],[4.552437,44.310538],[4.552497,44.310454],[4.552642,44.310005],[4.552726,44.309751],[4.552843,44.309477],[4.552927,44.309319],[4.553041,44.309172],[4.553498,44.308757],[4.553744,44.30848],[4.553923,44.308241],[4.554615,44.307543],[4.55478,44.307347],[4.554945,44.307185],[4.555214,44.306919],[4.555405,44.306678],[4.555556,44.306514],[4.555734,44.306345],[4.555972,44.306025],[4.556276,44.305572],[4.556369,44.305466],[4.556668,44.30516],[4.557312,44.304581],[4.557673,44.304222],[4.557819,44.304049],[4.558216,44.303643],[4.558368,44.303455],[4.558949,44.302827],[4.559749,44.302069],[4.559925,44.301963],[4.56013,44.301893],[4.56051,44.301728],[4.561081,44.301441],[4.56187,44.301142],[4.562159,44.301045],[4.562289,44.301001],[4.562591,44.300916],[4.562891,44.30085],[4.563212,44.300818],[4.564156,44.300759],[4.564295,44.300753],[4.564689,44.300734],[4.565451,44.300616],[4.56588,44.300562],[4.566322,44.30048],[4.566743,44.300374],[4.5671,44.300319],[4.567578,44.300247],[4.568188,44.29983],[4.568469,44.299679],[4.56876,44.299525],[4.568802,44.299503],[4.569387,44.29936],[4.569608,44.299306],[4.569882,44.299333],[4.56994,44.299338],[4.569997,44.299343],[4.5702,44.299443],[4.570956,44.299819],[4.571043,44.299846],[4.571997,44.300152],[4.572668,44.300369],[4.574149,44.300741],[4.574187,44.300751],[4.575005,44.300869],[4.575066,44.300868],[4.575882,44.300851],[4.576031,44.300798],[4.576362,44.300682],[4.577241,44.300373],[4.577977,44.299999],[4.578644,44.299446],[4.579422,44.29853],[4.580149,44.297885],[4.580205,44.297847],[4.581197,44.297189],[4.582795,44.296391],[4.586981,44.294596],[4.588048,44.294304],[4.588984,44.294249],[4.591368,44.294336],[4.592117,44.294275],[4.593109,44.29403],[4.593349,44.293913],[4.593784,44.293701],[4.595857,44.292309],[4.596534,44.29198],[4.597417,44.291827],[4.598979,44.291749],[4.599652,44.291842],[4.599753,44.291867],[4.599967,44.291897],[4.600038,44.291889],[4.600123,44.291884],[4.600238,44.291832],[4.601685,44.291942],[4.601993,44.291966],[4.602804,44.291859],[4.604537,44.291374],[4.605463,44.29104],[4.605643,44.290963],[4.606818,44.290472],[4.608303,44.289721],[4.609283,44.289161],[4.610012,44.288606],[4.610488,44.288012],[4.610776,44.287376],[4.610881,44.286879],[4.610942,44.286848],[4.612046,44.28627],[4.612229,44.286131],[4.612407,44.285588],[4.612395,44.285274],[4.612367,44.28522],[4.612431,44.285048],[4.612557,44.2845],[4.612657,44.284171],[4.61267,44.284106],[4.612847,44.283286],[4.612943,44.282735],[4.613058,44.282346],[4.613146,44.281982],[4.613278,44.281596],[4.613476,44.281121],[4.613714,44.280553],[4.613758,44.280488],[4.614101,44.279993],[4.614481,44.279443],[4.614616,44.279342],[4.615517,44.278552],[4.615983,44.278357],[4.616359,44.278198],[4.616389,44.278193],[4.616878,44.278113],[4.617366,44.278128],[4.617697,44.278145],[4.617776,44.278189],[4.618195,44.278423],[4.618356,44.278537],[4.61845,44.278604],[4.618588,44.278701],[4.620126,44.279674],[4.620627,44.279992],[4.621162,44.280331],[4.621358,44.280428],[4.622692,44.281159],[4.622889,44.281268],[4.62311,44.28139],[4.623535,44.281605],[4.624294,44.281908],[4.625748,44.28254],[4.626173,44.282752],[4.627197,44.283196],[4.627955,44.283552],[4.629125,44.284227],[4.630095,44.284472],[4.630528,44.284594],[4.631741,44.284932],[4.631953,44.284961],[4.632065,44.284974],[4.632938,44.285087],[4.633811,44.285024],[4.63493,44.28482],[4.635793,44.284497],[4.636663,44.284028],[4.63806,44.282965],[4.638661,44.282322],[4.639131,44.281593],[4.639651,44.280502],[4.639814,44.279995],[4.639817,44.279986],[4.640568,44.276606],[4.640517,44.275347],[4.640759,44.274894],[4.640808,44.274802],[4.640924,44.274689],[4.64123,44.274388],[4.641963,44.273967],[4.642659,44.273485],[4.643436,44.272947],[4.644948,44.271656],[4.64563,44.270844],[4.645758,44.270696],[4.646692,44.270604],[4.648446,44.270435],[4.649454,44.270338],[4.649297,44.269485],[4.649269,44.269084],[4.649147,44.268014],[4.649183,44.266716],[4.649085,44.265534],[4.649164,44.264897],[4.649238,44.264421],[4.649275,44.264184],[4.649318,44.263611],[4.649352,44.263153],[4.649366,44.262985],[4.649582,44.262529],[4.650088,44.261475],[4.650403,44.261017],[4.650956,44.260209],[4.651283,44.25961],[4.65137,44.259455],[4.651442,44.25933],[4.651465,44.259289],[4.651491,44.259245],[4.651576,44.259099],[4.651688,44.258903],[4.651698,44.258888],[4.652397,44.257963],[4.652405,44.257953],[4.652414,44.257943],[4.652574,44.25775],[4.652711,44.257582],[4.652846,44.25742],[4.653147,44.256995],[4.65319,44.256934],[4.653285,44.256714],[4.653461,44.256255],[4.653581,44.255944],[4.653681,44.25568],[4.653745,44.255511],[4.653788,44.255398],[4.653948,44.254791],[4.654049,44.254429],[4.654107,44.254317],[4.654173,44.254216],[4.654296,44.254091],[4.65459,44.253804],[4.655548,44.252872],[4.655556,44.252864],[4.656037,44.252395],[4.656272,44.252167],[4.656815,44.251638],[4.656821,44.251632],[4.656824,44.251628],[4.657615,44.250857],[4.657737,44.250735],[4.658268,44.250191],[4.658648,44.249822],[4.659143,44.24935],[4.659752,44.248792],[4.660378,44.248235],[4.660603,44.248049],[4.660958,44.247755],[4.661676,44.247214],[4.662275,44.246793],[4.662871,44.246408],[4.663746,44.245824],[4.664327,44.245436],[4.664855,44.24508],[4.665063,44.244971],[4.66536,44.244803],[4.665661,44.244616],[4.665967,44.2444],[4.666845,44.243758],[4.667232,44.243492],[4.667485,44.24331],[4.667764,44.24316],[4.668559,44.24271],[4.669013,44.242452],[4.669518,44.242161],[4.670131,44.241807],[4.670673,44.241483],[4.670986,44.241283],[4.671405,44.240985],[4.671955,44.240608],[4.672473,44.240257],[4.673052,44.239857],[4.673361,44.239634],[4.673747,44.239286],[4.674238,44.238851],[4.67479,44.238352],[4.675147,44.238028],[4.675407,44.237762],[4.675785,44.23732],[4.675995,44.237066],[4.676279,44.236732],[4.676525,44.236439],[4.676655,44.236286],[4.677062,44.235812],[4.677312,44.235403],[4.677704,44.234699],[4.677873,44.234358],[4.678033,44.233987],[4.678264,44.233203],[4.678421,44.232226],[4.678428,44.231787],[4.678382,44.23078],[4.678178,44.229529],[4.678045,44.229138],[4.677727,44.228069],[4.67742,44.227422],[4.676992,44.226789],[4.676656,44.226403],[4.675997,44.224943],[4.675379,44.223824],[4.674436,44.221979],[4.673769,44.220542],[4.673522,44.219811],[4.673308,44.219179],[4.67313,44.218548],[4.673096,44.218398],[4.673085,44.218208],[4.673089,44.21797],[4.673112,44.217679],[4.673151,44.217292],[4.673215,44.217038],[4.673269,44.216765],[4.673384,44.216366],[4.67354,44.215858],[4.673623,44.215613],[4.673728,44.215357],[4.673848,44.21511],[4.673956,44.214884],[4.674045,44.21474],[4.674091,44.214664],[4.67417,44.21455],[4.674221,44.214486],[4.674281,44.214407],[4.674431,44.21427],[4.674569,44.21411],[4.674777,44.213912],[4.674958,44.213748],[4.675159,44.213562],[4.675256,44.213485],[4.675406,44.213361],[4.6756,44.21324],[4.675846,44.213086],[4.676103,44.212929],[4.676334,44.212792],[4.676475,44.212726],[4.676579,44.212677],[4.676656,44.212641],[4.677442,44.212407],[4.678331,44.212302],[4.679561,44.212181],[4.680684,44.212168],[4.681056,44.212178],[4.682228,44.212293],[4.683131,44.212398],[4.683595,44.212464],[4.684279,44.212626],[4.684988,44.212798],[4.686389,44.213193],[4.68726,44.213392],[4.689221,44.214062],[4.690099,44.214297],[4.692424,44.21494],[4.694202,44.215449],[4.696295,44.215612],[4.697406,44.215712],[4.698316,44.215803],[4.700136,44.215931],[4.701023,44.215909],[4.702125,44.215878],[4.702712,44.215824],[4.703157,44.215719],[4.704714,44.215181],[4.705313,44.214939],[4.70588,44.214707],[4.706381,44.214458],[4.70682,44.214164],[4.707194,44.213864],[4.707596,44.213518],[4.70805,44.213053],[4.708226,44.212818],[4.708493,44.212381],[4.708786,44.211957],[4.709022,44.211541],[4.709252,44.211038],[4.709437,44.210516],[4.709558,44.210107],[4.709779,44.209078],[4.70983,44.208608],[4.70983,44.208202],[4.7098,44.207687],[4.709701,44.207241],[4.709458,44.206684],[4.709208,44.206199],[4.708882,44.20573],[4.708518,44.2053],[4.707533,44.204034],[4.706597,44.203082],[4.705771,44.202155],[4.705394,44.201677],[4.704674,44.200709],[4.704186,44.199541],[4.704134,44.198445],[4.704157,44.198001],[4.704249,44.197502],[4.704403,44.197187],[4.704616,44.196413],[4.704807,44.194957],[4.705504,44.193392],[4.705803,44.192723],[4.706246,44.192555],[4.707523,44.192116],[4.708498,44.191817],[4.709531,44.19162],[4.709791,44.191591],[4.710004,44.191567],[4.710096,44.191557],[4.710386,44.191524],[4.710509,44.19151],[4.710672,44.191492],[4.710801,44.191477],[4.711104,44.191443],[4.711978,44.191555],[4.712289,44.19158],[4.712645,44.191591],[4.712962,44.191578],[4.713601,44.191497],[4.7143,44.191395],[4.714933,44.191231],[4.715477,44.191062],[4.71573,44.190956],[4.715956,44.190883],[4.716433,44.190676],[4.71667,44.190573],[4.717106,44.190352],[4.717328,44.190205],[4.717684,44.190062],[4.718074,44.189978],[4.718398,44.189833],[4.718909,44.189718],[4.719067,44.189612],[4.719303,44.189566],[4.71944,44.189525],[4.719655,44.189494],[4.719842,44.189419],[4.72007,44.189304],[4.720828,44.188772],[4.721607,44.18814],[4.721658,44.188098],[4.721892,44.187952],[4.722189,44.187737],[4.722293,44.187647],[4.722374,44.187546],[4.722471,44.187319],[4.72248,44.187172],[4.722462,44.186819],[4.722301,44.185353],[4.72221,44.184956],[4.72194,44.184084],[4.721852,44.18388],[4.721887,44.18357],[4.721861,44.183387],[4.721801,44.183257],[4.720914,44.182015],[4.720685,44.181654],[4.720353,44.18103],[4.720295,44.180829],[4.720261,44.180633],[4.720191,44.180452],[4.720092,44.18033],[4.720043,44.179615],[4.719959,44.177924],[4.719715,44.177576],[4.719692,44.177083],[4.718011,44.177376],[4.71638,44.176695],[4.71735,44.17522],[4.718033,44.173605],[4.717856,44.171914],[4.715861,44.165947],[4.716332,44.164282],[4.716681,44.162618],[4.717062,44.158439],[4.717744,44.155176],[4.718123,44.152325],[4.718353,44.151302],[4.718742,44.1499],[4.718793,44.149599],[4.718896,44.14927],[4.719007,44.148616],[4.719064,44.147523],[4.719048,44.146679],[4.718986,44.145854],[4.718898,44.145129],[4.718872,44.144649],[4.718809,44.144399],[4.718469,44.143451],[4.718335,44.143183],[4.718026,44.142626],[4.717893,44.142325],[4.717628,44.141862],[4.717448,44.14158],[4.717118,44.141162],[4.716944,44.140906],[4.716733,44.14071],[4.716251,44.140161],[4.715726,44.139621],[4.7151,44.138872],[4.714643,44.138424],[4.71297,44.136651],[4.712605,44.136228],[4.71228,44.135775],[4.711896,44.135184],[4.711659,44.134634],[4.711571,44.134191],[4.711535,44.133711],[4.711549,44.131184],[4.711574,44.130711],[4.711516,44.130009],[4.711538,44.129156],[4.711563,44.128784],[4.711546,44.127889],[4.711603,44.127019],[4.711555,44.126423],[4.711358,44.125284],[4.711274,44.12487],[4.711173,44.124528],[4.711144,44.123984],[4.711149,44.123118],[4.711051,44.122379],[4.711015,44.121971],[4.710963,44.120976],[4.710894,44.120532],[4.710686,44.119523],[4.710457,44.118737],[4.710312,44.118359],[4.710087,44.117925],[4.70965,44.11716],[4.709139,44.116359],[4.708625,44.115675],[4.708133,44.115148],[4.707416,44.114263],[4.707289,44.114104],[4.707226,44.114026],[4.706954,44.113671],[4.706934,44.113646],[4.70688,44.113167],[4.706712,44.112431],[4.706456,44.111253],[4.70615,44.109824],[4.706074,44.107799],[4.706346,44.106371],[4.706467,44.106102],[4.706534,44.105936],[4.706576,44.105832],[4.706652,44.105656],[4.706739,44.105461],[4.706902,44.105076],[4.707276,44.104294],[4.70743,44.10392],[4.707751,44.103339],[4.708616,44.102199],[4.709038,44.101691],[4.709498,44.101251],[4.710054,44.100757],[4.710975,44.100002],[4.711827,44.098811],[4.712547,44.098032],[4.712992,44.097573],[4.713743,44.096937],[4.715196,44.095721],[4.716309,44.094772],[4.717457,44.09375],[4.718069,44.09309],[4.718591,44.092378],[4.719049,44.091612],[4.719342,44.091094],[4.719572,44.090514],[4.719779,44.089762],[4.719864,44.08904],[4.719868,44.088446],[4.719844,44.08751],[4.719821,44.087115],[4.719808,44.086898],[4.719796,44.086815],[4.719726,44.086351],[4.719678,44.086082],[4.719601,44.085696],[4.719549,44.085311],[4.71959,44.084725],[4.719635,44.084291],[4.719673,44.083958],[4.719723,44.083422],[4.720106,44.082441],[4.720467,44.081839],[4.720883,44.081334],[4.721289,44.080903],[4.721901,44.080259],[4.722783,44.079591],[4.723645,44.079022],[4.724726,44.078575],[4.725966,44.078367],[4.726923,44.078284],[4.727967,44.07844],[4.728962,44.078643],[4.730357,44.079116],[4.731327,44.079608],[4.73228,44.080271],[4.73398,44.081457],[4.735344,44.082373],[4.736319,44.08299],[4.737189,44.083465],[4.737865,44.083802],[4.739903,44.084422],[4.74208,44.085093],[4.74427,44.085756],[4.74631,44.086422],[4.747172,44.086708],[4.747486,44.086813],[4.747823,44.086925],[4.747861,44.086938],[4.748113,44.087021],[4.749327,44.087427],[4.750163,44.087696],[4.751465,44.088062],[4.752224,44.088253],[4.753506,44.088448],[4.754393,44.088456],[4.755612,44.08832],[4.756581,44.088181],[4.757412,44.088064],[4.758315,44.087845],[4.759154,44.08761],[4.759942,44.087331],[4.760248,44.087217],[4.760588,44.086992],[4.760788,44.086709],[4.760871,44.086321],[4.76075,44.08553],[4.760575,44.084958],[4.760226,44.083795],[4.759943,44.082766],[4.759745,44.081942],[4.759753,44.081624],[4.759945,44.080419],[4.760345,44.079351],[4.76054,44.07898],[4.757952,44.077285],[4.759657,44.074999],[4.761926,44.075171],[4.763185,44.074783],[4.765425,44.073483],[4.765803,44.073261],[4.766154,44.073111],[4.76655,44.072992],[4.767776,44.072551],[4.768226,44.072369],[4.769127,44.072015],[4.769831,44.071716],[4.771679,44.070698],[4.772321,44.070527],[4.772529,44.070468],[4.773398,44.070345],[4.774502,44.070207],[4.775356,44.07004],[4.776541,44.069764],[4.778523,44.069214],[4.779941,44.068851],[4.782049,44.068289],[4.783343,44.067938],[4.784005,44.067731],[4.785037,44.067388],[4.785826,44.066934],[4.786491,44.06651],[4.787208,44.065904],[4.787583,44.065443],[4.787913,44.065038],[4.788157,44.064379],[4.788444,44.063304],[4.788494,44.062163],[4.788401,44.06132],[4.788094,44.059888],[4.787353,44.056725],[4.787215,44.055378],[4.787244,44.054711],[4.787479,44.053781],[4.787822,44.053074],[4.788778,44.052043],[4.789487,44.051519],[4.793758,44.049116],[4.795686,44.048044],[4.796377,44.047651],[4.796997,44.047253],[4.80777,44.040357],[4.808337,44.039938],[4.80895,44.039446],[4.809618,44.03879],[4.813412,44.035077],[4.814754,44.033706],[4.81554,44.032789],[4.816052,44.032157],[4.81645,44.031464],[4.816694,44.030973],[4.816862,44.030438],[4.817252,44.028892],[4.817348,44.028467],[4.817386,44.028142],[4.817347,44.027783],[4.817199,44.026507],[4.817171,44.026083],[4.817148,44.025805],[4.817171,44.025426],[4.817835,44.021847],[4.817937,44.021242],[4.818079,44.020699],[4.818573,44.018934],[4.818732,44.018507],[4.818834,44.018244],[4.818926,44.018009],[4.819104,44.01778],[4.819355,44.017504],[4.819621,44.017247],[4.819961,44.01698],[4.820509,44.016644],[4.821111,44.016398],[4.821542,44.016264],[4.82236,44.016112],[4.823056,44.016018],[4.823953,44.015991],[4.824238,44.016001],[4.824373,44.016005],[4.824615,44.016013],[4.824701,44.016019],[4.825414,44.016034],[4.825528,44.016042],[4.825753,44.016061],[4.825866,44.016071],[4.826041,44.016089],[4.826442,44.016104],[4.82688,44.016127],[4.827243,44.016143],[4.827632,44.016177],[4.827971,44.016203],[4.828431,44.016172],[4.828878,44.01614],[4.829449,44.016097],[4.830032,44.016035],[4.830665,44.015965],[4.83069,44.015962],[4.831261,44.01591],[4.832043,44.015824],[4.832827,44.015765],[4.833719,44.015657],[4.834473,44.015532],[4.835104,44.015427],[4.835246,44.015397],[4.835696,44.015302],[4.835857,44.015272],[4.836363,44.015174],[4.836499,44.015139],[4.836854,44.015052],[4.837123,44.014966],[4.83722,44.014936],[4.83748,44.014854],[4.838018,44.014666],[4.838578,44.014434],[4.839235,44.014099],[4.839895,44.013646],[4.84041,44.01328],[4.840853,44.012943],[4.841101,44.012719],[4.841275,44.01258],[4.841579,44.012335],[4.841935,44.012009],[4.842181,44.011723],[4.842437,44.011409],[4.842714,44.011005],[4.842952,44.010573],[4.843117,44.010216],[4.843388,44.009653],[4.843597,44.009077],[4.843702,44.008631],[4.843785,44.008069],[4.843919,44.007325],[4.844046,44.006661],[4.844146,44.005981],[4.844248,44.005139],[4.844261,44.004444],[4.844338,44.003611],[4.844319,44.002828],[4.844361,44.002556],[4.844279,44.001756],[4.844207,44.001118],[4.844236,44.000469],[4.844322,43.999779],[4.8445,43.999106],[4.844715,43.998466],[4.844746,43.99839],[4.844991,43.997779],[4.845258,43.997174],[4.845569,43.99664],[4.845203,43.995515],[4.845163,43.995392],[4.84509,43.995163],[4.845061,43.995075],[4.844905,43.9946],[4.844845,43.994413],[4.844831,43.994373],[4.844815,43.994323],[4.844748,43.994126],[4.84472,43.994047],[4.844695,43.993687],[4.844727,43.993272],[4.844891,43.992391],[4.844962,43.992018],[4.844961,43.992011],[4.84495,43.991686],[4.844659,43.990297],[4.844383,43.989308],[4.843589,43.988011],[4.842737,43.98694],[4.841836,43.986319],[4.840903,43.985932],[4.84008,43.985722],[4.839297,43.985529],[4.838543,43.985458],[4.837618,43.985304],[4.836905,43.985177],[4.836153,43.985133],[4.83519,43.985106],[4.834279,43.985086],[4.833382,43.98511],[4.832575,43.985177],[4.831869,43.98524],[4.830993,43.985372],[4.83018,43.985528],[4.829187,43.985773],[4.828452,43.985954],[4.827901,43.9861],[4.82767,43.986167],[4.827192,43.986307],[4.827031,43.986357],[4.826898,43.986399],[4.826715,43.98647],[4.826692,43.986478],[4.826541,43.986544],[4.826462,43.986577],[4.82623,43.986649],[4.826012,43.98673],[4.825892,43.98676],[4.825804,43.986782],[4.825606,43.986817],[4.825285,43.986856],[4.825213,43.986863],[4.824987,43.986886],[4.82473,43.986948],[4.824646,43.986973],[4.824485,43.987021],[4.824372,43.987064],[4.824062,43.987199],[4.823758,43.987336],[4.823501,43.9874],[4.823375,43.987422],[4.823243,43.987446],[4.822959,43.987493],[4.82254,43.987571],[4.82205,43.98768],[4.821908,43.987713],[4.821779,43.987744],[4.821666,43.987787],[4.821513,43.987845],[4.821325,43.987894],[4.821283,43.987904],[4.821157,43.987939],[4.821039,43.987972],[4.82085,43.988028],[4.8207,43.988072],[4.820375,43.988166],[4.820199,43.98821],[4.820048,43.988247],[4.81991,43.988282],[4.819381,43.98841],[4.818879,43.988546],[4.81845,43.988635],[4.818322,43.988657],[4.818202,43.988678],[4.818066,43.988703],[4.817937,43.98872],[4.817796,43.988739],[4.817553,43.988755],[4.81746,43.988762],[4.816888,43.988792],[4.816077,43.988804],[4.8154,43.988748],[4.814731,43.988638],[4.81411,43.988489],[4.813574,43.988312],[4.813546,43.988303],[4.813438,43.988244],[4.813143,43.988083],[4.813126,43.98807],[4.812761,43.987791],[4.812374,43.987445],[4.812004,43.98698],[4.811723,43.986531],[4.811453,43.98591],[4.811221,43.985278],[4.810989,43.984655],[4.810775,43.984122],[4.810559,43.983363],[4.810399,43.982856],[4.810268,43.982239],[4.810122,43.981613],[4.809987,43.980941],[4.809908,43.980376],[4.80985,43.979891],[4.809804,43.979596],[4.809764,43.979399],[4.809747,43.979156],[4.8097,43.97885],[4.809693,43.978599],[4.809674,43.978311],[4.809667,43.978031],[4.809683,43.977751],[4.809716,43.977506],[4.809762,43.977261],[4.809818,43.977016],[4.809911,43.976733],[4.810003,43.976468],[4.810121,43.976193],[4.810264,43.975926],[4.810386,43.975705],[4.810541,43.975429],[4.810709,43.975171],[4.810855,43.97494],[4.811003,43.974745],[4.811137,43.974514],[4.811282,43.974292],[4.811441,43.97407],[4.811611,43.97383],[4.811745,43.973608],[4.811939,43.973366],[4.812123,43.973144],[4.812317,43.972902],[4.812467,43.972707],[4.812568,43.972549],[4.812692,43.97239],[4.812851,43.97216],[4.813307,43.971557],[4.81351,43.971261],[4.813863,43.970788],[4.814081,43.970518],[4.814238,43.970278],[4.814326,43.970103],[4.814458,43.969864],[4.814592,43.969633],[4.814696,43.969368],[4.814767,43.969113],[4.814859,43.968839],[4.814929,43.968593],[4.814983,43.968302],[4.815048,43.967993],[4.815088,43.967703],[4.81512,43.967431],[4.815121,43.967107],[4.815128,43.966854],[4.815119,43.966556],[4.815047,43.966253],[4.814991,43.965984],[4.814894,43.965672],[4.814732,43.965318],[4.814586,43.965043],[4.814387,43.964691],[4.814191,43.9644],[4.814025,43.964163],[4.813805,43.963874],[4.813615,43.963646],[4.813369,43.963375],[4.813142,43.963159],[4.812965,43.962957],[4.812793,43.962811],[4.811932,43.962041],[4.810602,43.961196],[4.809592,43.960688],[4.808179,43.960098],[4.807288,43.959731],[4.806387,43.959439],[4.80516,43.959089],[4.803222,43.958723],[4.801544,43.958349],[4.79987,43.957822],[4.798245,43.957231],[4.796833,43.956454],[4.795432,43.955622],[4.793754,43.954465],[4.793003,43.953767],[4.792696,43.95348],[4.792229,43.952906],[4.791903,43.952399],[4.791635,43.951844],[4.791077,43.950741],[4.790465,43.949624],[4.789962,43.948789],[4.789564,43.948174],[4.788627,43.946921],[4.78648,43.944564],[4.786232,43.944309],[4.785892,43.944002],[4.785093,43.943406],[4.785018,43.94335],[4.782874,43.941748],[4.782628,43.941538],[4.782416,43.9413],[4.782383,43.941103],[4.782337,43.940961],[4.782344,43.94086],[4.782178,43.940756],[4.781377,43.940333],[4.780807,43.940032],[4.780337,43.939079],[4.779735,43.93849],[4.778931,43.937879],[4.777419,43.937059],[4.775495,43.936204],[4.774305,43.935873],[4.773278,43.935762],[4.772926,43.935716],[4.769959,43.934339],[4.769298,43.934032],[4.769123,43.933951],[4.768947,43.933874],[4.768812,43.933827],[4.76878,43.933815],[4.768566,43.933847],[4.768191,43.9339],[4.767568,43.933989],[4.767348,43.934019],[4.766527,43.934131],[4.765211,43.934226],[4.764824,43.934244],[4.764601,43.934276],[4.764295,43.934392],[4.763719,43.934604],[4.762634,43.934838],[4.761466,43.934911],[4.76042,43.934796],[4.759706,43.934702],[4.759128,43.934597],[4.758437,43.934449],[4.757872,43.934317],[4.757711,43.934271],[4.757393,43.934182],[4.75721,43.934139],[4.757138,43.934121],[4.757055,43.934102],[4.756802,43.934041],[4.756411,43.933923],[4.755807,43.933764],[4.755189,43.933615],[4.754761,43.933489],[4.754334,43.933381],[4.753905,43.933263],[4.753352,43.933122],[4.752823,43.932971],[4.752357,43.932853],[4.751904,43.932737],[4.751362,43.932586],[4.750972,43.932495],[4.750518,43.932351],[4.74985,43.932149],[4.748913,43.931762],[4.747921,43.931315],[4.747056,43.930837],[4.746113,43.930316],[4.745064,43.929635],[4.743961,43.928856],[4.743159,43.928143],[4.742418,43.927392],[4.741404,43.926351],[4.740338,43.925265],[4.739284,43.924134],[4.740467,43.921778],[4.740372,43.921034],[4.740309,43.920526],[4.740272,43.920235],[4.740244,43.920009],[4.740246,43.920007],[4.740245,43.91998],[4.740235,43.919755],[4.739298,43.919137],[4.738679,43.918728],[4.738006,43.918258],[4.737495,43.917901],[4.73684,43.917461],[4.736525,43.91725],[4.73637,43.917166],[4.735933,43.916925],[4.735891,43.916902],[4.735439,43.916656],[4.735225,43.91654],[4.733954,43.915594],[4.73312,43.914988],[4.732157,43.914326],[4.731379,43.913745],[4.730592,43.913207],[4.73051,43.91315],[4.729886,43.912645],[4.729287,43.911999],[4.728257,43.910964],[4.727689,43.910404],[4.727195,43.909869],[4.726693,43.909294],[4.726173,43.908751],[4.725663,43.908259],[4.72516,43.907739],[4.724576,43.907176],[4.724067,43.906659],[4.723389,43.906065],[4.72212,43.905396],[4.721003,43.904877],[4.719287,43.904056],[4.718344,43.903701],[4.714416,43.902173],[4.713323,43.901823],[4.711783,43.901415],[4.703729,43.899364],[4.700914,43.898495],[4.699966,43.898179],[4.699229,43.897723],[4.698144,43.897104],[4.698137,43.897099],[4.697983,43.896684],[4.698136,43.896671],[4.699419,43.896598],[4.700355,43.896824],[4.701709,43.896946],[4.703417,43.897064],[4.704906,43.897232],[4.707308,43.897628],[4.708797,43.897812],[4.709333,43.898038],[4.70931,43.897945],[4.709277,43.897809],[4.70927,43.897777],[4.709187,43.89753],[4.70914,43.897366],[4.70897,43.897031],[4.708646,43.896582],[4.708321,43.896249],[4.708115,43.896062],[4.707996,43.895954],[4.707585,43.895673],[4.707524,43.89563],[4.707466,43.895585],[4.707281,43.895582],[4.707073,43.895568],[4.706972,43.895556],[4.706828,43.895541],[4.706696,43.895527],[4.706163,43.895428],[4.705764,43.895326],[4.705619,43.895277],[4.705379,43.895201],[4.705252,43.895148],[4.705118,43.895081],[4.705035,43.895048],[4.704789,43.894922],[4.704425,43.894683],[4.704216,43.894533],[4.704077,43.894426],[4.703939,43.894317],[4.703485,43.893898],[4.702912,43.893367],[4.702375,43.892863],[4.702249,43.892744],[4.701865,43.892374],[4.701407,43.891963],[4.701138,43.891677],[4.701016,43.891532],[4.700869,43.891426],[4.70064,43.891192],[4.700465,43.890981],[4.700337,43.89068],[4.700161,43.890361],[4.700021,43.890104],[4.699911,43.889918],[4.699811,43.889654],[4.69981,43.889651],[4.69969,43.889427],[4.699536,43.889186],[4.699495,43.889088],[4.699407,43.888958],[4.699327,43.888767],[4.698915,43.888717],[4.698363,43.888649],[4.698158,43.888411],[4.6981,43.888344],[4.697851,43.888005],[4.697664,43.887871],[4.697319,43.887624],[4.69694,43.887432],[4.69659,43.887182],[4.696422,43.88718],[4.696146,43.88682],[4.695964,43.886593],[4.695717,43.886322],[4.695472,43.886203],[4.695261,43.886095],[4.694938,43.88597],[4.694539,43.885835],[4.694154,43.885683],[4.693854,43.885495],[4.693556,43.885307],[4.693231,43.884964],[4.693044,43.88474],[4.692996,43.884636],[4.692995,43.884632],[4.692982,43.884622],[4.692895,43.884554],[4.69287,43.884533],[4.692557,43.884354],[4.692297,43.884219],[4.692206,43.884192],[4.692185,43.884185],[4.691811,43.884067],[4.691772,43.884061],[4.691423,43.884009],[4.691214,43.883978],[4.690992,43.883955],[4.690611,43.883914],[4.690457,43.883897],[4.690304,43.883869],[4.689934,43.8838],[4.689709,43.883693],[4.689435,43.883594],[4.689161,43.883486],[4.688937,43.883342],[4.688663,43.883082],[4.688618,43.883045],[4.688597,43.882999],[4.688513,43.882956],[4.68774,43.882894],[4.687724,43.882901],[4.686599,43.882814],[4.685675,43.882641],[4.685411,43.882575],[4.685234,43.882532],[4.684325,43.882326],[4.683335,43.882027],[4.683136,43.881973],[4.682181,43.881679],[4.681187,43.881354],[4.679964,43.880935],[4.677869,43.880237],[4.67666,43.879825],[4.676549,43.879828],[4.676448,43.879807],[4.676051,43.879702],[4.675726,43.879596],[4.675243,43.87925],[4.674952,43.879052],[4.674662,43.878919],[4.673941,43.878656],[4.673371,43.878468],[4.672876,43.878369],[4.672418,43.878268],[4.672079,43.878011],[4.671862,43.87786],[4.671526,43.877806],[4.671039,43.87771],[4.67026,43.877529],[4.669679,43.877296],[4.66951,43.877188],[4.669382,43.877104],[4.669098,43.876972],[4.668849,43.876853],[4.668414,43.876674],[4.668037,43.876554],[4.667474,43.876362],[4.667413,43.87635],[4.667308,43.876291],[4.667238,43.876194],[4.667173,43.876107],[4.66716,43.876089],[4.667119,43.876019],[4.667096,43.875979],[4.666841,43.875941],[4.666579,43.875895],[4.666489,43.875722],[4.666453,43.875657],[4.666343,43.875509],[4.666223,43.875485],[4.665973,43.875436],[4.66563,43.875227],[4.665604,43.87521],[4.665416,43.87504],[4.665317,43.874769],[4.665274,43.874694],[4.665289,43.874499],[4.665401,43.874231],[4.665357,43.874178],[4.665346,43.874106],[4.665346,43.874047],[4.665355,43.873981],[4.665399,43.873817],[4.665411,43.873717],[4.665413,43.873475],[4.665398,43.873401],[4.66529,43.873161],[4.665271,43.873104],[4.665265,43.873006],[4.665279,43.872906],[4.66529,43.87287],[4.665336,43.872522],[4.665445,43.872036],[4.665452,43.871963],[4.665283,43.871862],[4.665207,43.871798],[4.665131,43.871748],[4.664748,43.871508],[4.664305,43.871249],[4.663948,43.871075],[4.663786,43.87098],[4.66236,43.87084],[4.661518,43.873479],[4.661391,43.873875],[4.661355,43.873992],[4.661299,43.874167],[4.661243,43.874343],[4.66122,43.874425],[4.661194,43.874495],[4.661135,43.874684],[4.661069,43.874891],[4.661044,43.87497],[4.66074,43.875918],[4.660545,43.875977],[4.660013,43.875974],[4.659503,43.875869],[4.659057,43.875749],[4.658117,43.875444],[4.657664,43.875267],[4.657421,43.875153],[4.657244,43.875058],[4.657087,43.874986],[4.65693,43.874896],[4.656743,43.874802],[4.656634,43.874702],[4.656523,43.874539],[4.656422,43.874304],[4.656331,43.874038],[4.656183,43.873801],[4.656047,43.873698],[4.655732,43.873571],[4.655549,43.873458],[4.655357,43.873273],[4.655151,43.873103],[4.654875,43.872938],[4.654668,43.872874],[4.6544,43.872738],[4.653522,43.872187],[4.652971,43.871891],[4.652508,43.871611],[4.652331,43.871521],[4.652244,43.87145],[4.652206,43.871385],[4.652195,43.871296],[4.652273,43.87104],[4.652205,43.870955],[4.651701,43.87077],[4.650746,43.870174],[4.650528,43.869799],[4.648511,43.869022],[4.647479,43.868912],[4.645857,43.868673],[4.644419,43.868424],[4.643642,43.868282],[4.64286,43.867897],[4.642076,43.867525],[4.642112,43.866949],[4.642155,43.866552],[4.642117,43.866434],[4.642076,43.866301],[4.642142,43.865911],[4.642151,43.865866],[4.642155,43.865848],[4.642156,43.865841],[4.642163,43.865814],[4.642164,43.865801],[4.642214,43.865544],[4.64232,43.865556],[4.642365,43.865445],[4.642403,43.865396],[4.642558,43.865249],[4.642599,43.865222],[4.642707,43.865149],[4.64293,43.86497],[4.643048,43.864839],[4.643115,43.864755],[4.643158,43.864681],[4.643207,43.864558],[4.643222,43.864498],[4.643239,43.864386],[4.643229,43.864281],[4.643217,43.864189],[4.643194,43.864109],[4.643081,43.863751],[4.643058,43.863573],[4.643054,43.863441],[4.643077,43.863346],[4.643125,43.863275],[4.643226,43.863152],[4.643649,43.862774],[4.643963,43.86252],[4.643991,43.862499],[4.644126,43.862385],[4.644272,43.862274],[4.644466,43.862149],[4.644663,43.862039],[4.645194,43.861799],[4.645417,43.861704],[4.646781,43.861108],[4.646852,43.861082],[4.646893,43.861067],[4.647147,43.860946],[4.647453,43.860766],[4.647594,43.860668],[4.647713,43.860551],[4.647898,43.86029],[4.648057,43.860051],[4.648135,43.859887],[4.648283,43.859533],[4.648337,43.859371],[4.648351,43.859303],[4.648369,43.859057],[4.648379,43.859014],[4.648253,43.858829],[4.64822,43.858756],[4.648175,43.858678],[4.648127,43.858623],[4.64797,43.858379],[4.647912,43.858226],[4.647879,43.858125],[4.647822,43.857879],[4.647795,43.857746],[4.647751,43.85752],[4.647705,43.857378],[4.647614,43.857183],[4.647519,43.857008],[4.647449,43.856895],[4.647386,43.85682],[4.647311,43.856753],[4.647203,43.856686],[4.647068,43.856613],[4.646681,43.856457],[4.646267,43.85628],[4.646171,43.856229],[4.64604,43.856153],[4.645892,43.856037],[4.645217,43.855472],[4.645094,43.855391],[4.644912,43.855274],[4.644725,43.85517],[4.644264,43.854948],[4.644004,43.854827],[4.643822,43.854769],[4.643446,43.85467],[4.643326,43.854648],[4.643241,43.854624],[4.64304,43.854598],[4.642862,43.85422],[4.642742,43.854016],[4.642564,43.853664],[4.642442,43.853426],[4.642362,43.853268],[4.642222,43.852989],[4.642159,43.852866],[4.642043,43.852643],[4.641988,43.852534],[4.641335,43.851245],[4.641256,43.851107],[4.642026,43.850848],[4.642388,43.850728],[4.642698,43.850626],[4.643192,43.850464],[4.64376,43.850279],[4.644019,43.850194],[4.644303,43.850093],[4.644557,43.850003],[4.644791,43.849933],[4.644883,43.849898],[4.644953,43.849884],[4.645008,43.849884],[4.645057,43.849888],[4.645202,43.849944],[4.645366,43.850036],[4.64559,43.850157],[4.646047,43.850398],[4.64616,43.850424],[4.646175,43.850486],[4.646212,43.850525],[4.646722,43.850775],[4.646975,43.850896],[4.647637,43.851201],[4.648291,43.851453],[4.648677,43.85159],[4.649061,43.851717],[4.649648,43.85188],[4.65042,43.852105],[4.650674,43.852175],[4.650985,43.852259],[4.651071,43.852289],[4.651584,43.852423],[4.651638,43.852428],[4.65229,43.852424],[4.653004,43.852392],[4.653059,43.852393],[4.653878,43.852349],[4.654565,43.852295],[4.65519,43.852533],[4.655926,43.852797],[4.656801,43.853059],[4.657473,43.853204],[4.658134,43.853271],[4.658505,43.853294],[4.658798,43.853312],[4.659385,43.8533],[4.659775,43.853275],[4.659904,43.853267],[4.66011,43.853244],[4.660228,43.85323],[4.660522,43.853177],[4.660817,43.853095],[4.661232,43.852941],[4.661344,43.852895],[4.66143,43.852873],[4.661589,43.852835],[4.661957,43.852818],[4.662277,43.852732],[4.662613,43.852605],[4.662984,43.852444],[4.663346,43.852244],[4.663529,43.852136],[4.664006,43.851873],[4.664446,43.851611],[4.664797,43.851381],[4.665285,43.850974],[4.665566,43.850655],[4.665676,43.850492],[4.665709,43.850442],[4.665862,43.850155],[4.665979,43.849884],[4.666012,43.849582],[4.666069,43.84926],[4.666088,43.84915],[4.666186,43.848795],[4.666322,43.84842],[4.666354,43.848209],[4.666403,43.847987],[4.666551,43.847533],[4.666594,43.847402],[4.666667,43.847229],[4.666719,43.847041],[4.666752,43.846841],[4.666761,43.846611],[4.66674,43.846399],[4.666671,43.846033],[4.666573,43.845615],[4.666529,43.845473],[4.666499,43.845372],[4.66646,43.845247],[4.666095,43.844479],[4.665991,43.844327],[4.665862,43.844181],[4.66572,43.844076],[4.665493,43.843936],[4.665042,43.843721],[4.664648,43.843561],[4.664252,43.843378],[4.663534,43.843042],[4.662988,43.842807],[4.662471,43.842573],[4.661819,43.84234],[4.660379,43.84187],[4.659925,43.841738],[4.65947,43.841606],[4.658119,43.841251],[4.657619,43.84114],[4.656792,43.840998],[4.655863,43.840844],[4.654166,43.840552],[4.653735,43.840477],[4.653189,43.84038],[4.652796,43.840296],[4.652394,43.840178],[4.651982,43.840064],[4.651732,43.839961],[4.650986,43.839619],[4.649988,43.839198],[4.64993,43.839168],[4.650996,43.838334],[4.650771,43.838167],[4.65029,43.837926],[4.650076,43.837798],[4.649512,43.837476],[4.649049,43.837224],[4.648443,43.836926],[4.648079,43.836648],[4.647607,43.836409],[4.647115,43.836136],[4.646691,43.835922],[4.64634,43.835707],[4.645699,43.835415],[4.645542,43.835344],[4.644638,43.834414],[4.644366,43.834137],[4.643345,43.833094],[4.642952,43.832263],[4.642939,43.832236],[4.642701,43.831788],[4.642593,43.831623],[4.642555,43.831528],[4.642541,43.831489],[4.642528,43.831453],[4.642425,43.831178],[4.642398,43.831144],[4.642332,43.831064],[4.642372,43.830695],[4.642374,43.830619],[4.642382,43.830301],[4.64246,43.830095],[4.642484,43.830027],[4.642505,43.829974],[4.64262,43.829703],[4.642734,43.829445],[4.64302,43.828821],[4.643724,43.827371],[4.643737,43.827274],[4.643929,43.826834],[4.643982,43.826709],[4.644132,43.826298],[4.644287,43.825907],[4.644466,43.825419],[4.644616,43.825432],[4.644798,43.825503],[4.644959,43.825491],[4.645174,43.825487],[4.645387,43.8255],[4.645608,43.825482],[4.645848,43.825497],[4.646069,43.825535],[4.646177,43.825554],[4.64629,43.825514],[4.646328,43.8255],[4.646667,43.825506],[4.646776,43.825509],[4.64693,43.824969],[4.646962,43.824887],[4.647053,43.824663],[4.647115,43.824516],[4.647176,43.8243],[4.647255,43.824232],[4.647321,43.82418],[4.647662,43.823632],[4.647818,43.823427],[4.647902,43.823287],[4.64793,43.823181],[4.647945,43.823034],[4.647966,43.822849],[4.648019,43.822367],[4.648027,43.822311],[4.648031,43.822291],[4.648051,43.82222],[4.648077,43.822124],[4.648061,43.822047],[4.648068,43.821966],[4.648076,43.821942],[4.648131,43.821873],[4.648215,43.821783],[4.649132,43.820925],[4.649151,43.820813],[4.649238,43.820698],[4.649861,43.820023],[4.650219,43.819664],[4.650428,43.819427],[4.650595,43.819237],[4.650865,43.818902],[4.650905,43.818852],[4.651211,43.818543],[4.651481,43.818235],[4.651559,43.818103],[4.651612,43.818001],[4.651627,43.81787],[4.651622,43.817825],[4.651616,43.81779],[4.651792,43.817448],[4.651836,43.817337],[4.652016,43.816909],[4.652103,43.81671],[4.652154,43.816493],[4.652206,43.816276],[4.652239,43.816135],[4.652313,43.81595],[4.652285,43.815894],[4.652287,43.815849],[4.652296,43.815823],[4.652614,43.815217],[4.652917,43.814546],[4.652965,43.814451],[4.65305,43.814317],[4.653186,43.813861],[4.653314,43.813488],[4.653534,43.812949],[4.653694,43.812449],[4.653821,43.811944],[4.653914,43.811509],[4.654134,43.81064],[4.654161,43.810476],[4.654229,43.810172],[4.654335,43.809565],[4.654347,43.809519],[4.654381,43.809437],[4.654405,43.809401],[4.654448,43.809378],[4.654466,43.809336],[4.654461,43.809128],[4.654498,43.808967],[4.654637,43.808528],[4.654765,43.808295],[4.654892,43.808118],[4.655051,43.807914],[4.655113,43.807797],[4.655236,43.807493],[4.655258,43.807304],[4.655031,43.807207],[4.654967,43.80719],[4.654885,43.807087],[4.654887,43.807044],[4.65485,43.806936],[4.654705,43.806644],[4.65465,43.806532],[4.654605,43.806443],[4.654567,43.806341],[4.654618,43.806264],[4.65451,43.806051],[4.654532,43.805456],[4.654531,43.805424],[4.654522,43.805159],[4.654379,43.805008],[4.654357,43.804835],[4.654364,43.804689],[4.654426,43.804678],[4.654491,43.804653],[4.654538,43.804607],[4.654551,43.804551],[4.654548,43.804437],[4.654519,43.804118],[4.654636,43.804086],[4.654699,43.803922],[4.654843,43.803664],[4.654922,43.803525],[4.65497,43.803496],[4.654989,43.803152],[4.655003,43.803074],[4.655012,43.802805],[4.655002,43.802685],[4.654969,43.802499],[4.65481,43.801814],[4.654769,43.801681],[4.654756,43.801575],[4.654762,43.801503],[4.6547,43.801379],[4.654693,43.80132],[4.654679,43.801212],[4.654635,43.801039],[4.654629,43.800879],[4.654653,43.800599],[4.654656,43.800386],[4.654756,43.800332],[4.65473,43.799862],[4.654672,43.799299],[4.654615,43.798686],[4.654612,43.798578],[4.654621,43.798485],[4.654637,43.798397],[4.654485,43.798161],[4.654362,43.798047],[4.654132,43.797619],[4.654088,43.797607],[4.654037,43.797578],[4.653949,43.797564],[4.65395,43.797347],[4.653912,43.797185],[4.653889,43.797022],[4.653888,43.796751],[4.653779,43.796593],[4.653691,43.796362],[4.653585,43.796258],[4.65357,43.795575],[4.653546,43.795199],[4.65346,43.79496],[4.65332,43.794944],[4.653333,43.794872],[4.653514,43.794675],[4.653475,43.793988],[4.653439,43.793503],[4.653415,43.793299],[4.653411,43.793131],[4.653357,43.792828],[4.65334,43.792475],[4.653311,43.792245],[4.653297,43.791883],[4.653258,43.791588],[4.653245,43.791203],[4.653222,43.790945],[4.653207,43.790391],[4.653174,43.789574],[4.653127,43.789057],[4.652917,43.789035],[4.652789,43.788424],[4.652783,43.788343],[4.652676,43.787946],[4.652575,43.787504],[4.652521,43.787303],[4.652444,43.787226],[4.652386,43.787107],[4.65234,43.787042],[4.652332,43.78702],[4.652309,43.78692],[4.652303,43.78678],[4.652224,43.786495],[4.652145,43.78629],[4.652,43.786002],[4.651963,43.785864],[4.651964,43.785793],[4.652007,43.784867],[4.652007,43.784534],[4.652,43.7843],[4.651961,43.784181],[4.651932,43.784129],[4.651903,43.784077],[4.65185,43.783916],[4.651824,43.783741],[4.651836,43.783635],[4.65165,43.783136],[4.651567,43.782864],[4.65154,43.782734],[4.651541,43.782689],[4.651568,43.782663],[4.651593,43.782623],[4.651572,43.782497],[4.651453,43.782374],[4.65136,43.78226],[4.6513,43.782165],[4.651253,43.782113],[4.6512,43.782097],[4.651033,43.782064],[4.650993,43.782047],[4.650919,43.781926],[4.650835,43.781835],[4.650693,43.781698],[4.65029,43.781357],[4.650112,43.781188],[4.649325,43.780322],[4.649289,43.780209],[4.649281,43.780054],[4.649263,43.780021],[4.649151,43.779939],[4.649074,43.779844],[4.648982,43.779698],[4.648839,43.779509],[4.648562,43.779274],[4.64833,43.779046],[4.648141,43.778906],[4.648023,43.778797],[4.647928,43.778701],[4.64781,43.778544],[4.647747,43.778448],[4.647683,43.778338],[4.647626,43.77827],[4.647547,43.778203],[4.647403,43.778118],[4.647205,43.778017],[4.647154,43.777954],[4.646889,43.777735],[4.645667,43.77683],[4.645379,43.776573],[4.644719,43.776044],[4.644195,43.775577],[4.643458,43.774884],[4.643042,43.774183],[4.64276,43.77393],[4.642039,43.773595],[4.641414,43.773383],[4.64031,43.772789],[4.639721,43.772415],[4.63961,43.771769],[4.639417,43.771389],[4.639052,43.771116],[4.638978,43.771002],[4.638841,43.770887],[4.63875,43.770787],[4.638192,43.770274],[4.638053,43.770166],[4.637812,43.76992],[4.637668,43.7698],[4.637494,43.769671],[4.63735,43.769535],[4.637189,43.7694],[4.637053,43.769275],[4.636641,43.768826],[4.636527,43.768672],[4.636221,43.768414],[4.636082,43.768305],[4.635978,43.768237],[4.63581,43.768087],[4.635579,43.767901],[4.63546,43.767818],[4.635329,43.767756],[4.634911,43.767402],[4.634535,43.767044],[4.634356,43.766913],[4.634228,43.766791],[4.634168,43.766714],[4.63406,43.766609],[4.633927,43.766454],[4.633819,43.766346],[4.633574,43.765965],[4.633548,43.765857],[4.633545,43.7658],[4.633562,43.765709],[4.633565,43.765699],[4.633386,43.765509],[4.63326,43.765339],[4.633132,43.765135],[4.633097,43.765078],[4.633026,43.764949],[4.63297,43.764685],[4.632909,43.764586],[4.632888,43.764552],[4.632799,43.764416],[4.63265,43.764273],[4.632537,43.764129],[4.63215,43.763898],[4.631918,43.76376],[4.631508,43.763508],[4.630821,43.762971],[4.630514,43.762745],[4.630316,43.762579],[4.630137,43.762379],[4.629973,43.762134],[4.629841,43.761878],[4.629789,43.761774],[4.629705,43.761539],[4.629614,43.761225],[4.629548,43.761058],[4.629499,43.760876],[4.629435,43.76072],[4.629324,43.760548],[4.6292,43.760324],[4.629077,43.760061],[4.628951,43.759728],[4.628744,43.759015],[4.628668,43.758789],[4.628576,43.758575],[4.628478,43.758321],[4.628377,43.757989],[4.628338,43.75793],[4.628304,43.757879],[4.628274,43.757802],[4.628267,43.757454],[4.628247,43.757296],[4.628239,43.757238],[4.628084,43.75676],[4.628016,43.756564],[4.627944,43.75608],[4.627929,43.756004],[4.627871,43.755856],[4.627788,43.755715],[4.627764,43.755663],[4.627694,43.7555],[4.627616,43.755273],[4.627589,43.755144],[4.627474,43.754968],[4.627338,43.754599],[4.627074,43.75373],[4.626733,43.752953],[4.626498,43.752334],[4.626356,43.751679],[4.626274,43.751426],[4.626164,43.751123],[4.62612,43.751026],[4.626099,43.750982],[4.625968,43.75069],[4.625929,43.75021],[4.625875,43.749833],[4.625801,43.749448],[4.625742,43.74925],[4.625704,43.749075],[4.625664,43.748995],[4.625629,43.748893],[4.625624,43.748774],[4.625541,43.748647],[4.625033,43.747544],[4.624993,43.747491],[4.624837,43.747098],[4.624661,43.74678],[4.624255,43.745969],[4.624089,43.745609],[4.623819,43.745053],[4.623689,43.744824],[4.623371,43.74432],[4.623134,43.743969],[4.622901,43.743605],[4.622612,43.743081],[4.62088,43.740471],[4.62058,43.740009],[4.620545,43.739958],[4.620335,43.739611],[4.619953,43.739261],[4.618739,43.73777],[4.617991,43.736749],[4.617156,43.735597],[4.616015,43.734054],[4.615216,43.732895],[4.614618,43.731961],[4.614198,43.731215],[4.61377,43.729985],[4.613404,43.728979],[4.613046,43.727999],[4.612708,43.727016],[4.612495,43.726144],[4.612347,43.725338],[4.612302,43.72474],[4.612264,43.724016],[4.612248,43.722701],[4.612182,43.721313],[4.612162,43.720621],[4.612264,43.719705],[4.61239,43.718852],[4.612581,43.717614],[4.612787,43.716332],[4.613018,43.715021],[4.613233,43.713955],[4.613473,43.713263],[4.613824,43.712206],[4.614194,43.710875],[4.61427,43.710646],[4.614505,43.709931],[4.614915,43.708943],[4.615246,43.708231],[4.615497,43.707798],[4.616105,43.706915],[4.616624,43.706192],[4.616888,43.705824],[4.617458,43.705218],[4.618107,43.704501],[4.619324,43.70322],[4.620168,43.702382],[4.621015,43.701577],[4.621763,43.700893],[4.622238,43.700344],[4.622782,43.699735],[4.623333,43.699036],[4.623823,43.698346],[4.624243,43.6977],[4.624713,43.696917],[4.625039,43.696321],[4.625357,43.695738],[4.625502,43.69541],[4.625907,43.694491],[4.626156,43.693949],[4.62628,43.693678],[4.626774,43.692697],[4.627118,43.691938],[4.627424,43.691243],[4.627587,43.690778],[4.627612,43.690724],[4.627751,43.690183],[4.627854,43.689597],[4.627914,43.689256],[4.627947,43.688718],[4.627865,43.688224],[4.627789,43.687946],[4.627738,43.687716],[4.627638,43.687392],[4.627501,43.687076],[4.627406,43.686793],[4.627341,43.686496],[4.627325,43.686254],[4.627318,43.685912],[4.627311,43.685622],[4.627316,43.685395],[4.62707,43.68538],[4.626485,43.685401],[4.626206,43.685412],[4.62605,43.685418],[4.625952,43.685414],[4.625668,43.685403],[4.625084,43.685421],[4.62478,43.685631],[4.624418,43.685884],[4.624385,43.685906],[4.624323,43.685951],[4.623625,43.686457],[4.623298,43.68665],[4.623096,43.686769],[4.623053,43.686779],[4.622214,43.6872],[4.621765,43.687391],[4.621081,43.687667],[4.620279,43.68799],[4.619379,43.688341],[4.618144,43.688639],[4.617624,43.68871],[4.617363,43.688761],[4.616812,43.688773],[4.61641,43.688765],[4.615452,43.688701],[4.615194,43.688673],[4.614913,43.688571],[4.614516,43.688392],[4.614327,43.688309],[4.614258,43.688213],[4.614227,43.688253],[4.614164,43.688323],[4.614088,43.688406],[4.613996,43.688512],[4.613702,43.688839],[4.613472,43.688675],[4.613077,43.688435],[4.612653,43.688201],[4.612194,43.687953],[4.611913,43.687837],[4.611523,43.687675],[4.611075,43.6875],[4.610633,43.687336],[4.610199,43.687176],[4.609731,43.68702],[4.609383,43.686894],[4.609043,43.686809],[4.608611,43.686718],[4.608205,43.686648],[4.607416,43.686516],[4.606913,43.686438],[4.60626,43.686319],[4.605908,43.686259],[4.605641,43.686211],[4.604968,43.686113],[4.604398,43.686037],[4.603891,43.685958],[4.603439,43.685915],[4.60291,43.685855],[4.602464,43.685805],[4.602229,43.685827],[4.601662,43.6859],[4.601241,43.685989],[4.600607,43.686055],[4.600343,43.686071],[4.600026,43.686097],[4.599544,43.686176],[4.598853,43.686286],[4.598283,43.686398],[4.597841,43.686469],[4.597441,43.686545],[4.597011,43.686636],[4.596637,43.686713],[4.596266,43.686781],[4.595824,43.686835],[4.595449,43.686909],[4.594945,43.687028],[4.594409,43.687189],[4.593836,43.687345],[4.59336,43.687481],[4.593001,43.68759],[4.592764,43.687682],[4.592351,43.687857],[4.591807,43.688089],[4.591449,43.688254],[4.590628,43.688763],[4.589427,43.689468],[4.588799,43.689999],[4.587879,43.690774],[4.587105,43.691472],[4.58639,43.692103],[4.585452,43.69302],[4.58475,43.693752],[4.583897,43.694663],[4.583294,43.695321],[4.582529,43.696008],[4.582204,43.696275],[4.582056,43.696362],[4.58148,43.696613],[4.580959,43.696817],[4.580433,43.697019],[4.579767,43.697225],[4.579074,43.697378],[4.578507,43.69751],[4.577902,43.697671],[4.577287,43.697814],[4.57677,43.697925],[4.576305,43.698006],[4.575668,43.698082],[4.575268,43.69813],[4.574884,43.698125],[4.573802,43.698209],[4.572409,43.698271],[4.57114,43.698322],[4.569797,43.698344],[4.568564,43.698376],[4.567253,43.698408],[4.56607,43.698452],[4.565119,43.698503],[4.564228,43.698557],[4.562809,43.698677],[4.56132,43.698824],[4.560275,43.69892],[4.559425,43.699065],[4.55852,43.699305],[4.557338,43.699626],[4.556681,43.699815],[4.555371,43.700208],[4.554459,43.700511],[4.553563,43.70081],[4.552881,43.701112],[4.551893,43.7016],[4.550922,43.702144],[4.550017,43.702578],[4.549145,43.703003],[4.548302,43.703531],[4.547622,43.703983],[4.546976,43.704417],[4.546059,43.704997],[4.545487,43.705362],[4.545322,43.705478],[4.545164,43.70558],[4.544993,43.705758],[4.544825,43.705877],[4.544583,43.706028],[4.544305,43.706143],[4.543515,43.70638],[4.542586,43.706691],[4.541871,43.706977],[4.541409,43.707139],[4.540718,43.707378],[4.540452,43.707456],[4.539667,43.70752],[4.539382,43.707563],[4.539124,43.707568],[4.538609,43.707632],[4.538069,43.70764],[4.537465,43.707627],[4.536984,43.707585],[4.536671,43.707571],[4.536235,43.707543],[4.535792,43.707481],[4.535474,43.707432],[4.535181,43.70737],[4.534872,43.707272],[4.534539,43.707162],[4.534157,43.70706],[4.533793,43.706943],[4.533412,43.706819],[4.533198,43.706723],[4.532908,43.706599],[4.532642,43.706441],[4.532419,43.706312],[4.532062,43.706161],[4.531816,43.706022],[4.531575,43.705908],[4.531311,43.705784],[4.531067,43.705639],[4.530787,43.705495],[4.530488,43.705293],[4.530346,43.705207],[4.530232,43.705125],[4.530018,43.705005],[4.529614,43.704746],[4.529301,43.704543],[4.52894,43.704296],[4.528627,43.704067],[4.528343,43.703866],[4.528101,43.703683],[4.527877,43.703503],[4.527624,43.703299],[4.527367,43.703181],[4.527014,43.702989],[4.526757,43.702878],[4.526141,43.702615],[4.525827,43.702512],[4.525609,43.70244],[4.525367,43.702389],[4.5251,43.702342],[4.524686,43.70231],[4.524433,43.702278],[4.52414,43.70223],[4.523838,43.702184],[4.523427,43.702157],[4.523212,43.70214],[4.522988,43.702125],[4.522739,43.702125],[4.522461,43.702123],[4.522232,43.702135],[4.52188,43.702153],[4.521556,43.702165],[4.521128,43.702191],[4.520676,43.70219],[4.520224,43.702198],[4.519954,43.702221],[4.51965,43.702259],[4.519272,43.702284],[4.51872,43.70233],[4.51825,43.702379],[4.517844,43.702408],[4.517277,43.702428],[4.516844,43.702451],[4.51662,43.702429],[4.516379,43.702427],[4.516054,43.702414],[4.515782,43.702393],[4.515234,43.702417],[4.514867,43.702422],[4.514409,43.702434],[4.513943,43.702439],[4.513509,43.702438],[4.512511,43.702404],[4.511449,43.702421],[4.510991,43.702394],[4.510522,43.702416],[4.510017,43.702414],[4.509596,43.702435],[4.509087,43.702458],[4.508705,43.702468],[4.508315,43.702466],[4.507659,43.702445],[4.507621,43.702442],[4.507282,43.702414],[4.506906,43.702405],[4.506435,43.702412],[4.506034,43.702398],[4.505657,43.702373],[4.505238,43.702364],[4.504909,43.702356],[4.504565,43.702355],[4.504172,43.702323],[4.503746,43.702301],[4.503302,43.702296],[4.502935,43.702278],[4.502556,43.702251],[4.502123,43.702232],[4.501788,43.702205],[4.501273,43.702167],[4.500937,43.702127],[4.500484,43.70208],[4.500146,43.702058],[4.49989,43.702051],[4.499691,43.702031],[4.499418,43.701993],[4.499214,43.701961],[4.498944,43.701919],[4.498753,43.701871],[4.498342,43.701834],[4.497474,43.701768],[4.496365,43.701625],[4.495525,43.701485],[4.494901,43.701318],[4.494215,43.701153],[4.493818,43.701049],[4.493139,43.700867],[4.492297,43.700619],[4.491558,43.700402],[4.491109,43.700257],[4.490597,43.700114],[4.490065,43.699979],[4.489553,43.699859],[4.488946,43.699726],[4.488317,43.699556],[4.487675,43.699382],[4.487121,43.699234],[4.486616,43.69911],[4.486193,43.698933],[4.486027,43.698856],[4.486016,43.698851],[4.485558,43.698626],[4.485263,43.698401],[4.485098,43.698257],[4.485018,43.698157],[4.484408,43.697679],[4.483971,43.697229],[4.483236,43.696464],[4.482858,43.696111],[4.482566,43.695754],[4.481915,43.695053],[4.481358,43.694441],[4.480971,43.693992],[4.480751,43.693726],[4.480363,43.693077],[4.479892,43.692376],[4.47937,43.691741],[4.479076,43.691411],[4.478654,43.690776],[4.478389,43.690324],[4.478214,43.689964],[4.477941,43.689432],[4.477706,43.688932],[4.477418,43.688441],[4.477186,43.688091],[4.476937,43.687742],[4.476864,43.687576],[4.476572,43.687002],[4.476336,43.686525],[4.476173,43.686205],[4.47602,43.685813],[4.475909,43.685481],[4.475864,43.685301],[4.4758,43.685051],[4.475665,43.684483],[4.475641,43.684123],[4.475631,43.683877],[4.47568,43.68343],[4.47572,43.683091],[4.475745,43.682857],[4.475754,43.682781],[4.475837,43.682444],[4.476038,43.681948],[4.47622,43.681544],[4.476474,43.681029],[4.476691,43.680674],[4.476869,43.680336],[4.477042,43.680005],[4.477269,43.679579],[4.477513,43.679125],[4.477669,43.678802],[4.477849,43.678456],[4.477942,43.678158],[4.478072,43.67785],[4.478177,43.677522],[4.47829,43.677186],[4.478377,43.677009],[4.478477,43.676814],[4.478546,43.676607],[4.478588,43.676428],[4.478592,43.676413],[4.478652,43.676087],[4.478662,43.675728],[4.478671,43.675421],[4.478642,43.675116],[4.478619,43.67483],[4.478535,43.674534],[4.478414,43.674199],[4.478258,43.673888],[4.47809,43.67358],[4.477864,43.673174],[4.477646,43.672844],[4.477396,43.672553],[4.477152,43.672316],[4.47686,43.672068],[4.476599,43.671878],[4.476305,43.671658],[4.476072,43.671498],[4.475808,43.671329],[4.475529,43.671196],[4.475314,43.671096],[4.475059,43.670983],[4.474387,43.670757],[4.473505,43.670496],[4.472787,43.670317],[4.471988,43.670138],[4.471102,43.669944],[4.470359,43.669786],[4.469662,43.669652],[4.469157,43.669549],[4.468916,43.669514],[4.467801,43.669403],[4.467064,43.669349],[4.466561,43.669282],[4.465803,43.669236],[4.465084,43.669197],[4.46454,43.669166],[4.464156,43.669157],[4.463653,43.669038],[4.462867,43.668966],[4.459069,43.668387],[4.458588,43.668231],[4.457882,43.668037],[4.457258,43.667772],[4.456636,43.667535],[4.456098,43.667339],[4.455724,43.667248],[4.455338,43.667099],[4.454934,43.6669],[4.454611,43.666711],[4.454339,43.666526],[4.454127,43.666422],[4.453814,43.666287],[4.453503,43.666124],[4.453201,43.665946],[4.452938,43.66573],[4.452784,43.665527],[4.452761,43.665498],[4.45244,43.665293],[4.452018,43.665025],[4.451719,43.664791],[4.451458,43.664581],[4.451229,43.664324],[4.450943,43.66407],[4.450804,43.663894],[4.450716,43.663665],[4.450448,43.663224],[4.45021,43.662913],[4.450148,43.662832],[4.44979,43.662255],[4.44952,43.661788],[4.448711,43.660462],[4.447025,43.658693],[4.444605,43.654445],[4.443852,43.65312],[4.443191,43.652477],[4.440559,43.648886],[4.440379,43.64838],[4.439997,43.647673],[4.439328,43.646705],[4.438083,43.643955],[4.437182,43.642049],[4.43703,43.641311],[4.436818,43.64022],[4.436762,43.640009],[4.436601,43.639153],[4.436472,43.638703],[4.436145,43.63795],[4.435849,43.637038],[4.435295,43.635591],[4.435125,43.634957],[4.434728,43.634086],[4.434375,43.633614],[4.433825,43.632833],[4.433256,43.631901],[4.432765,43.631147],[4.43214,43.630369],[4.431238,43.629529],[4.430267,43.628823],[4.429399,43.628197],[4.428541,43.627593],[4.427766,43.627054],[4.427377,43.626645],[4.427014,43.626131],[4.426609,43.625531],[4.426308,43.625001],[4.426228,43.624425],[4.426196,43.623848],[4.426199,43.623153],[4.426215,43.622765],[4.426353,43.622288],[4.426548,43.621839],[4.42687,43.621303],[4.427597,43.620347],[4.42821,43.619694],[4.429104,43.618794],[4.429701,43.618142],[4.430677,43.617244],[4.431561,43.616521],[4.432469,43.615768],[4.433301,43.615162],[4.434138,43.614569],[4.434814,43.614073],[4.435375,43.613674],[4.435936,43.613258],[4.436455,43.612855],[4.437176,43.612276],[4.43768,43.611885],[4.438186,43.611556],[4.438539,43.611382],[4.439089,43.611135],[4.439899,43.610768],[4.440633,43.610552],[4.441935,43.610234],[4.44292,43.610044],[4.443706,43.609961],[4.44459,43.609947],[4.44567,43.610028],[4.44575,43.610034],[4.446824,43.610111],[4.447953,43.610262],[4.448915,43.610396],[4.449867,43.610523],[4.450711,43.610648],[4.45111,43.610707],[4.452234,43.610966],[4.452791,43.611086],[4.453905,43.611306],[4.45493,43.611569],[4.455858,43.611868],[4.456778,43.612199],[4.457415,43.612459],[4.458172,43.61285],[4.458928,43.613204],[4.459462,43.613503],[4.460351,43.613989],[4.460946,43.614312],[4.461639,43.614643],[4.462393,43.614956],[4.463196,43.615187],[4.464012,43.615366],[4.464489,43.61542],[4.464773,43.615404],[4.465287,43.615381],[4.466055,43.615306],[4.466761,43.615199],[4.467412,43.615028],[4.468301,43.614776],[4.469004,43.61447],[4.469608,43.614119],[4.470383,43.613599],[4.470864,43.613237],[4.471848,43.61248],[4.47254,43.611866],[4.473134,43.611264],[4.473702,43.610643],[4.474145,43.610172],[4.474673,43.609376],[4.474812,43.609042],[4.475085,43.608394],[4.475199,43.607762],[4.475254,43.607235],[4.475222,43.606824],[4.475138,43.60639],[4.474962,43.605636],[4.474743,43.605035],[4.474487,43.604473],[4.474143,43.604006],[4.473691,43.603526],[4.473242,43.60316],[4.472857,43.602915],[4.472384,43.602679],[4.471327,43.602096],[4.4702,43.601407],[4.469384,43.600965],[4.468699,43.600513],[4.467706,43.599707],[4.466944,43.598907],[4.466384,43.598267],[4.465813,43.597524],[4.465621,43.597219],[4.465316,43.596546],[4.464788,43.59553],[4.464362,43.594671],[4.463839,43.593764],[4.463413,43.592976],[4.462904,43.592097],[4.462312,43.591175],[4.461925,43.590595],[4.461427,43.590041],[4.460909,43.589512],[4.460327,43.588943],[4.459491,43.588247],[4.458547,43.587561],[4.457632,43.586967],[4.456357,43.5862],[4.45531,43.585594],[4.454427,43.585142],[4.45334,43.584673],[4.452484,43.584282],[4.452154,43.584189],[4.451561,43.584028],[4.450821,43.583846],[4.449737,43.583601],[4.448904,43.583449],[4.447957,43.58328],[4.446767,43.583099],[4.445956,43.58305],[4.4452,43.583081],[4.44432,43.58315],[4.443391,43.58324],[4.442516,43.583335],[4.441892,43.583473],[4.440872,43.583639],[4.439929,43.583842],[4.438945,43.584059],[4.438079,43.584336],[4.437296,43.584601],[4.436389,43.584797],[4.435934,43.584957],[4.435879,43.58497],[4.435528,43.585059],[4.435069,43.585186],[4.434311,43.585334],[4.433668,43.585403],[4.432918,43.585514],[4.432617,43.585567],[4.432107,43.585651],[4.431592,43.585739],[4.430961,43.585802],[4.4303,43.585803],[4.429619,43.585766],[4.428821,43.585727],[4.42799,43.585691],[4.427288,43.585622],[4.426535,43.585515],[4.426141,43.585434],[4.425452,43.58524],[4.424734,43.584976],[4.423977,43.584668],[4.423201,43.584326],[4.422654,43.584],[4.42187,43.58351],[4.421063,43.583164],[4.420157,43.582767],[4.419361,43.582309],[4.418406,43.581771],[4.417505,43.581197],[4.416582,43.580578],[4.415823,43.580149],[4.415142,43.579763],[4.414058,43.579201],[4.412978,43.578644],[4.411723,43.578085],[4.410525,43.577582],[4.409585,43.577117],[4.408794,43.57672],[4.408,43.576301],[4.407107,43.575896],[4.406116,43.575334],[4.405261,43.574858],[4.404418,43.574379],[4.403546,43.573745],[4.403123,43.573388],[4.402976,43.573188],[4.402894,43.572919],[4.402833,43.572564],[4.402941,43.572413],[4.403203,43.572255],[4.40365,43.57213],[4.404253,43.572073],[4.404792,43.572013],[4.405332,43.572002],[4.405927,43.572001],[4.406331,43.572062],[4.406698,43.572249],[4.407455,43.572479],[4.407955,43.57257],[4.408522,43.572626],[4.409119,43.572696],[4.409762,43.572779],[4.410534,43.572848],[4.411249,43.572886],[4.411899,43.572941],[4.412588,43.572958],[4.41326,43.572932],[4.413854,43.572867],[4.41444,43.572793],[4.415143,43.572612],[4.415491,43.572462],[4.415902,43.572175],[4.416209,43.571901],[4.416546,43.571537],[4.416732,43.571101],[4.416755,43.570738],[4.416746,43.570159],[4.416754,43.569609],[4.416708,43.569068],[4.416609,43.568529],[4.416429,43.567999],[4.416253,43.567525],[4.415951,43.566911],[4.415572,43.566377],[4.415145,43.565797],[4.414599,43.565257],[4.414233,43.564963],[4.413946,43.564663],[4.413486,43.56428],[4.412905,43.563792],[4.412243,43.563286],[4.411526,43.562687],[4.410925,43.562192],[4.410171,43.561656],[4.409403,43.561192],[4.408784,43.560819],[4.408046,43.560484],[4.407562,43.560247],[4.407083,43.560012],[4.40663,43.559919],[4.405953,43.559573],[4.404882,43.559351],[4.403895,43.559272],[4.403311,43.559253],[4.401747,43.559417],[4.400848,43.559541],[4.400547,43.559617],[4.400322,43.559676],[4.399757,43.559879],[4.399401,43.560012],[4.39883,43.560253],[4.398743,43.56029],[4.398011,43.560536],[4.397308,43.560672],[4.3964,43.560836],[4.395344,43.561007],[4.394571,43.561169],[4.393814,43.561389],[4.392743,43.561684],[4.391517,43.56204],[4.390734,43.562223],[4.390036,43.562361],[4.389287,43.5625],[4.388768,43.562548],[4.388456,43.562525],[4.388065,43.562489],[4.387707,43.562427],[4.387418,43.562308],[4.387243,43.562099],[4.387127,43.561836],[4.387126,43.56144],[4.387118,43.561026],[4.387115,43.560642],[4.387048,43.560265],[4.387005,43.560011],[4.387014,43.560012],[4.387004,43.559951],[4.386896,43.559546],[4.386696,43.55889],[4.386406,43.558047],[4.386147,43.557518],[4.385875,43.557053],[4.38553,43.556517],[4.385158,43.55598],[4.384715,43.555498],[4.384245,43.555008],[4.383853,43.554598],[4.383335,43.554154],[4.382792,43.553719],[4.382414,43.553426],[4.382088,43.553231],[4.381812,43.553072],[4.381524,43.552931],[4.380922,43.552596],[4.380209,43.552297],[4.37991,43.552174],[4.379634,43.552088],[4.379123,43.551949],[4.378402,43.551769],[4.377667,43.551578],[4.37693,43.551335],[4.376144,43.551064],[4.375331,43.550731],[4.374631,43.550441],[4.37378,43.550091],[4.372517,43.549539],[4.370943,43.548889],[4.369432,43.548321],[4.368172,43.54792],[4.366813,43.54753],[4.365742,43.547291],[4.365046,43.547155],[4.364375,43.54708],[4.363741,43.547007],[4.362364,43.546923],[4.360017,43.546928],[4.358362,43.54705],[4.355112,43.54726],[4.353628,43.547335],[4.352388,43.547291],[4.351792,43.547201],[4.351319,43.547117],[4.350933,43.547014],[4.350707,43.546919],[4.350518,43.546778],[4.35034,43.546637],[4.350187,43.546468],[4.350127,43.546388],[4.350059,43.546298],[4.349929,43.546084],[4.34988,43.545957],[4.349796,43.545744],[4.349556,43.545117],[4.349186,43.543861],[4.348916,43.542587],[4.347932,43.54233],[4.347801,43.542297],[4.347409,43.542194],[4.347347,43.542177],[4.347293,43.542139],[4.346764,43.541761],[4.345864,43.541116],[4.345224,43.540659],[4.345068,43.540567],[4.344055,43.53997],[4.343111,43.539415],[4.342419,43.539007],[4.34208,43.538843],[4.341089,43.538362],[4.34,43.537834],[4.338992,43.537344],[4.33838,43.537048],[4.337861,43.536834],[4.337794,43.536806],[4.336376,43.536223],[4.335951,43.536048],[4.335898,43.536092],[4.335717,43.536242],[4.335687,43.536265],[4.335659,43.536289],[4.335595,43.536341],[4.335033,43.535927],[4.334311,43.535394],[4.334211,43.535397],[4.333865,43.535412],[4.333166,43.53544],[4.332552,43.535464],[4.331997,43.535576],[4.331866,43.535605],[4.331426,43.535761],[4.330583,43.536223],[4.330414,43.536327],[4.32972,43.536658],[4.329571,43.536743],[4.329343,43.536872],[4.328107,43.537573],[4.327302,43.538031],[4.326947,43.538271],[4.326429,43.538597],[4.326268,43.538645],[4.326183,43.538691],[4.326036,43.538784],[4.325866,43.538912],[4.325392,43.539215],[4.323117,43.540337],[4.322178,43.540818],[4.321772,43.540975],[4.321465,43.54112],[4.321331,43.541211],[4.320987,43.541414],[4.320673,43.541573],[4.319878,43.541974],[4.319265,43.542323],[4.318615,43.542678],[4.318046,43.543012],[4.317909,43.543119],[4.317779,43.543221],[4.317529,43.543451],[4.31721,43.543656],[4.316738,43.543962],[4.316651,43.54403],[4.316524,43.544129],[4.316285,43.544472],[4.316256,43.544513],[4.315956,43.545127],[4.31589,43.54532],[4.31578,43.545736],[4.315742,43.54599],[4.315729,43.546537],[4.31575,43.546858],[4.315777,43.546996],[4.315863,43.547228],[4.315934,43.547428],[4.31606,43.547681],[4.3162,43.547901],[4.31646,43.548165],[4.316652,43.548342],[4.317013,43.548679],[4.317231,43.548855],[4.317714,43.549204],[4.31848,43.549674],[4.319069,43.549991],[4.319112,43.550003],[4.321106,43.551049],[4.321496,43.551283],[4.321688,43.551405],[4.322359,43.55197],[4.322518,43.552143],[4.322557,43.552184],[4.322821,43.552574],[4.322917,43.55275],[4.322986,43.55296],[4.32301,43.553041],[4.323049,43.553281],[4.323052,43.553629],[4.323006,43.553844],[4.322934,43.554084],[4.322833,43.554252],[4.322816,43.554299],[4.322561,43.554616],[4.322505,43.554685],[4.322163,43.555018],[4.321875,43.555323],[4.321827,43.555356],[4.321711,43.555461],[4.321707,43.555498],[4.321604,43.555562],[4.321403,43.555739],[4.32055,43.556276],[4.320093,43.55655],[4.319242,43.557021],[4.318764,43.557192],[4.318487,43.557279],[4.318449,43.557291],[4.318395,43.557196],[4.31816,43.557027],[4.317641,43.556793],[4.316928,43.556555],[4.316651,43.556473],[4.315871,43.556243],[4.315625,43.55617],[4.314664,43.555842],[4.314537,43.555779],[4.314449,43.555767],[4.314338,43.555762],[4.313896,43.555618],[4.313996,43.555407],[4.31411,43.555253],[4.314213,43.555153],[4.314307,43.555088],[4.31439,43.555031],[4.314803,43.554824],[4.31521,43.554602],[4.315551,43.554428],[4.31665,43.55381],[4.316734,43.553763],[4.317034,43.553577],[4.317146,43.55343],[4.317244,43.553251],[4.317296,43.553074],[4.317282,43.552853],[4.317277,43.552798],[4.317198,43.552438],[4.317141,43.552222],[4.31707,43.552035],[4.317029,43.551966],[4.316651,43.551656],[4.316432,43.551508],[4.316202,43.551383],[4.315984,43.551278],[4.315857,43.551224],[4.315682,43.55117],[4.315533,43.55113],[4.315263,43.551078],[4.314998,43.551023],[4.314765,43.551],[4.314532,43.550992],[4.314289,43.550992],[4.314111,43.551001],[4.313933,43.551017],[4.313767,43.551058],[4.313584,43.551124],[4.313438,43.551178],[4.313302,43.551214],[4.313089,43.55127],[4.312871,43.551317],[4.312734,43.551341],[4.312574,43.551365],[4.312242,43.551389],[4.312045,43.551397],[4.311878,43.551391],[4.311717,43.55138],[4.31146,43.551337],[4.311284,43.551276],[4.311138,43.551161],[4.310972,43.550999],[4.310744,43.550779],[4.310368,43.550404],[4.309974,43.55003],[4.309618,43.549687],[4.309285,43.549333],[4.30889,43.548915],[4.308612,43.548606],[4.308346,43.548321],[4.308141,43.548072],[4.307942,43.547816],[4.307897,43.547735],[4.307771,43.547498],[4.307725,43.54735],[4.307677,43.547151],[4.307668,43.54707],[4.307654,43.546684],[4.307662,43.546367],[4.307675,43.546184],[4.307693,43.546048],[4.307723,43.545828],[4.30776,43.545709],[4.307778,43.545633],[4.307801,43.545532],[4.307821,43.545468],[4.307833,43.545419],[4.307907,43.545275],[4.307996,43.545099],[4.30807,43.544992],[4.308167,43.544873],[4.308443,43.544539],[4.308729,43.544222],[4.309012,43.543919],[4.309132,43.543784],[4.309242,43.543669],[4.30946,43.543436],[4.309661,43.543216],[4.310145,43.542701],[4.310299,43.542506],[4.310517,43.542242],[4.310804,43.541899],[4.311119,43.54152],[4.311359,43.541241],[4.311635,43.540912],[4.311955,43.540525],[4.312327,43.54008],[4.312568,43.539789],[4.312855,43.539429],[4.313084,43.539147],[4.313305,43.53883],[4.313419,43.538681],[4.313527,43.538518],[4.313756,43.538207],[4.313987,43.537877],[4.314233,43.537533],[4.314369,43.537331],[4.314597,43.537012],[4.314887,43.536595],[4.315137,43.536245],[4.315286,43.536035],[4.315477,43.535754],[4.31578,43.535313],[4.316013,43.534989],[4.316315,43.534568],[4.316441,43.534423],[4.31665,43.534186],[4.31699,43.533822],[4.317694,43.533109],[4.318253,43.532632],[4.318784,43.532335],[4.31958,43.531958],[4.321081,43.531239],[4.321992,43.530807],[4.322275,43.530664],[4.322404,43.530598],[4.322447,43.530568],[4.322487,43.530529],[4.322688,43.530379],[4.322721,43.530341],[4.322807,43.530228],[4.322982,43.529986],[4.323343,43.529519],[4.323605,43.529156],[4.32382,43.528886],[4.324008,43.528701],[4.324123,43.528606],[4.324578,43.528314],[4.324691,43.528239],[4.324475,43.528081],[4.32312,43.527065],[4.32202,43.526287],[4.321092,43.525819],[4.320403,43.525477],[4.320087,43.525362],[4.319407,43.525199],[4.318474,43.525016],[4.317091,43.52476],[4.316911,43.524736],[4.31665,43.524706],[4.316197,43.524652],[4.315909,43.524624],[4.315547,43.524597],[4.315321,43.524582],[4.314915,43.524578],[4.314613,43.524584],[4.314282,43.524606],[4.313983,43.524654],[4.313707,43.524703],[4.313047,43.524808],[4.312464,43.524922],[4.311903,43.525025],[4.311559,43.525083],[4.311258,43.525115],[4.311034,43.525147],[4.310808,43.525167],[4.310423,43.525174],[4.310174,43.525146],[4.309924,43.52509],[4.30965,43.525002],[4.309528,43.524948],[4.309245,43.524801],[4.309053,43.524683],[4.308876,43.524543],[4.308681,43.524356],[4.308508,43.524169],[4.308361,43.524001],[4.308196,43.523797],[4.307898,43.523429],[4.307679,43.523209],[4.307577,43.523074],[4.307327,43.522774],[4.307091,43.522477],[4.306943,43.522331],[4.306679,43.522079],[4.30642,43.521804],[4.30622,43.521626],[4.30587,43.521328],[4.305717,43.521211],[4.305532,43.521093],[4.305256,43.520945],[4.305095,43.520844],[4.304732,43.520598],[4.304472,43.520389],[4.304146,43.520142],[4.303838,43.519915],[4.303233,43.519383],[4.303,43.519195],[4.302635,43.518857],[4.302364,43.518631],[4.302072,43.51836],[4.301768,43.518091],[4.301543,43.517914],[4.30102,43.517543],[4.300288,43.517045],[4.299741,43.516655],[4.29921,43.516306],[4.298926,43.51613],[4.298511,43.515896],[4.298135,43.515641],[4.297826,43.515399],[4.297502,43.515174],[4.297127,43.514999],[4.29694,43.51492],[4.296495,43.514717],[4.296109,43.514595],[4.295591,43.51444],[4.295223,43.514345],[4.295009,43.514316],[4.294537,43.514194],[4.294088,43.514124],[4.292823,43.513963],[4.292355,43.51393],[4.292008,43.513902],[4.291325,43.513818],[4.290867,43.513773],[4.290456,43.513739],[4.290202,43.513702],[4.289819,43.513655],[4.289153,43.513557],[4.288694,43.513484],[4.288384,43.513421],[4.288111,43.513344],[4.287621,43.513194],[4.287309,43.513084],[4.286629,43.512823],[4.286232,43.512654],[4.28525,43.51227],[4.284342,43.511936],[4.283726,43.51171],[4.283653,43.511684],[4.282945,43.511417],[4.281859,43.511012],[4.280746,43.51063],[4.279331,43.510138],[4.278322,43.509773],[4.277686,43.50955],[4.277173,43.509388],[4.276721,43.509224],[4.276073,43.50901],[4.275609,43.508865],[4.274887,43.508688],[4.274187,43.508484],[4.27324,43.508238],[4.272605,43.508115],[4.271809,43.508001],[4.271126,43.50795],[4.270248,43.507911],[4.268974,43.507923],[4.267975,43.507934],[4.267601,43.507936],[4.266687,43.507971],[4.266032,43.507982],[4.264784,43.508057],[4.264427,43.508081],[4.263808,43.508081],[4.263622,43.508128],[4.26346,43.508167],[4.263039,43.508192],[4.262811,43.508163],[4.262662,43.50816],[4.261952,43.508135],[4.261415,43.508125],[4.261023,43.508102],[4.26071,43.508085],[4.260544,43.508017],[4.260433,43.508022],[4.259981,43.507948],[4.259707,43.507889],[4.259222,43.50778],[4.25897,43.507694],[4.258585,43.50752],[4.258449,43.50746],[4.257739,43.507048],[4.257108,43.506654],[4.256364,43.506198],[4.255632,43.505751],[4.255292,43.505568],[4.255021,43.505425],[4.254962,43.505393],[4.254907,43.505367],[4.254449,43.505141],[4.253799,43.5049],[4.252734,43.504467],[4.251719,43.504043],[4.250755,43.503699],[4.249603,43.503248],[4.247013,43.502274],[4.246776,43.502207],[4.246148,43.501947],[4.245836,43.501835],[4.245252,43.501781],[4.244917,43.501733],[4.244356,43.501553],[4.244192,43.501448],[4.244033,43.501371],[4.243886,43.5013],[4.243722,43.501203],[4.243567,43.501119],[4.243323,43.500986],[4.242441,43.500478],[4.241486,43.499953],[4.241071,43.499762],[4.240381,43.499476],[4.239743,43.499199],[4.23954,43.499048],[4.239333,43.498765],[4.239226,43.498613],[4.239127,43.498518],[4.238787,43.498046],[4.23874,43.498007],[4.238434,43.497672],[4.238385,43.497611],[4.238166,43.497393],[4.238093,43.49729],[4.238031,43.497075],[4.237979,43.496613],[4.237966,43.496263],[4.238137,43.495909],[4.238211,43.495733],[4.238365,43.495482],[4.238732,43.495021],[4.23908,43.494592],[4.239251,43.494295],[4.239458,43.493868],[4.239453,43.493663],[4.239386,43.493474],[4.238518,43.492091],[4.238325,43.491759],[4.238264,43.491658],[4.237605,43.490584],[4.236863,43.489361],[4.236313,43.488477],[4.236141,43.488145],[4.235574,43.487349],[4.235319,43.486929],[4.234388,43.485437],[4.233647,43.48425],[4.233053,43.483251],[4.232271,43.482028],[4.231741,43.481201],[4.23134,43.480588],[4.230966,43.479963],[4.230722,43.479527],[4.230692,43.479354],[4.230616,43.479198],[4.230597,43.479052],[4.230551,43.479022],[4.230496,43.478818],[4.230469,43.47875],[4.230417,43.478612],[4.230394,43.47846],[4.230445,43.478203],[4.230661,43.477695],[4.230873,43.477189],[4.230964,43.477018],[4.231008,43.47691],[4.231135,43.476668],[4.231389,43.476249],[4.231698,43.475639],[4.231854,43.475274],[4.231884,43.475103],[4.231856,43.474455],[4.231805,43.474113],[4.231582,43.473237],[4.231396,43.472034],[4.231174,43.470904],[4.231058,43.469637],[4.230847,43.468462],[4.230526,43.46612],[4.23028,43.463722],[4.230279,43.462972],[4.230279,43.46285],[4.230277,43.462712],[4.230276,43.461501],[4.230243,43.461426],[4.230219,43.460701],[4.230213,43.460486],[4.230192,43.460493],[4.230014,43.460515],[4.229832,43.4605],[4.229765,43.460475],[4.229713,43.460389],[4.229675,43.460213],[4.229649,43.460163],[4.229605,43.460157],[4.229574,43.460205],[4.2296,43.4604],[4.229586,43.460516],[4.229577,43.460617],[4.229604,43.460705],[4.229697,43.461014],[4.229608,43.461045],[4.229501,43.461083],[4.229391,43.461124],[4.229248,43.461163],[4.229091,43.461192],[4.228802,43.461222],[4.228331,43.461237],[4.228201,43.460612],[4.228185,43.460543],[4.22817,43.4605],[4.228153,43.460487],[4.22814,43.460481],[4.228121,43.460475],[4.228107,43.460478],[4.228086,43.460492],[4.228158,43.460859],[4.228234,43.461215],[4.227985,43.461263],[4.227767,43.461324],[4.227553,43.461359],[4.227313,43.461365],[4.226984,43.461356],[4.226826,43.461342],[4.226798,43.46121],[4.226685,43.460663],[4.226656,43.460637],[4.226628,43.460629],[4.226602,43.460631],[4.226587,43.460645],[4.226588,43.460671],[4.226755,43.461337],[4.226528,43.461375],[4.226438,43.461392],[4.22627,43.461435],[4.226095,43.461462],[4.225901,43.461476],[4.225726,43.461484],[4.22554,43.461495],[4.225376,43.461518],[4.225171,43.460738],[4.225152,43.460719],[4.225111,43.460706],[4.225087,43.460711],[4.225081,43.460721],[4.22508,43.460733],[4.22528,43.461417],[4.225163,43.461456],[4.22491,43.461531],[4.224767,43.461575],[4.22445,43.461596],[4.224273,43.461609],[4.223941,43.461593],[4.223889,43.461587],[4.223866,43.461571],[4.223739,43.460996],[4.223735,43.460987],[4.223708,43.460852],[4.223687,43.460827],[4.223674,43.460819],[4.223662,43.460818],[4.223632,43.460824],[4.223614,43.460847],[4.223774,43.46155],[4.223585,43.461615],[4.223275,43.461716],[4.223015,43.461787],[4.222769,43.461827],[4.22256,43.461836],[4.222434,43.461824],[4.222289,43.461358],[4.222205,43.461082],[4.222189,43.461059],[4.222176,43.461051],[4.222156,43.46104],[4.222128,43.461053],[4.222126,43.461065],[4.222128,43.461082],[4.222335,43.461764],[4.222277,43.461797],[4.222117,43.461845],[4.221913,43.461904],[4.221736,43.461944],[4.221386,43.461987],[4.220975,43.462017],[4.220838,43.461615],[4.220741,43.461336],[4.220715,43.461327],[4.220689,43.461334],[4.220686,43.461358],[4.220721,43.461455],[4.220911,43.462009],[4.220769,43.462033],[4.220568,43.46209],[4.220311,43.46217],[4.220071,43.46223],[4.219903,43.462253],[4.219686,43.462251],[4.219589,43.462238],[4.219556,43.462218],[4.219491,43.462083],[4.219375,43.461767],[4.219342,43.461643],[4.219316,43.461608],[4.219297,43.461577],[4.219271,43.461564],[4.219236,43.461571],[4.219219,43.461603],[4.219226,43.461644],[4.219446,43.462195],[4.219432,43.462226],[4.219386,43.46226],[4.21935,43.462278],[4.219173,43.462355],[4.218878,43.462432],[4.218638,43.462472],[4.218361,43.462471],[4.218209,43.462481],[4.218107,43.462466],[4.218073,43.46245],[4.217951,43.462162],[4.217807,43.461815],[4.21777,43.461798],[4.217741,43.461806],[4.217735,43.461818],[4.217726,43.461836],[4.217928,43.46226],[4.217968,43.462384],[4.217969,43.462437],[4.217962,43.462472],[4.217941,43.462514],[4.217913,43.462531],[4.21772,43.462568],[4.217397,43.462634],[4.217163,43.462665],[4.216886,43.462685],[4.216631,43.462689],[4.216439,43.462053],[4.21641,43.462017],[4.216387,43.462015],[4.216372,43.462042],[4.216373,43.462075],[4.216549,43.462701],[4.216435,43.462758],[4.216131,43.462836],[4.215946,43.462871],[4.215692,43.462887],[4.215429,43.462881],[4.215184,43.46289],[4.214982,43.46231],[4.214951,43.462214],[4.214949,43.462211],[4.214926,43.462185],[4.214895,43.462174],[4.214858,43.462187],[4.214863,43.462231],[4.2151,43.462893],[4.214987,43.462921],[4.214759,43.462974],[4.214572,43.463017],[4.2144,43.463065],[4.214109,43.463098],[4.213718,43.463147],[4.213608,43.46285],[4.213422,43.462449],[4.213399,43.462408],[4.213363,43.462396],[4.213315,43.462406],[4.213294,43.462419],[4.213293,43.462444],[4.213569,43.463036],[4.213518,43.463062],[4.213466,43.46309],[4.21334,43.463132],[4.213191,43.463174],[4.213032,43.463218],[4.212855,43.463246],[4.212414,43.46327],[4.212274,43.463271],[4.212264,43.463262],[4.212138,43.462846],[4.21211,43.462745],[4.212097,43.462694],[4.212056,43.46267],[4.212009,43.462668],[4.211979,43.462684],[4.211974,43.46271],[4.212215,43.463358],[4.21219,43.463366],[4.212045,43.463398],[4.211888,43.463411],[4.211774,43.463422],[4.211608,43.463476],[4.211473,43.463502],[4.21136,43.463503],[4.211288,43.46348],[4.211232,43.463464],[4.211207,43.463462],[4.211132,43.463475],[4.210948,43.463525],[4.21085,43.463561],[4.210839,43.463494],[4.210754,43.463088],[4.210708,43.462907],[4.210696,43.462883],[4.21066,43.462882],[4.210632,43.462894],[4.210625,43.462908],[4.210772,43.463623],[4.210653,43.463651],[4.210312,43.463707],[4.210021,43.463736],[4.209657,43.463758],[4.209429,43.463757],[4.209301,43.463151],[4.209279,43.463091],[4.209262,43.463075],[4.209231,43.463068],[4.209196,43.463081],[4.209193,43.463115],[4.209319,43.463875],[4.209292,43.463881],[4.20924,43.463885],[4.209136,43.463885],[4.209052,43.46388],[4.208962,43.463888],[4.208822,43.463945],[4.208736,43.463966],[4.208688,43.463968],[4.208625,43.463969],[4.208591,43.463968],[4.208478,43.463967],[4.208283,43.463978],[4.208075,43.464008],[4.207927,43.464011],[4.20784,43.463628],[4.207827,43.463546],[4.207771,43.463399],[4.207732,43.463311],[4.207725,43.463296],[4.207714,43.463276],[4.207695,43.46326],[4.207663,43.463262],[4.207659,43.463263],[4.207646,43.463284],[4.207652,43.463354],[4.20784,43.463986],[4.20767,43.464032],[4.2074,43.464093],[4.207087,43.464135],[4.206831,43.464169],[4.206627,43.464175],[4.206528,43.464166],[4.206331,43.463508],[4.2063,43.463485],[4.206264,43.463472],[4.206239,43.463474],[4.206231,43.463503],[4.206433,43.464161],[4.206207,43.46425],[4.206033,43.464303],[4.205813,43.464351],[4.205522,43.464393],[4.205276,43.46441],[4.20513,43.46442],[4.205042,43.464415],[4.205014,43.464382],[4.204983,43.464282],[4.204856,43.463859],[4.204822,43.463711],[4.204795,43.463658],[4.204758,43.463639],[4.204734,43.463639],[4.204694,43.463662],[4.204685,43.463679],[4.204914,43.464322],[4.204813,43.464379],[4.204684,43.464428],[4.204501,43.464481],[4.204373,43.4645],[4.204101,43.464517],[4.203844,43.464523],[4.203641,43.464519],[4.203562,43.464507],[4.20354,43.464467],[4.203465,43.463897],[4.203447,43.463822],[4.203405,43.463791],[4.203389,43.463784],[4.203365,43.463784],[4.203332,43.463796],[4.203319,43.463829],[4.203337,43.463982],[4.20339,43.464224],[4.203415,43.464396],[4.203467,43.464543],[4.20336,43.464592],[4.203078,43.464695],[4.202856,43.464761],[4.202701,43.464792],[4.202467,43.464803],[4.202207,43.464805],[4.202107,43.464801],[4.201988,43.464449],[4.201845,43.46406],[4.201829,43.464036],[4.201809,43.464022],[4.201774,43.464024],[4.201764,43.464032],[4.201751,43.46405],[4.201751,43.464081],[4.202014,43.464759],[4.201864,43.464825],[4.201459,43.464957],[4.201223,43.465021],[4.200958,43.465052],[4.200646,43.465079],[4.200423,43.464449],[4.200378,43.464321],[4.200349,43.464296],[4.200326,43.464284],[4.200317,43.464282],[4.20028,43.464294],[4.200267,43.464319],[4.200473,43.464951],[4.200509,43.465043],[4.200329,43.4651],[4.200168,43.465178],[4.199976,43.465215],[4.199806,43.465241],[4.199653,43.465245],[4.199386,43.465238],[4.199288,43.465239],[4.199212,43.465252],[4.19918,43.465251],[4.199162,43.465223],[4.199122,43.464744],[4.199101,43.464574],[4.199091,43.464534],[4.199064,43.464493],[4.199039,43.46448],[4.199023,43.46448],[4.199012,43.464486],[4.199001,43.464509],[4.199021,43.46488],[4.199049,43.465228],[4.199084,43.465337],[4.198511,43.465458],[4.198038,43.46554],[4.197779,43.465568],[4.197642,43.465558],[4.19755,43.465299],[4.197365,43.464785],[4.197346,43.464767],[4.197321,43.464757],[4.197301,43.464757],[4.197276,43.464776],[4.197274,43.464794],[4.197529,43.4655],[4.197354,43.465549],[4.197,43.465663],[4.196777,43.465723],[4.196537,43.465758],[4.1963,43.465781],[4.196151,43.465785],[4.196116,43.465652],[4.19594,43.46505],[4.195909,43.464977],[4.195881,43.464955],[4.195837,43.464965],[4.195812,43.464986],[4.195801,43.46503],[4.196036,43.465731],[4.195868,43.465783],[4.1954,43.465915],[4.19512,43.465969],[4.1949,43.465997],[4.194695,43.465991],[4.194629,43.46582],[4.194532,43.465376],[4.194527,43.465305],[4.194521,43.465288],[4.19449,43.465275],[4.194482,43.465272],[4.194441,43.465276],[4.194408,43.465292],[4.194408,43.465324],[4.194602,43.465981],[4.194493,43.466016],[4.194011,43.466153],[4.193848,43.466199],[4.193595,43.466226],[4.193305,43.46624],[4.193236,43.466241],[4.193014,43.465608],[4.193001,43.465553],[4.192967,43.465534],[4.192928,43.465546],[4.192918,43.465566],[4.193124,43.466182],[4.193031,43.466242],[4.19273,43.46634],[4.192474,43.466425],[4.192148,43.466487],[4.191867,43.466539],[4.191752,43.466293],[4.191533,43.465866],[4.191514,43.465832],[4.191495,43.465824],[4.191475,43.465836],[4.191469,43.465859],[4.191729,43.466422],[4.19149,43.466528],[4.191337,43.466587],[4.191193,43.466624],[4.190933,43.466649],[4.190601,43.466643],[4.190443,43.466631],[4.190411,43.466514],[4.190252,43.46597],[4.190227,43.465917],[4.190201,43.465894],[4.190161,43.465889],[4.190149,43.46589],[4.190131,43.465902],[4.190123,43.465914],[4.190124,43.465925],[4.190316,43.466638],[4.189875,43.466811],[4.1896,43.466889],[4.189177,43.46698],[4.18906,43.466988],[4.189019,43.466986],[4.188972,43.466844],[4.188747,43.466249],[4.188734,43.466231],[4.188708,43.466214],[4.1887,43.466214],[4.188659,43.466223],[4.188641,43.466255],[4.188923,43.466965],[4.188544,43.467068],[4.188069,43.467224],[4.187724,43.467284],[4.187717,43.467285],[4.187643,43.467295],[4.187591,43.467279],[4.187567,43.467252],[4.187214,43.466622],[4.187177,43.466603],[4.187148,43.466609],[4.187141,43.466627],[4.187472,43.467204],[4.187504,43.467271],[4.187298,43.467359],[4.187043,43.46745],[4.186869,43.467502],[4.186545,43.467571],[4.186194,43.467638],[4.186139,43.467626],[4.186,43.467248],[4.185923,43.467111],[4.185869,43.467061],[4.185844,43.467053],[4.185832,43.467064],[4.185829,43.46709],[4.186035,43.46757],[4.185958,43.46761],[4.185805,43.467669],[4.185506,43.467762],[4.18516,43.467835],[4.184952,43.467864],[4.184732,43.467857],[4.184685,43.467758],[4.184469,43.467317],[4.184446,43.467301],[4.184405,43.467301],[4.184385,43.467319],[4.184384,43.467336],[4.184645,43.467837],[4.184589,43.467882],[4.184395,43.467982],[4.18421,43.468045],[4.183751,43.468156],[4.183599,43.468182],[4.183523,43.468183],[4.18341,43.468184],[4.183337,43.46818],[4.183305,43.468166],[4.183249,43.468034],[4.183037,43.467585],[4.183005,43.467566],[4.18297,43.467575],[4.182966,43.467592],[4.182987,43.467651],[4.183193,43.468086],[4.183225,43.468164],[4.183032,43.468232],[4.182868,43.468294],[4.182577,43.468397],[4.182334,43.468463],[4.182173,43.468501],[4.181957,43.468533],[4.181915,43.468532],[4.181641,43.468044],[4.181608,43.467988],[4.181567,43.467976],[4.181533,43.467988],[4.181527,43.468011],[4.181529,43.468019],[4.181618,43.468184],[4.181759,43.468406],[4.181803,43.468501],[4.181792,43.468524],[4.181717,43.468574],[4.181478,43.468656],[4.180972,43.468797],[4.180716,43.468844],[4.180581,43.468842],[4.180505,43.468821],[4.180483,43.468805],[4.180289,43.46838],[4.180247,43.468343],[4.180234,43.468336],[4.180214,43.468339],[4.180197,43.468356],[4.180399,43.468809],[4.180236,43.4689],[4.180002,43.468995],[4.179745,43.469068],[4.179437,43.469126],[4.179258,43.469149],[4.179138,43.469143],[4.179087,43.469138],[4.179074,43.469124],[4.179048,43.469067],[4.17889,43.468665],[4.178868,43.468633],[4.178845,43.468628],[4.178832,43.468629],[4.178806,43.468643],[4.1788,43.468661],[4.179013,43.469157],[4.178788,43.469246],[4.178565,43.46934],[4.178303,43.469437],[4.178125,43.469503],[4.177934,43.469531],[4.17786,43.469533],[4.177768,43.469534],[4.177712,43.469529],[4.177662,43.46946],[4.177426,43.46896],[4.177403,43.468936],[4.177371,43.468937],[4.177364,43.46894],[4.17735,43.468957],[4.177348,43.468966],[4.177351,43.468986],[4.177604,43.469519],[4.177507,43.469588],[4.177339,43.469677],[4.177226,43.469744],[4.176984,43.46983],[4.176676,43.469924],[4.176537,43.469949],[4.176455,43.469951],[4.176417,43.469949],[4.176388,43.469939],[4.176341,43.469917],[4.176096,43.469484],[4.176062,43.469444],[4.176042,43.469442],[4.176021,43.469454],[4.176012,43.469484],[4.176242,43.46989],[4.176225,43.469907],[4.176203,43.469926],[4.176135,43.469976],[4.176024,43.470023],[4.175508,43.470145],[4.175258,43.470182],[4.174998,43.470198],[4.17497,43.470196],[4.174926,43.470196],[4.174895,43.470179],[4.174596,43.469627],[4.174577,43.469606],[4.174548,43.469607],[4.174534,43.469627],[4.174554,43.469687],[4.174792,43.470116],[4.174802,43.470154],[4.17478,43.470177],[4.174596,43.47027],[4.174449,43.470324],[4.174195,43.47039],[4.173975,43.470431],[4.173602,43.470458],[4.17352,43.470455],[4.173486,43.470445],[4.173447,43.470394],[4.173174,43.469896],[4.17315,43.469874],[4.173113,43.469867],[4.173086,43.469885],[4.173143,43.470001],[4.173402,43.470482],[4.17339,43.470497],[4.173199,43.470582],[4.172992,43.470647],[4.172757,43.470711],[4.172344,43.470802],[4.172243,43.470813],[4.172124,43.470811],[4.172059,43.47081],[4.17185,43.470353],[4.171824,43.470329],[4.171801,43.470327],[4.171792,43.470351],[4.171978,43.470768],[4.171987,43.470823],[4.171949,43.470871],[4.171889,43.470898],[4.171826,43.470915],[4.171293,43.471074],[4.171035,43.471128],[4.170826,43.47115],[4.170728,43.47115],[4.170676,43.47114],[4.170422,43.470632],[4.170402,43.470617],[4.170399,43.470615],[4.170368,43.470623],[4.170362,43.470653],[4.170387,43.470724],[4.170632,43.471202],[4.170644,43.47123],[4.170592,43.471269],[4.170493,43.471314],[4.170244,43.471411],[4.170036,43.471509],[4.169846,43.471584],[4.169627,43.471651],[4.169446,43.471687],[4.169403,43.47168],[4.169211,43.471322],[4.169165,43.471293],[4.169132,43.471296],[4.169121,43.471311],[4.169132,43.471346],[4.169324,43.47173],[4.169319,43.471763],[4.169279,43.471803],[4.169209,43.47185],[4.169052,43.471917],[4.168853,43.47198],[4.168643,43.472033],[4.168447,43.472075],[4.168129,43.472112],[4.168072,43.472114],[4.16804,43.472109],[4.167766,43.471609],[4.167739,43.471592],[4.167704,43.471592],[4.167689,43.471604],[4.167687,43.47163],[4.167957,43.472129],[4.167947,43.472156],[4.167908,43.472189],[4.167839,43.47223],[4.167277,43.472415],[4.16701,43.472503],[4.166861,43.472528],[4.166716,43.472531],[4.166664,43.472521],[4.166439,43.472065],[4.166389,43.472014],[4.166363,43.472001],[4.166343,43.472001],[4.16633,43.47203],[4.166334,43.472068],[4.166612,43.472578],[4.166567,43.472623],[4.166503,43.472663],[4.166332,43.472738],[4.16604,43.472846],[4.165839,43.472921],[4.165613,43.472968],[4.165364,43.472994],[4.165315,43.472989],[4.164993,43.472413],[4.164971,43.472399],[4.164948,43.4724],[4.16493,43.472412],[4.164932,43.472433],[4.164943,43.47247],[4.165225,43.472974],[4.165301,43.473069],[4.165297,43.473099],[4.165249,43.473135],[4.165189,43.473166],[4.165113,43.4732],[4.164894,43.473283],[4.164539,43.473391],[4.164308,43.473444],[4.164139,43.47347],[4.164033,43.473474],[4.163988,43.47345],[4.163654,43.472839],[4.163625,43.47282],[4.163597,43.472818],[4.16358,43.472831],[4.163579,43.472858],[4.163799,43.47329],[4.16383,43.473351],[4.162998,43.473615],[4.16266,43.473695],[4.162276,43.473767],[4.161759,43.473836],[4.161538,43.473901],[4.161286,43.473946],[4.161083,43.473998],[4.160885,43.474062],[4.160708,43.474139],[4.160521,43.474195],[4.160051,43.47426],[4.159651,43.474341],[4.159454,43.474374],[4.159128,43.474422],[4.159019,43.474452],[4.158771,43.47449],[4.158529,43.474541],[4.157731,43.474768],[4.157082,43.474934],[4.156654,43.475105],[4.155933,43.475255],[4.155205,43.475449],[4.154524,43.475652],[4.154152,43.475724],[4.153534,43.47592],[4.152689,43.476155],[4.152337,43.476279],[4.151806,43.476416],[4.151249,43.476559],[4.150857,43.476676],[4.150527,43.476726],[4.149986,43.476922],[4.149704,43.476977],[4.148891,43.477195],[4.148713,43.477253],[4.148524,43.477333],[4.147499,43.477663],[4.14682,43.47795],[4.146354,43.478194],[4.145876,43.478369],[4.145075,43.478731],[4.144637,43.478824],[4.144431,43.478973],[4.144358,43.479012],[4.144144,43.479083],[4.143851,43.47916],[4.143062,43.479429],[4.14237,43.479713],[4.141777,43.479929],[4.141274,43.480228],[4.140633,43.480528],[4.140259,43.480678],[4.139985,43.480836],[4.139474,43.481041],[4.139148,43.48113],[4.138779,43.48134],[4.138536,43.481463],[4.13813,43.481614],[4.137901,43.481714],[4.137297,43.482007],[4.136859,43.482291],[4.136489,43.482455],[4.136176,43.482664],[4.135772,43.482983],[4.135485,43.483105],[4.135321,43.483197],[4.135153,43.483347],[4.134841,43.483566],[4.134549,43.4838],[4.134133,43.48415],[4.133878,43.48441],[4.133706,43.484506],[4.133109,43.484782],[4.132265,43.485346],[4.131707,43.485664],[4.131382,43.485825],[4.131229,43.4859],[4.130971,43.486072],[4.130525,43.486297],[4.13015,43.486603],[4.13002,43.486693],[4.129685,43.486886],[4.129403,43.487067],[4.128962,43.487434],[4.128693,43.487617],[4.128467,43.487842],[4.128291,43.487982],[4.128139,43.488196],[4.12778,43.48852],[4.127539,43.488801],[4.127421,43.488906],[4.127122,43.489126],[4.126873,43.489273],[4.126657,43.489424],[4.126235,43.489766],[4.125647,43.490212],[4.125009,43.490799],[4.124668,43.491087],[4.124441,43.491356],[4.12413,43.491769],[4.123995,43.49192],[4.123504,43.492611],[4.123282,43.492884],[4.123088,43.493155],[4.122851,43.493412],[4.122802,43.493484],[4.122762,43.493582],[4.12261,43.493793],[4.122425,43.493994],[4.122278,43.494119],[4.122042,43.494262],[4.121885,43.494384],[4.121635,43.49468],[4.121381,43.495021],[4.121213,43.49528],[4.121199,43.495381],[4.121175,43.49543],[4.120722,43.496032],[4.120378,43.49646],[4.120277,43.496612],[4.120208,43.496683],[4.120153,43.496856],[4.119972,43.497236],[4.119826,43.497604],[4.119554,43.49804],[4.119327,43.498353],[4.119148,43.498537],[4.118996,43.498809],[4.118938,43.498885],[4.118428,43.49937],[4.118303,43.499564],[4.118106,43.49994],[4.118027,43.500133],[4.117886,43.500332],[4.1178,43.500457],[4.117528,43.50081],[4.117014,43.50141],[4.116772,43.501831],[4.116495,43.502225],[4.11628,43.502636],[4.116246,43.502677],[4.116151,43.502833],[4.116002,43.503241],[4.115755,43.503608],[4.115646,43.503859],[4.115488,43.50406],[4.115332,43.504323],[4.11492,43.50492],[4.114819,43.505089],[4.11431,43.505657],[4.11401,43.506061],[4.113856,43.506316],[4.113604,43.506681],[4.113437,43.506868],[4.113204,43.507074],[4.113129,43.507174],[4.113022,43.507378],[4.112887,43.507617],[4.112635,43.507837],[4.112284,43.508104],[4.112128,43.508242],[4.112045,43.508349],[4.111888,43.508602],[4.111386,43.508987],[4.11133,43.509073],[4.110716,43.509023],[4.110342,43.508968],[4.110079,43.508952],[4.110009,43.50898],[4.110013,43.509023],[4.110066,43.509052],[4.11018,43.509069],[4.111558,43.509252],[4.115524,43.509746],[4.115914,43.509803],[4.115929,43.50986],[4.115716,43.510777],[4.11573,43.510819],[4.115759,43.510834],[4.115811,43.510838],[4.115857,43.510811],[4.116082,43.509831],[4.116446,43.509858],[4.117321,43.509982],[4.122574,43.510146],[4.123328,43.51017],[4.123677,43.51018],[4.123708,43.509939],[4.124047,43.509966],[4.124047,43.510055],[4.124216,43.510058],[4.1242,43.510203],[4.124265,43.510205],[4.12863,43.510378],[4.128669,43.510375],[4.128942,43.510092],[4.129541,43.510114],[4.129774,43.510123],[4.132647,43.510234],[4.132693,43.510211],[4.132695,43.510105],[4.132801,43.51001],[4.132852,43.509999],[4.132931,43.51001],[4.132965,43.510002],[4.133245,43.509896],[4.133306,43.509838],[4.133355,43.509757],[4.133368,43.509609],[4.133443,43.5094],[4.133439,43.509318],[4.133396,43.509166],[4.133411,43.509084],[4.133474,43.508943],[4.133677,43.508711],[4.13372,43.508644],[4.133765,43.508527],[4.133801,43.508483],[4.133957,43.508421],[4.13418,43.508394],[4.134245,43.508398],[4.134315,43.50842],[4.134417,43.508463],[4.134493,43.508515],[4.134561,43.508594],[4.13462,43.508711],[4.134772,43.508947],[4.134855,43.509027],[4.13497,43.509084],[4.135055,43.5091],[4.135444,43.509122],[4.135528,43.509112],[4.135855,43.509032],[4.135963,43.509021],[4.13608,43.509029],[4.136163,43.509078],[4.136189,43.509118],[4.1362,43.509174],[4.136189,43.509243],[4.136159,43.509285],[4.136059,43.509343],[4.135863,43.509407],[4.135744,43.509458],[4.135602,43.509555],[4.135534,43.509649],[4.135531,43.509682],[4.135519,43.509793],[4.135546,43.509969],[4.135596,43.510052],[4.135707,43.510178],[4.135808,43.510253],[4.136131,43.510273],[4.136406,43.51026],[4.136943,43.510275],[4.137119,43.510251],[4.137226,43.510267],[4.13748,43.510278],[4.137621,43.510295],[4.137797,43.510319],[4.137829,43.510305],[4.13789,43.510221],[4.137954,43.5102],[4.138034,43.510231],[4.138091,43.510253],[4.138082,43.510343],[4.138026,43.510337],[4.138001,43.510675],[4.135556,43.510592],[4.134873,43.511359],[4.134336,43.511152],[4.134636,43.51083],[4.133957,43.510591],[4.129376,43.510412],[4.129053,43.51076],[4.120565,43.510434],[4.120465,43.510623],[4.116672,43.510496],[4.116441,43.510487],[4.116419,43.510496],[4.116402,43.51053],[4.116357,43.510777],[4.116364,43.510817],[4.116371,43.510822],[4.116384,43.510831],[4.116444,43.510833],[4.116482,43.510821],[4.11655,43.51062],[4.116595,43.510605],[4.121582,43.510778],[4.122091,43.511523],[4.122228,43.511721],[4.122364,43.51196],[4.122531,43.512473],[4.12257,43.512682],[4.122609,43.513108],[4.122618,43.513393],[4.122606,43.513667],[4.122558,43.51396],[4.122483,43.514182],[4.122375,43.514351],[4.122303,43.514385],[4.12221,43.514384],[4.119708,43.514],[4.119625,43.514008],[4.11963,43.51403],[4.119654,43.514039],[4.121868,43.514383],[4.122277,43.514439],[4.122754,43.514506],[4.122799,43.514546],[4.122945,43.515507],[4.122932,43.515948],[4.122796,43.516673],[4.122651,43.517221],[4.122538,43.517483],[4.122423,43.517577],[4.12235,43.517603],[4.121492,43.517483],[4.120536,43.517326],[4.120482,43.517321],[4.120438,43.517344],[4.120437,43.517362],[4.120481,43.517382],[4.12233,43.51766],[4.12263,43.517705],[4.122688,43.51773],[4.122717,43.517788],[4.122741,43.518043],[4.122708,43.518745],[4.122647,43.519136],[4.122594,43.519362],[4.122544,43.519478],[4.122517,43.519512],[4.122083,43.519764],[4.121163,43.519578],[4.121009,43.519569],[4.120962,43.519579],[4.120944,43.519595],[4.120941,43.51961],[4.12099,43.519637],[4.121881,43.519846],[4.121498,43.520077],[4.121443,43.520127],[4.121418,43.520185],[4.121312,43.520939],[4.121322,43.520971],[4.121577,43.521289],[4.12165,43.521271],[4.121674,43.521233],[4.12147,43.520946],[4.121459,43.520871],[4.121541,43.520229],[4.121579,43.520168],[4.124025,43.518789],[4.124491,43.519032],[4.125086,43.519342],[4.125536,43.519578],[4.125489,43.519625],[4.125661,43.519879],[4.126022,43.519752],[4.125903,43.519575],[4.127685,43.517668],[4.127599,43.517148],[4.126529,43.517372],[4.12648,43.517061],[4.126842,43.516983],[4.126772,43.516523],[4.125867,43.516096],[4.125257,43.516219],[4.125192,43.51577],[4.126165,43.515564],[4.126041,43.514727],[4.125285,43.514887],[4.125218,43.514435],[4.126305,43.514206],[4.126905,43.513545],[4.127066,43.513646],[4.127146,43.513569],[4.127215,43.513486],[4.127,43.513428],[4.127952,43.512948],[4.129658,43.512099],[4.131908,43.512187],[4.133765,43.511788],[4.134144,43.511362],[4.134702,43.51154],[4.134464,43.511807],[4.135857,43.512478],[4.135891,43.512443],[4.136134,43.512552],[4.136067,43.512569],[4.136168,43.513226],[4.136937,43.513594],[4.136972,43.513557],[4.137447,43.513455],[4.137442,43.5135],[4.137821,43.513678],[4.137854,43.513645],[4.138265,43.513563],[4.138307,43.51377],[4.13813,43.513799],[4.138118,43.513757],[4.136467,43.514104],[4.136535,43.514547],[4.136409,43.514577],[4.136395,43.51453],[4.135595,43.514705],[4.135433,43.514621],[4.135633,43.514387],[4.136129,43.514288],[4.136022,43.513643],[4.135172,43.513813],[4.135239,43.514273],[4.134688,43.514398],[4.134696,43.514443],[4.134547,43.51436],[4.134745,43.514143],[4.134808,43.514136],[4.13475,43.513782],[4.134693,43.513788],[4.13484,43.513628],[4.135624,43.513462],[4.135489,43.512635],[4.135064,43.512728],[4.134887,43.512639],[4.134838,43.512352],[4.134507,43.51219],[4.133688,43.512366],[4.133826,43.513205],[4.134253,43.513114],[4.134295,43.513051],[4.134407,43.513034],[4.134475,43.513496],[4.133336,43.51374],[4.133492,43.514746],[4.133747,43.514695],[4.133791,43.514642],[4.133824,43.514679],[4.133886,43.514664],[4.134326,43.514871],[4.13438,43.515253],[4.134442,43.515241],[4.134334,43.515378],[4.13421,43.515376],[4.134189,43.515322],[4.133765,43.515413],[4.133855,43.516011],[4.133093,43.516174],[4.133182,43.516769],[4.133035,43.516797],[4.132865,43.516715],[4.132847,43.516617],[4.13247,43.516433],[4.131658,43.516605],[4.131736,43.517112],[4.131651,43.517209],[4.131191,43.517309],[4.131282,43.517914],[4.132219,43.517714],[4.132162,43.517339],[4.132231,43.517257],[4.132254,43.517253],[4.132513,43.517382],[4.132564,43.517757],[4.132874,43.517906],[4.132908,43.517869],[4.133698,43.517696],[4.133587,43.516943],[4.133757,43.516911],[4.133782,43.516968],[4.133833,43.516957],[4.133807,43.516853],[4.133958,43.516821],[4.134039,43.517352],[4.134758,43.517196],[4.134745,43.517154],[4.134895,43.51712],[4.134831,43.516702],[4.134243,43.516423],[4.13421,43.516193],[4.134395,43.516158],[4.134375,43.516108],[4.134515,43.51608],[4.134533,43.516124],[4.134564,43.516122],[4.134595,43.516347],[4.134675,43.516337],[4.135081,43.516535],[4.13513,43.516525],[4.135149,43.516568],[4.135349,43.516534],[4.135332,43.516482],[4.135488,43.516455],[4.135487,43.516439],[4.135548,43.516432],[4.135454,43.515824],[4.135164,43.51583],[4.13518,43.51579],[4.134912,43.515665],[4.134857,43.515301],[4.135432,43.515186],[4.135475,43.515457],[4.136152,43.515791],[4.136168,43.515841],[4.136104,43.515859],[4.136138,43.516017],[4.136187,43.516014],[4.136232,43.516275],[4.13734,43.516035],[4.137247,43.515443],[4.136587,43.515133],[4.136576,43.515047],[4.136518,43.515036],[4.136686,43.514854],[4.13683,43.514816],[4.137425,43.515119],[4.137917,43.515008],[4.137864,43.514709],[4.137562,43.514561],[4.137536,43.514397],[4.137877,43.514325],[4.137875,43.514364],[4.138478,43.514657],[4.138498,43.514694],[4.138723,43.514667],[4.13877,43.514677],[4.138774,43.514711],[4.138729,43.514727],[4.138734,43.514784],[4.138512,43.514815],[4.138523,43.514877],[4.138155,43.515284],[4.137856,43.515348],[4.137759,43.515456],[4.138907,43.516029],[4.138719,43.51623],[4.138462,43.516507],[4.138169,43.51682],[4.138473,43.516969],[4.138194,43.517267],[4.137898,43.517584],[4.137086,43.517178],[4.136696,43.517595],[4.136348,43.517965],[4.135971,43.518368],[4.135644,43.518717],[4.13544,43.518729],[4.13498,43.519228],[4.134971,43.519236],[4.136316,43.519899],[4.136385,43.519869],[4.136413,43.51984],[4.136817,43.519406],[4.137134,43.519067],[4.137108,43.519008],[4.137018,43.51879],[4.137238,43.518556],[4.137502,43.518272],[4.137914,43.518476],[4.137951,43.518435],[4.138207,43.518161],[4.138466,43.517883],[4.138702,43.517629],[4.139114,43.517186],[4.140807,43.518021],[4.141028,43.517993],[4.141069,43.517996],[4.14108,43.518026],[4.141036,43.518047],[4.140814,43.518081],[4.140891,43.51838],[4.140311,43.519006],[4.140275,43.519045],[4.140476,43.519144],[4.139224,43.520483],[4.139015,43.520383],[4.138763,43.520652],[4.137085,43.521009],[4.136105,43.520527],[4.136062,43.520576],[4.132587,43.518856],[4.132763,43.518667],[4.13208,43.518331],[4.130588,43.518646],[4.130472,43.51867],[4.130389,43.518758],[4.130065,43.519106],[4.129834,43.519353],[4.129567,43.519637],[4.129275,43.519949],[4.129031,43.520212],[4.128788,43.52047],[4.126382,43.520317],[4.126277,43.520153],[4.125913,43.520278],[4.126064,43.520517],[4.126188,43.520577],[4.125531,43.521287],[4.125452,43.521312],[4.125363,43.521411],[4.125012,43.521797],[4.124938,43.521877],[4.12382,43.521498],[4.123101,43.521271],[4.123056,43.521239],[4.122712,43.520767],[4.122677,43.520749],[4.122649,43.520773],[4.122644,43.520845],[4.122988,43.521316],[4.125791,43.522237],[4.12822,43.523055],[4.128285,43.523092],[4.128573,43.523438],[4.129021,43.523928],[4.129065,43.523929],[4.129073,43.523891],[4.129001,43.523753],[4.128981,43.523729],[4.128919,43.523702],[4.128864,43.523619],[4.12902,43.523645],[4.129192,43.523646],[4.129389,43.52367],[4.129413,43.523643],[4.129412,43.523584],[4.129367,43.523473],[4.129337,43.523415],[4.129341,43.523339],[4.129401,43.523255],[4.129679,43.52311],[4.129939,43.523034],[4.130335,43.52296],[4.130878,43.522916],[4.131201,43.522903],[4.131863,43.522903],[4.132564,43.52298],[4.133139,43.52311],[4.133432,43.523208],[4.133445,43.523228],[4.13313,43.52399],[4.133138,43.524059],[4.133182,43.524074],[4.133212,43.524035],[4.133576,43.523157],[4.133964,43.523144],[4.134432,43.523209],[4.134763,43.523279],[4.135041,43.523364],[4.135235,43.523447],[4.135449,43.523566],[4.136015,43.523945],[4.136249,43.524084],[4.136479,43.524242],[4.137021,43.52469],[4.137216,43.524829],[4.137418,43.525017],[4.137665,43.52531],[4.137727,43.525406],[4.137751,43.525446],[4.137108,43.526042],[4.136276,43.526814],[4.136274,43.526844],[4.136291,43.526867],[4.136318,43.526871],[4.137175,43.526081],[4.137236,43.526084],[4.137391,43.526145],[4.137745,43.526255],[4.137919,43.526338],[4.138076,43.526427],[4.138381,43.526659],[4.138534,43.526759],[4.138617,43.526865],[4.138636,43.52689],[4.138793,43.527223],[4.138849,43.527424],[4.13886,43.528271],[4.138853,43.528503],[4.138787,43.528791],[4.138795,43.52899],[4.138742,43.52921],[4.138675,43.529758],[4.138558,43.530286],[4.138513,43.53044],[4.138437,43.530547],[4.138353,43.530613],[4.137779,43.530477],[4.137729,43.530502],[4.137729,43.530539],[4.138894,43.530873],[4.13894,43.531445],[4.138927,43.53158],[4.138842,43.531735],[4.138642,43.532008],[4.13827,43.532287],[4.137815,43.532517],[4.137219,43.532679],[4.137009,43.532716],[4.136632,43.532726],[4.136456,43.532708],[4.136268,43.532662],[4.136143,43.532649],[4.135792,43.532941],[4.135728,43.532973],[4.135723,43.533059],[4.135732,43.533072],[4.135978,43.533297],[4.136142,43.53358],[4.136214,43.533746],[4.136223,43.534097],[4.136105,43.534405],[4.135775,43.53475],[4.135438,43.535023],[4.135081,43.535164],[4.134676,43.535226],[4.134398,43.535227],[4.133711,43.535066],[4.133351,43.535147],[4.133238,43.535092],[4.132448,43.53471],[4.132431,43.534579],[4.13234,43.534525],[4.13222,43.534528],[4.132117,43.534594],[4.132101,43.534654],[4.132118,43.534702],[4.132136,43.534718],[4.132192,43.534768],[4.132281,43.534798],[4.132342,43.534844],[4.132964,43.535154],[4.133466,43.535375],[4.133708,43.535496],[4.134506,43.535865],[4.135082,43.536102],[4.135035,43.536166],[4.135136,43.536226],[4.135769,43.536511],[4.136333,43.536803],[4.137193,43.537207],[4.137544,43.537376],[4.137634,43.53742],[4.138091,43.537636],[4.139264,43.538192],[4.139149,43.538313],[4.139029,43.538439],[4.139016,43.538445],[4.138729,43.538578],[4.138772,43.538687],[4.138875,43.538843],[4.138963,43.538969],[4.139087,43.539091],[4.1391,43.539192],[4.139094,43.53934],[4.139092,43.539363],[4.139066,43.539539],[4.139146,43.539584],[4.139014,43.53977],[4.139018,43.539862],[4.138998,43.53991],[4.138969,43.539945],[4.138858,43.54009],[4.13873,43.540254],[4.138601,43.540419],[4.138332,43.540767],[4.138045,43.540658],[4.137904,43.540599],[4.137667,43.540498],[4.137402,43.540385],[4.136697,43.540087],[4.136815,43.539936],[4.136933,43.539786],[4.137063,43.539621],[4.137181,43.539471],[4.137304,43.539315],[4.137429,43.539155],[4.137551,43.538999],[4.137668,43.538852],[4.137798,43.538684],[4.137858,43.538609],[4.13808,43.53836],[4.138118,43.538192],[4.138081,43.538062],[4.137916,43.537932],[4.137482,43.53773],[4.137309,43.537646],[4.137133,43.537563],[4.137128,43.537539],[4.136848,43.537404],[4.136829,43.537426],[4.136458,43.537256],[4.134064,43.536108],[4.13354,43.535854],[4.131866,43.535039],[4.131816,43.535013],[4.131664,43.535029],[4.131516,43.535167],[4.131521,43.535268],[4.131615,43.535336],[4.13172,43.535338],[4.131795,43.535293],[4.131897,43.535273],[4.132276,43.535427],[4.132317,43.535569],[4.132358,43.535644],[4.13247,43.535671],[4.132722,43.535638],[4.133777,43.536159],[4.133781,43.536321],[4.133742,43.536464],[4.133619,43.536742],[4.133658,43.53679],[4.133702,43.537018],[4.133533,43.537314],[4.132928,43.538058],[4.132759,43.538251],[4.132324,43.538695],[4.131952,43.53914],[4.131424,43.539726],[4.131056,43.540194],[4.130573,43.54074],[4.130293,43.541054],[4.129967,43.541343],[4.129604,43.541745],[4.128764,43.542513],[4.128472,43.542709],[4.12747,43.543444],[4.127282,43.543623],[4.127022,43.543826],[4.126701,43.544031],[4.126334,43.544318],[4.126049,43.544519],[4.125105,43.545061],[4.124684,43.545273],[4.124268,43.545428],[4.123754,43.545544],[4.123629,43.545397],[4.123513,43.545313],[4.123439,43.545195],[4.122446,43.544232],[4.122373,43.544194],[4.122313,43.544201],[4.1223,43.544247],[4.122355,43.544323],[4.122716,43.544669],[4.1233,43.545265],[4.123492,43.545421],[4.12346,43.545496],[4.123343,43.545607],[4.123139,43.545759],[4.122681,43.546091],[4.122298,43.546338],[4.122017,43.546519],[4.121678,43.546693],[4.121244,43.546921],[4.121002,43.547014],[4.120595,43.547153],[4.120344,43.54723],[4.120305,43.547235],[4.119359,43.546352],[4.119324,43.546332],[4.119291,43.546333],[4.119271,43.546352],[4.119272,43.546361],[4.119277,43.546376],[4.119301,43.546398],[4.120158,43.547186],[4.12014,43.54722],[4.120093,43.547273],[4.119802,43.547518],[4.119533,43.547687],[4.119217,43.547897],[4.118981,43.548033],[4.118689,43.548179],[4.118346,43.548348],[4.118179,43.548417],[4.11797,43.548487],[4.117772,43.54855],[4.117716,43.548551],[4.117686,43.548536],[4.117487,43.548291],[4.117157,43.547949],[4.117129,43.547938],[4.11711,43.547942],[4.1171,43.54795],[4.117098,43.547975],[4.117119,43.548002],[4.117507,43.54841],[4.117622,43.548533],[4.117623,43.548556],[4.117609,43.548577],[4.117534,43.548629],[4.117161,43.548864],[4.116846,43.549016],[4.116604,43.549165],[4.116461,43.549242],[4.116204,43.549367],[4.115923,43.549473],[4.115557,43.549594],[4.115403,43.549633],[4.115213,43.549653],[4.11509,43.549653],[4.114665,43.549091],[4.114641,43.549064],[4.114601,43.549062],[4.114577,43.549081],[4.114581,43.549119],[4.115006,43.549715],[4.114999,43.549741],[4.114955,43.549764],[4.114479,43.549982],[4.114131,43.550154],[4.113545,43.550401],[4.113136,43.550546],[4.113073,43.550569],[4.112929,43.550603],[4.112776,43.550626],[4.112704,43.550628],[4.112684,43.550621],[4.112359,43.550115],[4.112338,43.550099],[4.112307,43.550106],[4.112298,43.55013],[4.112312,43.550156],[4.112633,43.550676],[4.112609,43.550707],[4.112544,43.550732],[4.1121,43.55093],[4.111914,43.551015],[4.111712,43.55114],[4.11164,43.551168],[4.111572,43.551188],[4.11143,43.551214],[4.111293,43.551261],[4.111117,43.55132],[4.110826,43.551398],[4.110591,43.55146],[4.110455,43.551497],[4.110262,43.551532],[4.110089,43.551224],[4.109905,43.55086],[4.109889,43.550849],[4.109853,43.550851],[4.109834,43.550873],[4.10984,43.550921],[4.110179,43.551513],[4.110175,43.551533],[4.11014,43.55155],[4.109773,43.551693],[4.10952,43.551781],[4.109239,43.551881],[4.108888,43.552003],[4.10864,43.552097],[4.108457,43.552152],[4.108244,43.552193],[4.107985,43.551757],[4.107933,43.551691],[4.107893,43.55167],[4.107847,43.551687],[4.107845,43.551707],[4.10787,43.55175],[4.108155,43.552208],[4.108109,43.552246],[4.107982,43.552302],[4.107831,43.552343],[4.10772,43.552388],[4.107554,43.552475],[4.107356,43.552566],[4.107083,43.552657],[4.106857,43.552714],[4.106629,43.552762],[4.106585,43.552771],[4.106466,43.552796],[4.106295,43.552814],[4.106004,43.552193],[4.105946,43.552194],[4.105911,43.552222],[4.106198,43.55281],[4.106122,43.55285],[4.106036,43.55287],[4.105747,43.553013],[4.105472,43.553126],[4.105083,43.55328],[4.104542,43.553436],[4.104021,43.553515],[4.103829,43.5535],[4.103466,43.552963],[4.103432,43.552938],[4.103398,43.552933],[4.103373,43.552952],[4.103474,43.553136],[4.103736,43.553509],[4.103474,43.553708],[4.103263,43.553809],[4.103096,43.553862],[4.102913,43.55389],[4.102088,43.553905],[4.101878,43.5539],[4.10161,43.553871],[4.10142,43.55335],[4.101378,43.553316],[4.101321,43.553332],[4.101372,43.553542],[4.101578,43.554071],[4.101767,43.55463],[4.101277,43.554689],[4.101842,43.555721],[4.101963,43.555985],[4.102026,43.55609],[4.102264,43.55648],[4.103801,43.559045],[4.104043,43.559498],[4.104287,43.559964],[4.104315,43.560009],[4.104613,43.560496],[4.104869,43.560917],[4.104881,43.560936],[4.104987,43.561108],[4.105202,43.561461],[4.105262,43.561558],[4.10541,43.561801],[4.105741,43.562342],[4.105828,43.562486],[4.105886,43.562581],[4.105999,43.562765],[4.106023,43.562806],[4.106063,43.562871],[4.10613,43.56298],[4.106157,43.563025],[4.106253,43.563183],[4.106309,43.563274],[4.10933,43.56822],[4.109304,43.568323],[4.109028,43.568744],[4.108712,43.569228],[4.108444,43.5697],[4.108304,43.569923],[4.108116,43.570197],[4.107437,43.57087],[4.106565,43.571662],[4.105764,43.572407],[4.105211,43.572945],[4.104615,43.573505],[4.10412,43.574024],[4.103707,43.574406],[4.103332,43.574771],[4.103016,43.575034],[4.10261,43.575344],[4.102376,43.575524],[4.102161,43.575735],[4.101606,43.576283],[4.100547,43.577261],[4.099731,43.578052],[4.099575,43.578175],[4.099097,43.578581],[4.098583,43.579013],[4.097423,43.58013],[4.096435,43.581002],[4.096311,43.581144],[4.096244,43.581219],[4.096077,43.581409],[4.096052,43.581417],[4.095929,43.58146],[4.095711,43.58162],[4.095612,43.581679],[4.095286,43.581828],[4.095266,43.581837],[4.095032,43.581938],[4.094709,43.582058],[4.09439,43.5822],[4.094163,43.582309],[4.093955,43.582381],[4.09388,43.582413],[4.09378,43.582456],[4.093591,43.582552],[4.093193,43.582719],[4.093049,43.582788],[4.092897,43.582844],[4.092751,43.582909],[4.092579,43.582974],[4.092471,43.583026],[4.092367,43.583095],[4.092133,43.58328],[4.091519,43.583639],[4.091377,43.583722],[4.091031,43.583925],[4.090698,43.584121],[4.0894,43.584881],[4.089231,43.58498],[4.085408,43.587221],[4.084855,43.587577],[4.084797,43.58761],[4.084458,43.587805],[4.084168,43.587972],[4.081419,43.589558],[4.081207,43.58968],[4.080848,43.589888],[4.080503,43.590087],[4.080475,43.590079],[4.079831,43.589883],[4.079675,43.589836],[4.078453,43.589466],[4.076553,43.58889],[4.076348,43.588828],[4.076261,43.588801],[4.07623,43.588793],[4.07589,43.588701],[4.075744,43.588662],[4.07513,43.58845],[4.075035,43.588418],[4.074925,43.588426],[4.074695,43.588556],[4.075612,43.588941],[4.075639,43.588951],[4.075988,43.589075],[4.076511,43.58926],[4.077095,43.589467],[4.080064,43.590451],[4.080328,43.590546],[4.080392,43.590568],[4.080627,43.590656],[4.080895,43.590748],[4.081388,43.590893],[4.082466,43.591241],[4.082917,43.591398],[4.084219,43.5918],[4.084679,43.591934],[4.084938,43.591965],[4.085194,43.591967],[4.085457,43.591935],[4.085719,43.591876],[4.085947,43.591814],[4.086282,43.591685],[4.086729,43.591492],[4.087065,43.591336],[4.087415,43.591172],[4.087942,43.590888],[4.088012,43.590857],[4.088064,43.590876],[4.088491,43.590654],[4.089731,43.589983],[4.09034,43.589653],[4.090655,43.589471],[4.091351,43.589096],[4.092854,43.58826],[4.092882,43.588246],[4.093442,43.587919],[4.094138,43.587555],[4.094356,43.587429],[4.094605,43.587288],[4.095041,43.587067],[4.095868,43.586569],[4.096091,43.586419],[4.096153,43.586377],[4.096278,43.586309],[4.096874,43.585986],[4.098079,43.585277],[4.098287,43.585179],[4.098414,43.585148],[4.098509,43.585129],[4.098625,43.585114],[4.098861,43.585112],[4.09915,43.585132],[4.099658,43.585146],[4.099979,43.58517],[4.100542,43.585256],[4.100691,43.585269],[4.100983,43.585313],[4.10153,43.585319],[4.101706,43.585304],[4.101821,43.585276],[4.101878,43.585263],[4.10203,43.58524],[4.102292,43.585232],[4.103005,43.585159],[4.10336,43.585142],[4.103865,43.58524],[4.10421,43.585329],[4.104902,43.585505],[4.107392,43.585963],[4.113313,43.587133],[4.114401,43.587354],[4.117726,43.588005],[4.119029,43.588276],[4.122579,43.588818],[4.123867,43.588975],[4.124491,43.589019],[4.124907,43.589012],[4.125266,43.588988],[4.125683,43.588927],[4.126241,43.588826],[4.126717,43.588704],[4.127149,43.588552],[4.12759,43.588365],[4.129205,43.587513],[4.129704,43.587243],[4.130156,43.58704],[4.130516,43.586892],[4.130628,43.586861],[4.132706,43.586524],[4.134868,43.586245],[4.135116,43.586213],[4.138671,43.585749],[4.140792,43.585479],[4.143034,43.585144],[4.143754,43.585065],[4.14447,43.585023],[4.145104,43.584978],[4.145835,43.585009],[4.146393,43.584985],[4.147571,43.58512],[4.149384,43.585333],[4.149446,43.585339],[4.14956,43.585352],[4.149834,43.585396],[4.150241,43.585445],[4.150429,43.58593],[4.15049,43.586337],[4.150562,43.586543],[4.150657,43.586702],[4.15064,43.587449],[4.150248,43.589872],[4.14973,43.594554],[4.149458,43.596325],[4.149333,43.597133],[4.149401,43.597509],[4.149587,43.597893],[4.149853,43.598186],[4.152663,43.598876],[4.1558,43.599659],[4.156192,43.599859],[4.157685,43.600945],[4.159019,43.601915],[4.161533,43.603843],[4.161745,43.603999],[4.165602,43.606808],[4.166287,43.607236],[4.167692,43.608114],[4.168324,43.608635],[4.168856,43.609241],[4.169582,43.610244],[4.172738,43.614395],[4.175169,43.617839],[4.175684,43.618517],[4.175897,43.618843],[4.176226,43.619185],[4.176442,43.619528],[4.176773,43.619936],[4.176964,43.620263],[4.177153,43.620475],[4.177509,43.620948],[4.177844,43.621536],[4.178105,43.621863],[4.178414,43.622336],[4.178788,43.622676],[4.179165,43.623066],[4.179407,43.623575],[4.179695,43.624098],[4.180077,43.62467],[4.18067,43.625452],[4.181352,43.626234],[4.182105,43.627064],[4.182719,43.627797],[4.183332,43.628513],[4.183831,43.629232],[4.184329,43.6299],[4.18484,43.630753],[4.184976,43.630979],[4.185425,43.631533],[4.185715,43.63209],[4.186098,43.632727],[4.186571,43.633297],[4.187019,43.633818],[4.188244,43.635928],[4.188593,43.63622],[4.189017,43.636691],[4.189517,43.637409],[4.18997,43.638079],[4.190214,43.638342],[4.19098,43.639174],[4.191169,43.639381],[4.191523,43.639787],[4.19199,43.640192],[4.192484,43.640729],[4.193163,43.641378],[4.193679,43.641849],[4.193777,43.642095],[4.19374,43.642376],[4.193611,43.642659],[4.193373,43.643009],[4.192972,43.64328],[4.192526,43.643551],[4.192237,43.643788],[4.191994,43.644022],[4.191957,43.644287],[4.192068,43.644896],[4.19199,43.645327],[4.19173,43.645727],[4.191223,43.646263],[4.190939,43.646632],[4.190857,43.646914],[4.190825,43.647327],[4.190813,43.647707],[4.190945,43.648299],[4.191073,43.648726],[4.191362,43.649267],[4.191388,43.649309],[4.191423,43.649347],[4.191665,43.64953],[4.192039,43.64976],[4.192777,43.650276],[4.193216,43.650632],[4.193365,43.65078],[4.193441,43.650891],[4.193529,43.651096],[4.193613,43.651334],[4.193712,43.651725],[4.193855,43.65209],[4.194004,43.652403],[4.194311,43.652985],[4.194411,43.653227],[4.194528,43.653668],[4.194546,43.653934],[4.194541,43.65408],[4.194504,43.654201],[4.194419,43.654309],[4.19427,43.654451],[4.193907,43.654603],[4.193109,43.654853],[4.192937,43.6549],[4.192771,43.654933],[4.192537,43.655003],[4.192212,43.655147],[4.191906,43.655306],[4.191689,43.655453],[4.191528,43.655575],[4.191216,43.65585],[4.190891,43.656177],[4.190499,43.656539],[4.190415,43.656645],[4.189946,43.657307],[4.189424,43.657932],[4.18927,43.658155],[4.189115,43.658426],[4.189011,43.658712],[4.188918,43.658882],[4.188815,43.659023],[4.18866,43.65917],[4.188493,43.659308],[4.188032,43.659609],[4.187864,43.659765],[4.18771,43.659935],[4.187597,43.660135],[4.187445,43.660374],[4.187254,43.660641],[4.187111,43.660933],[4.186914,43.661416],[4.186813,43.661692],[4.186712,43.661968],[4.186611,43.662298],[4.186552,43.662563],[4.186541,43.662871],[4.186592,43.663444],[4.186524,43.663791],[4.186409,43.664144],[4.186321,43.664342],[4.18611,43.664729],[4.185932,43.664978],[4.185689,43.665287],[4.185539,43.665454],[4.185348,43.665644],[4.185073,43.665884],[4.184923,43.666081],[4.18486,43.666196],[4.184621,43.666468],[4.18455,43.666518],[4.184113,43.666739],[4.183924,43.666801],[4.183811,43.666823],[4.183502,43.666842],[4.183178,43.66687],[4.182946,43.666897],[4.182752,43.666941],[4.182673,43.66698],[4.181829,43.667303],[4.181753,43.667332],[4.181559,43.66744],[4.181423,43.667524],[4.181258,43.667684],[4.181122,43.667829],[4.180984,43.668019],[4.180896,43.668173],[4.180809,43.668366],[4.180757,43.668535],[4.180717,43.668727],[4.180695,43.668881],[4.180698,43.669139],[4.180725,43.669668],[4.180803,43.670689],[4.180791,43.670926],[4.180768,43.671038],[4.180724,43.67114],[4.180645,43.671253],[4.18054,43.671341],[4.180393,43.671429],[4.18022,43.6715],[4.180102,43.67154],[4.179866,43.671595],[4.17963,43.671629],[4.178921,43.671716],[4.178565,43.671781],[4.178041,43.671895],[4.177789,43.671991],[4.177589,43.672095],[4.177484,43.672174],[4.177409,43.672278],[4.177379,43.6724],[4.177371,43.672519],[4.177393,43.672664],[4.177435,43.672764],[4.1775,43.672881],[4.177574,43.672983],[4.177638,43.673066],[4.177851,43.673287],[4.178589,43.674],[4.178948,43.674322],[4.179077,43.674477],[4.179246,43.674772],[4.179299,43.674916],[4.179324,43.675087],[4.179321,43.675242],[4.179303,43.67535],[4.179264,43.67547],[4.179177,43.675613],[4.179046,43.675773],[4.178786,43.676017],[4.178335,43.676311],[4.178142,43.67639],[4.177921,43.676452],[4.177524,43.676549],[4.17701,43.676612],[4.17647,43.676654],[4.176139,43.676662],[4.175619,43.676658],[4.175258,43.676677],[4.17498,43.676719],[4.174842,43.676766],[4.174582,43.676871],[4.17443,43.676954],[4.174219,43.677104],[4.173864,43.677404],[4.173805,43.677481],[4.173622,43.677816],[4.173368,43.678411],[4.173212,43.678679],[4.172845,43.679251],[4.172579,43.679608],[4.171924,43.68044],[4.17176,43.680598],[4.171451,43.680874],[4.171302,43.680973],[4.171109,43.681084],[4.170715,43.681252],[4.170634,43.681296],[4.170435,43.681425],[4.169562,43.681989],[4.168486,43.682837],[4.167565,43.683997],[4.167212,43.684413],[4.16632,43.684946],[4.163895,43.686373],[4.163241,43.68684],[4.16297,43.687285],[4.162802,43.68786],[4.162959,43.688806],[4.163253,43.689615],[4.16365,43.690154],[4.16379,43.690348],[4.164231,43.691229],[4.16436,43.691733],[4.164375,43.692535],[4.164228,43.692884],[4.164172,43.69302],[4.163865,43.693452],[4.163815,43.693524],[4.163706,43.693716],[4.163666,43.693785],[4.163614,43.693879],[4.163457,43.694066],[4.163475,43.694183],[4.163497,43.694322],[4.163693,43.694566],[4.163705,43.694579],[4.164018,43.694967],[4.164135,43.695112],[4.164164,43.695327],[4.164208,43.695649],[4.164209,43.695667],[4.164251,43.695707],[4.164623,43.696074],[4.164949,43.696324],[4.165413,43.696678],[4.166056,43.697288],[4.166397,43.697807],[4.166613,43.698467],[4.166575,43.69911],[4.166492,43.699695],[4.166257,43.700034],[4.165922,43.700367],[4.1651,43.700966],[4.164779,43.701225],[4.164521,43.701433],[4.164068,43.701799],[4.163945,43.701899],[4.16389,43.701942],[4.163829,43.702022],[4.163662,43.702237],[4.163541,43.702395],[4.163409,43.703],[4.163497,43.704505],[4.163553,43.704797],[4.16366,43.706079],[4.163643,43.706666],[4.163531,43.706874],[4.163446,43.707012],[4.163287,43.707171],[4.16249,43.707641],[4.161861,43.708058],[4.161224,43.708714],[4.161137,43.708806],[4.161056,43.708888],[4.160109,43.709892],[4.159467,43.710592],[4.158736,43.711262],[4.157902,43.711913],[4.157722,43.712053],[4.15749,43.71223],[4.15716,43.712442],[4.156722,43.712723],[4.156357,43.712957],[4.155938,43.713225],[4.155734,43.713371],[4.155554,43.713461],[4.155488,43.71351],[4.155204,43.713661],[4.154907,43.713882],[4.154628,43.714151],[4.154364,43.714353],[4.153772,43.714871],[4.153483,43.715135],[4.153285,43.715352],[4.153108,43.715592],[4.152868,43.715947],[4.152648,43.716227],[4.152627,43.716253],[4.152244,43.71675],[4.15214,43.716944],[4.151988,43.717182],[4.151946,43.717239],[4.151876,43.717332],[4.151602,43.717761],[4.151457,43.717959],[4.15134,43.718193],[4.151309,43.718381],[4.151235,43.718606],[4.151236,43.71863],[4.151247,43.718772],[4.151199,43.719001],[4.151205,43.719252],[4.151242,43.719704],[4.151243,43.719988],[4.151297,43.720456],[4.151302,43.720735],[4.151281,43.721658],[4.151264,43.721904],[4.151207,43.722198],[4.15115,43.722378],[4.151064,43.722486],[4.150941,43.722719],[4.150788,43.722997],[4.150762,43.723031],[4.150664,43.723158],[4.15053,43.723275],[4.150415,43.723404],[4.150273,43.723531],[4.150053,43.723671],[4.149861,43.72376],[4.149178,43.724106],[4.14885,43.72428],[4.148562,43.724453],[4.14828,43.724579],[4.147953,43.72477],[4.14747,43.725124],[4.147265,43.725265],[4.147164,43.725336],[4.146899,43.725498],[4.146753,43.725622],[4.146564,43.725806],[4.146366,43.726017],[4.146239,43.726248],[4.146042,43.726766],[4.145892,43.727528],[4.145788,43.728316],[4.145626,43.72884],[4.145478,43.729418],[4.145349,43.729858],[4.145188,43.730516],[4.145089,43.730967],[4.145031,43.731443],[4.144973,43.731845],[4.144957,43.732151],[4.145024,43.732283],[4.144998,43.73251],[4.144997,43.733161],[4.144771,43.733775],[4.144508,43.73433],[4.144299,43.734726],[4.143986,43.735325],[4.143861,43.735564],[4.143486,43.736098],[4.143302,43.736327],[4.14323,43.736417],[4.143146,43.736526],[4.14288,43.736854],[4.142651,43.737119],[4.142413,43.737393],[4.142385,43.737412],[4.142357,43.73743],[4.141683,43.737876],[4.141101,43.738229],[4.140513,43.738529],[4.139714,43.73892],[4.13947,43.739047],[4.139359,43.739105],[4.138777,43.739302],[4.137751,43.739576],[4.13683,43.739801],[4.135971,43.740003],[4.135457,43.740151],[4.135056,43.740232],[4.134314,43.740375],[4.13381,43.740427],[4.133222,43.740524],[4.132657,43.740577],[4.132056,43.74063],[4.131453,43.740639],[4.130805,43.740667],[4.130143,43.740668],[4.129468,43.740688],[4.129069,43.740668],[4.12849,43.740607],[4.127726,43.740445],[4.126912,43.740247],[4.126168,43.740004],[4.125918,43.739921],[4.125654,43.739824],[4.125079,43.739537],[4.124399,43.739142],[4.123908,43.738756],[4.123494,43.738457],[4.123249,43.738179],[4.123037,43.737954],[4.1229,43.737677],[4.122701,43.737398],[4.122524,43.737201],[4.12239,43.737103],[4.122262,43.736971],[4.121934,43.736844],[4.121477,43.73681],[4.121125,43.736809],[4.120675,43.736839],[4.120342,43.736911],[4.12,43.736943],[4.119689,43.73698],[4.119215,43.737052],[4.118688,43.737076],[4.117982,43.737081],[4.117669,43.737007],[4.117268,43.73693],[4.116385,43.736935],[4.115879,43.737009],[4.115351,43.737166],[4.11481,43.737385],[4.114236,43.737701],[4.113771,43.737994],[4.113145,43.73848],[4.112455,43.739079],[4.111877,43.739756],[4.111686,43.740003],[4.111605,43.740105],[4.111445,43.74025],[4.11115,43.74065],[4.110693,43.741026],[4.109568,43.74169],[4.108915,43.742234],[4.10869,43.742464],[4.108567,43.742853],[4.108544,43.743237],[4.108398,43.743962],[4.107964,43.744632],[4.10739,43.745853],[4.107168,43.74622],[4.106708,43.746774],[4.104973,43.748405],[4.104602,43.748615],[4.104033,43.748794],[4.103563,43.74893],[4.103142,43.749029],[4.102657,43.749138],[4.102162,43.749174],[4.101616,43.749246],[4.100983,43.749328],[4.100489,43.749364],[4.099906,43.749418],[4.099459,43.749473],[4.099175,43.7496],[4.098989,43.749699],[4.098853,43.749851],[4.098755,43.749977],[4.098546,43.750221],[4.098372,43.750347],[4.098088,43.750517],[4.097592,43.750715],[4.096379,43.751166],[4.095167,43.751652],[4.094348,43.751984],[4.094052,43.75212],[4.093866,43.752112],[4.093629,43.752138],[4.093469,43.752192],[4.093308,43.752273],[4.093148,43.752427],[4.092963,43.752552],[4.092789,43.752678],[4.092629,43.752822],[4.092531,43.752975],[4.092395,43.75321],[4.09231,43.753434],[4.092211,43.753658],[4.092162,43.753902],[4.09209,43.754198],[4.092029,43.754522],[4.092056,43.754917],[4.092081,43.755178],[4.092158,43.755421],[4.092244,43.755609],[4.092357,43.75578],[4.092506,43.755932],[4.092618,43.756022],[4.092718,43.756085],[4.092781,43.756184],[4.092844,43.756372],[4.09287,43.756624],[4.092946,43.756858],[4.092933,43.75701],[4.092846,43.757154],[4.09284,43.757171],[4.092774,43.757334],[4.092787,43.757622],[4.092777,43.758062],[4.092816,43.758359],[4.092755,43.758683],[4.092706,43.758899],[4.092633,43.759105],[4.092509,43.759348],[4.092363,43.759591],[4.092141,43.759887],[4.092024,43.760062],[4.091881,43.760274],[4.091697,43.760481],[4.091548,43.760643],[4.091325,43.760795],[4.091127,43.760913],[4.090929,43.761012],[4.090645,43.761138],[4.090411,43.761309],[4.090238,43.761408],[4.090188,43.761543],[4.090213,43.761669],[4.090312,43.761795],[4.09045,43.761875],[4.090598,43.761947],[4.090824,43.761973],[4.091144,43.761992],[4.091394,43.761973],[4.091554,43.76191],[4.09174,43.76182],[4.091864,43.761775],[4.092,43.761749],[4.092148,43.761748],[4.092237,43.761775],[4.092385,43.76182],[4.092584,43.761936],[4.092783,43.762062],[4.09297,43.762142],[4.093132,43.762296],[4.093208,43.762485],[4.093232,43.762673],[4.093147,43.762817],[4.09301,43.762924],[4.092886,43.763023],[4.09265,43.763159],[4.092342,43.763321],[4.092057,43.763447],[4.0917,43.763627],[4.091426,43.763762],[4.091191,43.763924],[4.090869,43.764176],[4.090375,43.764536],[4.089781,43.764949],[4.089459,43.765129],[4.089273,43.765202],[4.089011,43.765246],[4.088644,43.765236],[4.087832,43.765331],[4.087271,43.765628],[4.086084,43.766878],[4.085822,43.767095],[4.085509,43.767542],[4.085247,43.767984],[4.085091,43.768297],[4.084733,43.768217],[4.084132,43.768196],[4.083818,43.768217],[4.083618,43.76823],[4.083659,43.768455],[4.083401,43.768447],[4.082886,43.768432],[4.082809,43.768426],[4.082365,43.768389],[4.082089,43.768364],[4.081978,43.76835],[4.08194,43.768333],[4.08182,43.768328],[4.081151,43.768248],[4.079665,43.768077],[4.079568,43.768074],[4.079044,43.768003],[4.078842,43.767975],[4.078804,43.767974],[4.078405,43.767918],[4.077995,43.767869],[4.074653,43.767751],[4.073824,43.767765],[4.073593,43.767682],[4.073509,43.767644],[4.07346,43.767609],[4.073343,43.767529],[4.073222,43.767468],[4.073106,43.767427],[4.07302,43.767416],[4.072942,43.767413],[4.07284,43.767401],[4.072771,43.767377],[4.072596,43.767297],[4.072562,43.767282],[4.072323,43.76717],[4.072225,43.767138],[4.072144,43.767122],[4.072059,43.767114],[4.071933,43.767099],[4.071789,43.767072],[4.071667,43.767039],[4.071406,43.766967],[4.071173,43.766883],[4.071118,43.766852],[4.070994,43.766782],[4.070915,43.766727],[4.070849,43.766694],[4.070761,43.766663],[4.070674,43.766655],[4.070605,43.766661],[4.070533,43.76668],[4.070462,43.766713],[4.070419,43.766762],[4.070391,43.766815],[4.070366,43.76688],[4.070332,43.766952],[4.07031,43.767009],[4.07026,43.767061],[4.070194,43.767126],[4.07012,43.76718],[4.070043,43.767189],[4.069974,43.767182],[4.06968,43.767087],[4.069469,43.767],[4.069398,43.766966],[4.069281,43.766863],[4.069212,43.766803],[4.069017,43.766649],[4.068798,43.766489],[4.068607,43.766383],[4.068571,43.766363],[4.068524,43.766323],[4.068465,43.766197],[4.068428,43.766156],[4.068507,43.766094],[4.068546,43.766056],[4.068603,43.766045],[4.068666,43.766022],[4.068698,43.765978],[4.068705,43.765953],[4.0687,43.765908],[4.06867,43.765811],[4.06857,43.765847],[4.068392,43.765902],[4.068298,43.765836],[4.068034,43.76561],[4.067755,43.765416],[4.067707,43.765389],[4.067687,43.76536],[4.067691,43.765331],[4.067716,43.765301],[4.067716,43.76528],[4.067675,43.765231],[4.067611,43.765174],[4.06755,43.765119],[4.067534,43.765086],[4.067435,43.764976],[4.06739,43.765083],[4.067319,43.765241],[4.067309,43.765318],[4.0673,43.765368],[4.067313,43.765428],[4.067292,43.765518],[4.06722,43.765596],[4.067148,43.765668],[4.067062,43.765748],[4.067002,43.765785],[4.066904,43.765814],[4.066694,43.765877],[4.06659,43.765914],[4.066502,43.765951],[4.066328,43.766042],[4.066176,43.766137],[4.066073,43.766203],[4.065957,43.766283],[4.065867,43.766354],[4.065847,43.766379],[4.06574,43.76651],[4.065712,43.766543],[4.065568,43.766751],[4.065513,43.76681],[4.065441,43.766861],[4.06527,43.766966],[4.065167,43.767032],[4.065093,43.767122],[4.065051,43.767189],[4.065023,43.767303],[4.065011,43.767389],[4.065002,43.767486],[4.065001,43.767595],[4.065001,43.767699],[4.064995,43.767848],[4.064966,43.768282],[4.064966,43.768317],[4.06497,43.768385],[4.065008,43.768515],[4.065038,43.768585],[4.065109,43.768715],[4.065145,43.768805],[4.065177,43.768899],[4.065237,43.769108],[4.065254,43.769179],[4.065249,43.769257],[4.065212,43.769369],[4.065156,43.769527],[4.0651,43.769677],[4.065047,43.769747],[4.064999,43.769863],[4.064835,43.770061],[4.064546,43.770311],[4.064249,43.770575],[4.064007,43.770825],[4.063798,43.771135],[4.063643,43.771432],[4.063548,43.771649],[4.063484,43.771887],[4.063439,43.772082],[4.063373,43.772199],[4.063287,43.772291],[4.063156,43.772349],[4.063003,43.772393],[4.062746,43.772423],[4.062464,43.772445],[4.062259,43.772449],[4.062114,43.772443],[4.061954,43.772418],[4.061792,43.772383],[4.061593,43.772329],[4.061429,43.772311],[4.061243,43.772311],[4.061106,43.772326],[4.061052,43.772346],[4.060956,43.772378],[4.060864,43.772433],[4.060564,43.772746],[4.060272,43.773002],[4.059961,43.773238],[4.059701,43.773351],[4.059464,43.773418],[4.059311,43.773435],[4.059213,43.773432],[4.059098,43.773393],[4.058963,43.773301],[4.058897,43.773248],[4.058829,43.773166],[4.058765,43.773095],[4.058719,43.773034],[4.058666,43.77298],[4.058548,43.772919],[4.058303,43.772807],[4.057913,43.772656],[4.057647,43.772542],[4.057461,43.772489],[4.057383,43.772468],[4.057262,43.772444],[4.057152,43.772438],[4.057035,43.772445],[4.0569,43.772447],[4.056794,43.772433],[4.05674,43.772393],[4.056694,43.772343],[4.05665,43.77232],[4.056583,43.772295],[4.05647,43.772275],[4.056356,43.772189],[4.056189,43.772096],[4.055978,43.772038],[4.055645,43.772017],[4.055421,43.77201],[4.055123,43.772013],[4.054826,43.772043],[4.054565,43.772055],[4.054292,43.772084],[4.054057,43.772122],[4.053737,43.772251],[4.053443,43.772416],[4.053088,43.772652],[4.052752,43.772891],[4.052329,43.773241],[4.052099,43.773452],[4.051796,43.773796],[4.051579,43.774039],[4.051445,43.774222],[4.051362,43.774392],[4.051305,43.7746],[4.051307,43.774743],[4.05133,43.774856],[4.0514,43.775018],[4.051572,43.775168],[4.051719,43.775278],[4.051889,43.775388],[4.052079,43.77552],[4.052159,43.775614],[4.052236,43.775726],[4.052261,43.775802],[4.052238,43.775901],[4.05214,43.775991],[4.052222,43.776135],[4.052357,43.776373],[4.052475,43.77658],[4.052819,43.776874],[4.052865,43.776921],[4.05295,43.777029],[4.053041,43.777129],[4.053143,43.777228],[4.053295,43.777327],[4.05345,43.777411],[4.053571,43.777474],[4.053626,43.777517],[4.053686,43.77759],[4.053717,43.777665],[4.053734,43.777776],[4.053754,43.777937],[4.053777,43.778108],[4.053792,43.778166],[4.053637,43.778229],[4.053147,43.778432],[4.053006,43.778395],[4.05285,43.778377],[4.052618,43.778367],[4.052406,43.77836],[4.052251,43.77834],[4.052111,43.778311],[4.05198,43.77826],[4.051858,43.778199],[4.051785,43.778155],[4.051768,43.778185],[4.051737,43.778262],[4.051628,43.77846],[4.051546,43.778589],[4.051476,43.778701],[4.051445,43.778743],[4.051398,43.778802],[4.051326,43.778865],[4.051682,43.779524],[4.051417,43.780002],[4.051712,43.780269],[4.051972,43.780504],[4.053183,43.781589],[4.053304,43.781697],[4.053312,43.781713],[4.053555,43.782204],[4.05395,43.783005],[4.054213,43.783536],[4.053945,43.783716],[4.05384,43.783732],[4.053102,43.784223],[4.053261,43.78448],[4.053281,43.784519],[4.053322,43.784604],[4.053325,43.78462],[4.053328,43.784643],[4.053321,43.784692],[4.053288,43.784974],[4.05329,43.785056],[4.053296,43.78518],[4.053391,43.785189],[4.053685,43.785236],[4.053632,43.785374],[4.053567,43.785558],[4.053508,43.7856],[4.052957,43.785926],[4.052936,43.786174],[4.052378,43.786371],[4.052217,43.786208],[4.051806,43.786422],[4.051274,43.786678],[4.050643,43.787002],[4.05046,43.787108],[4.050498,43.787143],[4.050498,43.787223],[4.050464,43.787312],[4.050393,43.787416],[4.05027,43.787541],[4.050174,43.787599],[4.050118,43.787633],[4.049975,43.787839],[4.049856,43.788034],[4.049735,43.788288],[4.04953,43.788781],[4.049448,43.788962],[4.049406,43.789054],[4.049373,43.789067],[4.049193,43.789414],[4.048655,43.789697],[4.048304,43.789737],[4.047736,43.789889],[4.047413,43.789916],[4.046965,43.789957],[4.046768,43.789977],[4.04666,43.789979],[4.046524,43.790006],[4.046423,43.79001],[4.046294,43.790005],[4.046014,43.789961],[4.046116,43.790406],[4.046158,43.79059],[4.045875,43.790839],[4.045783,43.79092],[4.044916,43.791121],[4.04429,43.791778],[4.043758,43.79174],[4.043183,43.791699],[4.042821,43.79225],[4.042562,43.792732],[4.041955,43.79291],[4.041711,43.792983],[4.041326,43.793202],[4.041417,43.793268],[4.041449,43.79328],[4.041534,43.793389],[4.040494,43.793888],[4.040071,43.794136],[4.039567,43.794427],[4.039349,43.794564],[4.039187,43.794723],[4.038866,43.795096],[4.038647,43.79535],[4.038244,43.795783],[4.037874,43.795609],[4.03786,43.795605],[4.037562,43.795837],[4.037168,43.79616],[4.036803,43.796449],[4.036557,43.796637],[4.036384,43.796776],[4.036212,43.796916],[4.036012,43.797078],[4.035988,43.797054],[4.035905,43.796968],[4.035838,43.796888],[4.035784,43.796813],[4.035705,43.79668],[4.035658,43.796606],[4.035622,43.796642],[4.035349,43.796831],[4.035196,43.796918],[4.035164,43.796926],[4.035114,43.796925],[4.035072,43.796923],[4.035041,43.796926],[4.03472,43.797094],[4.03448,43.797248],[4.034418,43.797296],[4.034399,43.797301],[4.034333,43.797373],[4.034259,43.797364],[4.034218,43.797367],[4.034161,43.797388],[4.034097,43.797415],[4.034045,43.79743],[4.033989,43.797443],[4.033866,43.797483],[4.033589,43.797631],[4.033525,43.797663],[4.033495,43.79768],[4.033336,43.797811],[4.033269,43.797881],[4.033217,43.797959],[4.033187,43.798033],[4.033172,43.798079],[4.033158,43.798124],[4.033093,43.798116],[4.033052,43.798112],[4.033009,43.798113],[4.03297,43.798118],[4.03292,43.798142],[4.032872,43.798171],[4.032806,43.798203],[4.032756,43.798227],[4.032694,43.798256],[4.032653,43.798283],[4.032622,43.798316],[4.032583,43.79836],[4.032512,43.798416],[4.03243,43.798463],[4.03234,43.798502],[4.032073,43.798588],[4.032007,43.798609],[4.031781,43.798678],[4.031665,43.79871],[4.031625,43.798714],[4.03136,43.798803],[4.031131,43.798916],[4.030606,43.799175],[4.030419,43.799267],[4.030444,43.799339],[4.030858,43.800556],[4.030812,43.800578],[4.030759,43.800616],[4.030712,43.800651],[4.030643,43.800687],[4.030534,43.800737],[4.030412,43.800788],[4.030144,43.800909],[4.029918,43.801023],[4.029745,43.801126],[4.029604,43.801209],[4.029465,43.801282],[4.029412,43.801312],[4.029385,43.801326],[4.029349,43.801346],[4.029284,43.801375],[4.029143,43.801427],[4.029019,43.801481],[4.028939,43.80152],[4.028812,43.801575],[4.028723,43.801604],[4.028686,43.801615],[4.028553,43.801654],[4.028447,43.801698],[4.028361,43.801745],[4.028267,43.801811],[4.028163,43.801896],[4.028056,43.801987],[4.027926,43.802079],[4.027822,43.802146],[4.027712,43.80222],[4.027594,43.802319],[4.027434,43.802444],[4.027281,43.80254],[4.027133,43.802628],[4.02699,43.802706],[4.026865,43.802773],[4.026733,43.802831],[4.026639,43.802865],[4.026547,43.802895],[4.026403,43.802935],[4.026214,43.802971],[4.026025,43.803003],[4.025866,43.803042],[4.025693,43.803095],[4.025604,43.803134],[4.025545,43.803171],[4.025508,43.803206],[4.025484,43.803239],[4.025531,43.803269],[4.0254,43.803262],[4.02532,43.803259],[4.025217,43.80326],[4.024763,43.803299],[4.024506,43.803327],[4.024324,43.803349],[4.024239,43.803373],[4.023982,43.803435],[4.023918,43.803449],[4.023709,43.803507],[4.023557,43.803531],[4.023432,43.803545],[4.023269,43.803564],[4.023098,43.803621],[4.023032,43.803633],[4.02298,43.80364],[4.022873,43.803634],[4.022757,43.803614],[4.02271,43.803609],[4.02265,43.803601],[4.022594,43.803605],[4.022543,43.803658],[4.022434,43.803754],[4.022397,43.803795],[4.022374,43.803828],[4.022339,43.80387],[4.022246,43.803935],[4.022121,43.80403],[4.022001,43.804143],[4.021915,43.804248],[4.021837,43.804358],[4.021785,43.80443],[4.021732,43.80448],[4.021693,43.804499],[4.021651,43.804516],[4.021585,43.804523],[4.021534,43.804524],[4.02147,43.804579],[4.021397,43.80464],[4.021335,43.8047],[4.021264,43.804783],[4.021215,43.804857],[4.021176,43.804913],[4.021141,43.804987],[4.021128,43.805033],[4.021109,43.805078],[4.021079,43.805114],[4.021035,43.805165],[4.020965,43.805229],[4.020855,43.80532],[4.020769,43.805385],[4.020742,43.805406],[4.020601,43.805489],[4.020467,43.805547],[4.020407,43.805573],[4.020338,43.805629],[4.02027,43.805691],[4.020242,43.805712],[4.020194,43.805731],[4.020145,43.805756],[4.02009,43.805799],[4.020048,43.805824],[4.019966,43.805854],[4.019877,43.805888],[4.019822,43.805918],[4.019699,43.805983],[4.019635,43.80602],[4.019593,43.806057],[4.019569,43.806098],[4.019546,43.806166],[4.019494,43.806326],[4.019442,43.806482],[4.019421,43.80657],[4.019398,43.806641],[4.01936,43.806703],[4.019229,43.80689],[4.019029,43.807101],[4.0189,43.807249],[4.018873,43.807281],[4.018767,43.807382],[4.018636,43.807498],[4.018498,43.80758],[4.018397,43.807628],[4.018296,43.807653],[4.018255,43.807661],[4.018166,43.807656],[4.018052,43.807632],[4.017819,43.807577],[4.017722,43.807547],[4.017624,43.80753],[4.017554,43.807523],[4.017471,43.807531],[4.017343,43.807546],[4.017196,43.807556],[4.01688,43.807563],[4.016671,43.807565],[4.016442,43.807575],[4.016248,43.807583],[4.016084,43.807596],[4.015982,43.807602],[4.015919,43.807598],[4.015763,43.807586],[4.015368,43.807561],[4.014731,43.807526],[4.014433,43.807519],[4.014342,43.807531],[4.014268,43.807568],[4.01421,43.807542],[4.01398,43.807318],[4.013904,43.807236],[4.013751,43.807292],[4.013633,43.807332],[4.013499,43.807386],[4.013335,43.807452],[4.013194,43.807501],[4.013091,43.807546],[4.012943,43.807593],[4.012815,43.807627],[4.012718,43.807662],[4.012673,43.807684],[4.012631,43.807705],[4.012528,43.80777],[4.012403,43.807797],[4.012327,43.80783],[4.012247,43.807874],[4.01221,43.807933],[4.012149,43.808017],[4.012106,43.808094],[4.012071,43.808152],[4.011987,43.808199],[4.01192,43.808241],[4.011861,43.808313],[4.011803,43.80835],[4.01173,43.808381],[4.011625,43.808421],[4.011526,43.808454],[4.011381,43.808462],[4.011297,43.808489],[4.011162,43.80852],[4.011044,43.808546],[4.010865,43.808604],[4.01075,43.808663],[4.010614,43.808711],[4.010492,43.80874],[4.010311,43.808794],[4.010147,43.808814],[4.010026,43.808817],[4.009898,43.808806],[4.009779,43.808829],[4.009646,43.808853],[4.009474,43.808865],[4.00933,43.80886],[4.009194,43.808848],[4.009073,43.808853],[4.008944,43.808871],[4.008799,43.808907],[4.008678,43.808958],[4.008582,43.80901],[4.008476,43.809056],[4.008328,43.809116],[4.008193,43.809135],[4.008047,43.809173],[4.007886,43.809229],[4.007728,43.809275],[4.007601,43.809343],[4.007495,43.809377],[4.007338,43.809415],[4.007223,43.809475],[4.007126,43.809547],[4.007057,43.809632],[4.006944,43.809748],[4.006621,43.810008],[4.006409,43.81017],[4.006289,43.81024],[4.006147,43.810299],[4.005898,43.810362],[4.005668,43.810432],[4.005542,43.810458],[4.005358,43.810481],[4.005195,43.810503],[4.005094,43.810521],[4.004983,43.810571],[4.004849,43.810627],[4.004722,43.810703],[4.004608,43.81076],[4.004493,43.810838],[4.004368,43.810936],[4.004265,43.811017],[4.004099,43.811095],[4.003947,43.811158],[4.003737,43.811241],[4.00353,43.811306],[4.003347,43.811353],[4.003216,43.811357],[4.003009,43.811385],[4.002749,43.811419],[4.002563,43.81145],[4.002412,43.811512],[4.002241,43.811589],[4.002184,43.811623],[4.002114,43.811675],[4.002057,43.81171],[4.001957,43.811748],[4.001909,43.811784],[4.001839,43.811823],[4.001777,43.811842],[4.00173,43.811889],[4.001683,43.811931],[4.001611,43.811994],[4.001581,43.812064],[4.001525,43.812152],[4.001459,43.812213],[4.001382,43.812261],[4.001346,43.812308],[4.001303,43.812379],[4.001284,43.812467],[4.00124,43.812554],[4.001178,43.812622],[4.001099,43.812682],[4.001029,43.812923],[4.000423,43.812621],[3.998301,43.811562],[3.995573,43.810201],[3.99343,43.808911],[3.993116,43.808745],[3.992702,43.808534],[3.992229,43.808292],[3.99175,43.80805],[3.991231,43.807804],[3.990482,43.807447],[3.989896,43.807171],[3.989404,43.806963],[3.988876,43.806739],[3.988491,43.806581],[3.988102,43.806418],[3.988053,43.806398],[3.987584,43.806197],[3.987197,43.806046],[3.98678,43.80586],[3.986293,43.805662],[3.985506,43.805333],[3.985391,43.805294],[3.985235,43.805229],[3.983959,43.804711],[3.983383,43.80448],[3.982781,43.804226],[3.982687,43.804186],[3.982098,43.803978],[3.981671,43.803851],[3.981552,43.803808],[3.981039,43.803626],[3.980478,43.80343],[3.977998,43.802591],[3.977649,43.802424],[3.975784,43.801872],[3.974452,43.801496],[3.974402,43.801616],[3.973597,43.803561],[3.972284,43.80348],[3.972244,43.803473],[3.972059,43.803467],[3.971917,43.803436],[3.971682,43.803354],[3.971387,43.803259],[3.9711,43.80318],[3.970799,43.803063],[3.970412,43.802928],[3.970089,43.802809],[3.96983,43.802749],[3.969633,43.802714],[3.96943,43.802708],[3.969219,43.802722],[3.968914,43.802752],[3.968592,43.802792],[3.968417,43.802806],[3.968175,43.80279],[3.967978,43.802745],[3.96781,43.802695],[3.967703,43.802634],[3.967614,43.802596],[3.967564,43.802594],[3.967457,43.802631],[3.967442,43.802624],[3.967428,43.802622],[3.967406,43.802623],[3.967387,43.802636],[3.967377,43.802675],[3.967289,43.802556],[3.967172,43.802393],[3.967063,43.802338],[3.966818,43.802253],[3.966596,43.802192],[3.96648,43.802193],[3.966379,43.802196],[3.966185,43.802231],[3.966041,43.802275],[3.965911,43.802294],[3.965811,43.802292],[3.96571,43.802271],[3.965659,43.802262],[3.965656,43.802305],[3.965629,43.802374],[3.96558,43.802451],[3.965513,43.802533],[3.96544,43.802607],[3.965371,43.802664],[3.965289,43.802712],[3.965186,43.802755],[3.965099,43.802774],[3.965038,43.802799],[3.964969,43.802817],[3.964769,43.802879],[3.964569,43.802959],[3.964479,43.803005],[3.964414,43.803052],[3.964334,43.803133],[3.964153,43.803275],[3.964048,43.803349],[3.963972,43.803395],[3.96373,43.80351],[3.963561,43.803573],[3.963432,43.803662],[3.963365,43.80371],[3.963291,43.803781],[3.963208,43.803868],[3.963115,43.804002],[3.962974,43.804178],[3.962916,43.804281],[3.962862,43.804356],[3.962813,43.804428],[3.962789,43.804476],[3.962768,43.804528],[3.962764,43.804556],[3.962761,43.804595],[3.962754,43.804644],[3.96274,43.804696],[3.96273,43.804732],[3.9627,43.804797],[3.962651,43.80486],[3.962625,43.804882],[3.96259,43.804921],[3.962566,43.804962],[3.962542,43.805007],[3.962525,43.805029],[3.962512,43.805098],[3.962484,43.805176],[3.962448,43.805252],[3.962425,43.805307],[3.962393,43.805359],[3.96238,43.805385],[3.962382,43.805445],[3.962384,43.805465],[3.962384,43.805486],[3.962378,43.805537],[3.962357,43.805563],[3.962329,43.805612],[3.962312,43.80569],[3.962311,43.805767],[3.962307,43.805814],[3.962306,43.805868],[3.962266,43.805966],[3.96224,43.806015],[3.962197,43.806069],[3.962158,43.806108],[3.96214,43.806121],[3.962117,43.80613],[3.962063,43.806152],[3.962004,43.80619],[3.961977,43.806219],[3.961947,43.806255],[3.96124,43.805761],[3.959173,43.805036],[3.959293,43.805197],[3.959411,43.805325],[3.959513,43.805445],[3.959546,43.805503],[3.95958,43.805562],[3.959631,43.805629],[3.959708,43.805748],[3.959775,43.805817],[3.959856,43.805879],[3.95998,43.805992],[3.960039,43.806071],[3.960068,43.806122],[3.960086,43.806155],[3.960111,43.806185],[3.960186,43.806275],[3.96023,43.806338],[3.960268,43.806378],[3.960306,43.806411],[3.960335,43.80645],[3.960365,43.806501],[3.960397,43.807304],[3.960407,43.807559],[3.960721,43.808633],[3.96075,43.808677],[3.960791,43.80872],[3.960836,43.808755],[3.961,43.808905],[3.961037,43.808948],[3.961113,43.809016],[3.961187,43.809075],[3.961347,43.809211],[3.961444,43.809281],[3.961587,43.809397],[3.961646,43.80946],[3.961735,43.809493],[3.961743,43.809519],[3.961755,43.80954],[3.961783,43.809565],[3.961898,43.809642],[3.962002,43.809737],[3.961863,43.811858],[3.961723,43.813977],[3.961723,43.813986],[3.961675,43.814716],[3.961638,43.815289],[3.961585,43.816096],[3.961256,43.816436],[3.9613,43.816468],[3.961353,43.816521],[3.961403,43.816576],[3.9615,43.816685],[3.961553,43.816789],[3.961585,43.816839],[3.961613,43.816868],[3.961653,43.816908],[3.961745,43.816997],[3.961772,43.81704],[3.961812,43.817098],[3.961843,43.817136],[3.961874,43.817174],[3.96196,43.817272],[3.962036,43.817334],[3.962102,43.817386],[3.96213,43.817424],[3.962158,43.817462],[3.962213,43.817535],[3.962296,43.817616],[3.962388,43.817682],[3.962468,43.817752],[3.96259,43.817869],[3.962643,43.817964],[3.962719,43.81807],[3.962748,43.818125],[3.962755,43.818181],[3.962758,43.81822],[3.96277,43.818268],[3.962783,43.818289],[3.962814,43.818311],[3.962881,43.818347],[3.962905,43.818373],[3.962924,43.818402],[3.962958,43.818424],[3.962995,43.818446],[3.963076,43.818496],[3.963109,43.818504],[3.963133,43.818507],[3.963162,43.818505],[3.963193,43.818515],[3.963234,43.818537],[3.963253,43.818554],[3.963289,43.818589],[3.963363,43.818647],[3.963401,43.818673],[3.963427,43.818698],[3.96344,43.81871],[3.96347,43.818782],[3.963477,43.8188],[3.963482,43.818842],[3.963484,43.818873],[3.963487,43.818914],[3.9635,43.818957],[3.96351,43.818959],[3.963556,43.818973],[3.963576,43.81897],[3.963607,43.818962],[3.963631,43.818942],[3.96366,43.818929],[3.963682,43.818933],[3.963701,43.818939],[3.963736,43.818966],[3.963754,43.818995],[3.963781,43.819048],[3.963804,43.819111],[3.963795,43.81913],[3.963779,43.819152],[3.96374,43.819207],[3.963733,43.819226],[3.963735,43.819249],[3.963751,43.819269],[3.963793,43.81929],[3.963811,43.819287],[3.963846,43.819272],[3.96388,43.819261],[3.963926,43.819264],[3.963941,43.819273],[3.963963,43.81928],[3.964071,43.819355],[3.964085,43.819373],[3.96409,43.819392],[3.964091,43.81943],[3.964096,43.819461],[3.964103,43.819479],[3.964102,43.8195],[3.964074,43.819555],[3.96402,43.819668],[3.964027,43.819704],[3.964045,43.819725],[3.964138,43.819773],[3.9643,43.81984],[3.964328,43.819872],[3.964333,43.819919],[3.964327,43.819934],[3.964325,43.819992],[3.964333,43.820016],[3.964345,43.820046],[3.964364,43.820131],[3.964361,43.820148],[3.965272,43.820842],[3.965684,43.821156],[3.96571,43.821176],[3.965929,43.821343],[3.966107,43.821478],[3.966265,43.821598],[3.968138,43.82305],[3.970012,43.824501],[3.97011,43.824568],[3.970351,43.824757],[3.970534,43.824915],[3.970592,43.824973],[3.970604,43.824985],[3.970709,43.825111],[3.970844,43.825282],[3.970969,43.825448],[3.971073,43.825599],[3.971212,43.825703],[3.971297,43.825752],[3.971501,43.825841],[3.971684,43.825959],[3.971824,43.826092],[3.971892,43.826183],[3.971913,43.826225],[3.972027,43.82624],[3.97209,43.826265],[3.972325,43.826416],[3.972556,43.826551],[3.97269,43.826633],[3.97305,43.826895],[3.975018,43.827547],[3.976283,43.828373],[3.978082,43.829655],[3.977106,43.830964],[3.976851,43.831308],[3.975621,43.83296],[3.974696,43.834196],[3.974311,43.834718],[3.974131,43.834961],[3.974017,43.835115],[3.97359,43.835678],[3.973253,43.836124],[3.972892,43.836681],[3.972605,43.837128],[3.97254,43.837229],[3.972926,43.837273],[3.972996,43.837301],[3.973057,43.837325],[3.973269,43.83741],[3.973524,43.837488],[3.973792,43.837581],[3.973838,43.837597],[3.974117,43.837682],[3.974455,43.837785],[3.974745,43.837874],[3.975023,43.838021],[3.975292,43.838194],[3.975526,43.838335],[3.975576,43.838368],[3.975773,43.838582],[3.976028,43.838705],[3.976352,43.838854],[3.976664,43.838921],[3.976827,43.838988],[3.976981,43.839099],[3.977392,43.839501],[3.977537,43.839639],[3.977631,43.83985],[3.977769,43.840079],[3.977985,43.840348],[3.978391,43.840851],[3.978764,43.841316],[3.97923,43.841788],[3.979794,43.842293],[3.979979,43.842451],[3.980013,43.84248],[3.980177,43.842618],[3.980316,43.842713],[3.980436,43.842851],[3.980536,43.842993],[3.980649,43.843114],[3.979627,43.842928],[3.979362,43.84288],[3.979207,43.842901],[3.978722,43.842967],[3.978495,43.842998],[3.97841,43.843004],[3.978202,43.843024],[3.977962,43.843048],[3.977909,43.843059],[3.977652,43.843118],[3.977451,43.843172],[3.977338,43.843233],[3.97722,43.843289],[3.977071,43.843342],[3.976877,43.843387],[3.976766,43.84341],[3.976654,43.84347],[3.97646,43.843507],[3.976242,43.843542],[3.976174,43.843542],[3.976104,43.843541],[3.976006,43.843531],[3.975885,43.843534],[3.975837,43.843556],[3.975728,43.843629],[3.975583,43.843746],[3.975387,43.843905],[3.975195,43.843909],[3.974922,43.843942],[3.974752,43.843982],[3.97448,43.8441],[3.97428,43.844199],[3.974187,43.844239],[3.97413,43.844261],[3.97402,43.844278],[3.973681,43.844308],[3.973377,43.844316],[3.97313,43.844349],[3.972855,43.844398],[3.972682,43.844405],[3.972571,43.844405],[3.972449,43.844414],[3.972353,43.844461],[3.972274,43.844477],[3.972182,43.844481],[3.972067,43.844494],[3.971984,43.844532],[3.971942,43.844561],[3.971877,43.844628],[3.971756,43.844595],[3.971644,43.84453],[3.971535,43.844482],[3.971394,43.844407],[3.971258,43.844349],[3.971067,43.844291],[3.97104,43.844282],[3.970861,43.844223],[3.970739,43.844184],[3.970648,43.84415],[3.970544,43.84409],[3.970427,43.844018],[3.970177,43.843842],[3.970128,43.843813],[3.969972,43.843719],[3.969805,43.843652],[3.969517,43.843568],[3.969178,43.843499],[3.968884,43.843431],[3.968707,43.843402],[3.96864,43.843398],[3.968573,43.843405],[3.968401,43.843386],[3.968302,43.843384],[3.968096,43.843396],[3.967798,43.843416],[3.967424,43.843419],[3.967165,43.843428],[3.966959,43.843416],[3.96667,43.84338],[3.966492,43.843364],[3.966241,43.843358],[3.965917,43.84337],[3.965824,43.843375],[3.96546,43.843406],[3.965325,43.843419],[3.965178,43.843434],[3.965064,43.843433],[3.964924,43.843411],[3.964869,43.843401],[3.964815,43.843392],[3.964036,43.843325],[3.963046,43.843241],[3.962711,43.843211],[3.962532,43.843203],[3.962222,43.843167],[3.961731,43.84311],[3.961589,43.843105],[3.96143,43.84311],[3.960969,43.843176],[3.960765,43.8432],[3.960737,43.843204],[3.960694,43.843208],[3.960547,43.843218],[3.960332,43.843245],[3.960192,43.843275],[3.960056,43.843338],[3.959762,43.843535],[3.95957,43.843649],[3.959478,43.843688],[3.959387,43.843694],[3.95935,43.843696],[3.959311,43.843698],[3.959261,43.8437],[3.959033,43.843695],[3.958944,43.843694],[3.958562,43.843684],[3.958402,43.843672],[3.958227,43.843652],[3.95818,43.843639],[3.957864,43.844157],[3.957738,43.844358],[3.957679,43.844415],[3.957685,43.844471],[3.95767,43.844547],[3.957617,43.844654],[3.957532,43.844815],[3.95749,43.844897],[3.957388,43.84501],[3.957351,43.845069],[3.956972,43.845605],[3.95696,43.845647],[3.95691,43.845826],[3.9569,43.845862],[3.956882,43.84601],[3.956875,43.84607],[3.956836,43.846308],[3.956836,43.84639],[3.95685,43.846444],[3.956917,43.846617],[3.957026,43.846894],[3.95709,43.846991],[3.957107,43.847078],[3.957113,43.847197],[3.957261,43.84759],[3.957315,43.847661],[3.957375,43.847799],[3.957441,43.848002],[3.957456,43.848152],[3.95746,43.848179],[3.957481,43.84831],[3.957541,43.848553],[3.957584,43.848665],[3.957713,43.848869],[3.957793,43.849052],[3.957798,43.849128],[3.957791,43.849222],[3.957786,43.849309],[3.957814,43.84946],[3.957847,43.849685],[3.957873,43.849942],[3.957878,43.850019],[3.957897,43.850112],[3.957942,43.850264],[3.957981,43.850536],[3.958049,43.850831],[3.958091,43.851079],[3.95813,43.851291],[3.958183,43.851455],[3.95818,43.851499],[3.958161,43.851555],[3.958418,43.852297],[3.95855,43.852738],[3.958619,43.852905],[3.958721,43.853151],[3.958856,43.853351],[3.958838,43.853461],[3.958793,43.85357],[3.958654,43.853767],[3.958575,43.853863],[3.958493,43.853942],[3.95845,43.853981],[3.958348,43.854056],[3.956634,43.854011],[3.956562,43.854006],[3.954151,43.853963],[3.953134,43.853914],[3.951937,43.853855],[3.949535,43.85374],[3.949464,43.853734],[3.949362,43.853724],[3.949252,43.853698],[3.94921,43.853692],[3.949128,43.853686],[3.949011,43.853673],[3.948881,43.853675],[3.948746,43.853675],[3.948586,43.853669],[3.94843,43.853666],[3.948293,43.853661],[3.94824,43.853655],[3.948183,43.853649],[3.948091,43.85364],[3.947972,43.853644],[3.947845,43.853634],[3.947711,43.853629],[3.947602,43.85364],[3.94748,43.853637],[3.947388,43.853632],[3.947282,43.85363],[3.945935,43.853585],[3.945504,43.853571],[3.944721,43.853546],[3.944575,43.853541],[3.942727,43.85348],[3.942452,43.853472],[3.941678,43.853447],[3.94095,43.853423],[3.940752,43.853436],[3.937802,43.853629],[3.937797,43.853619],[3.937712,43.853462],[3.937679,43.853407],[3.937076,43.853496],[3.936333,43.853607],[3.93531,43.853759],[3.934746,43.853844],[3.931318,43.85457],[3.930953,43.854648],[3.930589,43.854728],[3.929272,43.855017],[3.928964,43.855089],[3.928449,43.855208],[3.928322,43.855238],[3.92778,43.855365],[3.927516,43.855486],[3.926853,43.855791],[3.926633,43.855892],[3.92467,43.856797],[3.92441,43.857032],[3.92406,43.8576],[3.923895,43.857765],[3.922127,43.858368],[3.922125,43.858414],[3.922081,43.859694],[3.921978,43.86072],[3.921941,43.860802],[3.921917,43.860893],[3.921881,43.860981],[3.921836,43.861057],[3.921794,43.861161],[3.921769,43.861253],[3.921755,43.861334],[3.921742,43.86143],[3.921704,43.861516],[3.921663,43.861596],[3.921633,43.861678],[3.921591,43.861779],[3.921567,43.861869],[3.921544,43.861959],[3.920777,43.863987],[3.920413,43.864593],[3.920073,43.865157],[3.919256,43.86652],[3.918839,43.867212],[3.918038,43.868548],[3.917934,43.86872],[3.917877,43.868815],[3.917823,43.87027],[3.917798,43.871005],[3.917684,43.87115],[3.917551,43.871301],[3.917908,43.872939],[3.91798,43.873266],[3.918201,43.874276],[3.91842,43.875285],[3.91864,43.876295],[3.918692,43.876532],[3.918724,43.876676],[3.918828,43.876989],[3.918895,43.877188],[3.919568,43.881309]]]]}}