{"type":"Feature","properties":{"cogdepartement":"30","siren":null,"cogregion":"76","nom":"Gard"},"geometry":{"type":"MultiPolygon","coordinates":[[[[4.12741,43.513796],[4.126809,43.514454],[4.126891,43.514949],[4.127829,43.514758],[4.128725,43.515181],[4.128565,43.51537],[4.12829,43.51543],[4.127862,43.515208],[4.126763,43.515443],[4.126832,43.515917],[4.127714,43.516327],[4.128109,43.51589],[4.12909,43.515687],[4.12981,43.516031],[4.129476,43.516398],[4.128991,43.516167],[4.128488,43.516271],[4.128106,43.516698],[4.129216,43.517233],[4.129109,43.51734],[4.129688,43.517625],[4.130177,43.517516],[4.129997,43.516359],[4.130272,43.516304],[4.130605,43.516466],[4.131152,43.515855],[4.129827,43.515224],[4.130004,43.515024],[4.130375,43.514955],[4.131889,43.515683],[4.132786,43.515491],[4.132718,43.51507],[4.132518,43.515111],[4.132432,43.514505],[4.131535,43.514691],[4.13075,43.514321],[4.13068,43.513865],[4.131281,43.513745],[4.131331,43.514066],[4.131641,43.51421],[4.132391,43.514053],[4.132305,43.513551],[4.132798,43.513023],[4.132313,43.512799],[4.131322,43.513009],[4.131364,43.513302],[4.130251,43.513531],[4.130204,43.513219],[4.130573,43.513139],[4.130503,43.512699],[4.129177,43.512987],[4.128791,43.513406],[4.12974,43.513854],[4.129811,43.514317],[4.130171,43.514239],[4.130214,43.514553],[4.129524,43.514699],[4.129498,43.514613],[4.129444,43.514719],[4.128935,43.514465],[4.128862,43.513972],[4.127868,43.513493],[4.127524,43.513682],[4.127363,43.513555],[4.127219,43.513724],[4.12741,43.513796]]],[[[4.135226,43.509847],[4.135483,43.509325],[4.135114,43.509253],[4.134431,43.509457],[4.134332,43.509609],[4.134554,43.50982],[4.134879,43.509888],[4.135226,43.509847]]],[[[3.919568,43.881309],[3.918545,43.882963],[3.917392,43.88558],[3.917986,43.886639],[3.916879,43.887856],[3.916375,43.88791],[3.91554,43.887803],[3.914232,43.887792],[3.913312,43.887936],[3.911301,43.889139],[3.910748,43.886585],[3.909988,43.885861],[3.908411,43.883912],[3.903288,43.879243],[3.897706,43.877665],[3.893036,43.877681],[3.892301,43.877857],[3.890911,43.878476],[3.889514,43.878601],[3.888851,43.878509],[3.887128,43.878533],[3.88653,43.878404],[3.885914,43.878444],[3.884924,43.878285],[3.88176,43.878167],[3.880158,43.878239],[3.878174,43.878511],[3.877609,43.87843],[3.876311,43.878476],[3.874354,43.878143],[3.87285,43.877722],[3.871674,43.87756],[3.871586,43.877457],[3.870864,43.87718],[3.870398,43.876871],[3.870059,43.876363],[3.869892,43.876235],[3.869516,43.876179],[3.868848,43.876206],[3.868344,43.876449],[3.868232,43.876639],[3.868086,43.87669],[3.866276,43.876981],[3.862875,43.876993],[3.86063,43.876789],[3.857578,43.877144],[3.856925,43.877154],[3.856794,43.877117],[3.855948,43.876034],[3.854818,43.875164],[3.854623,43.87506],[3.8538,43.87492],[3.853548,43.874759],[3.852339,43.873279],[3.851456,43.86989],[3.851455,43.869564],[3.851885,43.86753],[3.850329,43.868075],[3.848482,43.868407],[3.846207,43.868942],[3.845774,43.869241],[3.844895,43.86932],[3.843121,43.869795],[3.840883,43.869998],[3.837975,43.87072],[3.832297,43.867622],[3.831676,43.867235],[3.830716,43.866432],[3.830349,43.866769],[3.830137,43.866805],[3.829791,43.867022],[3.829649,43.86729],[3.824965,43.871649],[3.824838,43.871571],[3.824073,43.871807],[3.823128,43.871355],[3.822439,43.871462],[3.82241,43.871607],[3.82402,43.873143],[3.822588,43.873477],[3.822664,43.874338],[3.817126,43.875572],[3.810604,43.877524],[3.806747,43.877859],[3.803881,43.879194],[3.799661,43.891168],[3.800617,43.892042],[3.80148,43.893032],[3.803863,43.895159],[3.806744,43.89757],[3.809216,43.899905],[3.819567,43.91073],[3.820061,43.911078],[3.821608,43.913211],[3.822011,43.914536],[3.823723,43.917546],[3.823685,43.917796],[3.824314,43.918748],[3.825212,43.919418],[3.826239,43.920405],[3.827975,43.922593],[3.828431,43.923351],[3.82902,43.924512],[3.828054,43.925604],[3.826646,43.926971],[3.82628,43.927202],[3.824416,43.927317],[3.824069,43.928311],[3.823539,43.929442],[3.823984,43.929796],[3.82474,43.930145],[3.825374,43.930631],[3.82557,43.930952],[3.825661,43.932075],[3.826562,43.933231],[3.826892,43.933946],[3.827098,43.934707],[3.827115,43.935831],[3.827,43.936192],[3.826703,43.936691],[3.824576,43.938608],[3.824086,43.938929],[3.822996,43.940078],[3.820348,43.94237],[3.819757,43.942368],[3.819275,43.942209],[3.817869,43.942042],[3.817532,43.941864],[3.817165,43.941861],[3.817071,43.941633],[3.81691,43.941491],[3.816215,43.941445],[3.815371,43.941584],[3.814486,43.940988],[3.813504,43.940797],[3.81235,43.940898],[3.811312,43.941234],[3.809087,43.941447],[3.808454,43.941355],[3.807584,43.940979],[3.80668,43.940968],[3.806447,43.941148],[3.806786,43.941592],[3.807157,43.941823],[3.807235,43.942158],[3.806884,43.942719],[3.806714,43.943244],[3.806311,43.943582],[3.806218,43.943829],[3.806002,43.943886],[3.805583,43.943797],[3.805373,43.943598],[3.804837,43.943366],[3.796481,43.943566],[3.795514,43.942275],[3.790549,43.948096],[3.789584,43.949323],[3.789587,43.949413],[3.78897,43.950104],[3.788729,43.950466],[3.786842,43.954538],[3.786853,43.954987],[3.786513,43.957069],[3.786587,43.95721],[3.786599,43.957617],[3.786464,43.957831],[3.786524,43.958182],[3.786357,43.958408],[3.786505,43.95862],[3.786324,43.958768],[3.786288,43.959078],[3.786397,43.95982],[3.786747,43.961194],[3.786745,43.961873],[3.787149,43.963401],[3.787217,43.963993],[3.787161,43.964628],[3.787459,43.965419],[3.787462,43.966062],[3.787651,43.966478],[3.787689,43.966808],[3.784805,43.967035],[3.783608,43.967537],[3.782723,43.967675],[3.782161,43.967624],[3.781533,43.967694],[3.780551,43.967534],[3.779619,43.965163],[3.77698,43.966637],[3.776056,43.967009],[3.772642,43.967908],[3.769867,43.968934],[3.769556,43.968983],[3.768997,43.96899],[3.768495,43.968817],[3.76805,43.968463],[3.767673,43.968324],[3.76391,43.967699],[3.761291,43.967553],[3.760485,43.967654],[3.758989,43.967584],[3.758368,43.967637],[3.757315,43.96783],[3.756513,43.968155],[3.756144,43.968341],[3.755155,43.969118],[3.754429,43.969936],[3.753952,43.970752],[3.753598,43.971566],[3.753799,43.972103],[3.753805,43.972372],[3.752134,43.972753],[3.751814,43.972443],[3.750901,43.970791],[3.749937,43.969536],[3.749736,43.968999],[3.749644,43.967741],[3.747165,43.968223],[3.745304,43.968472],[3.745115,43.968385],[3.744732,43.967985],[3.743763,43.966604],[3.743639,43.966606],[3.740416,43.967636],[3.73733,43.968745],[3.737086,43.968929],[3.736179,43.970028],[3.735252,43.970804],[3.734331,43.971311],[3.733466,43.971592],[3.732475,43.971784],[3.732169,43.972013],[3.731419,43.971878],[3.730036,43.971357],[3.726842,43.970544],[3.726992,43.969013],[3.726972,43.968249],[3.726654,43.967983],[3.725963,43.967723],[3.725061,43.967212],[3.724686,43.966818],[3.72447,43.96595],[3.722857,43.965415],[3.720569,43.963825],[3.720324,43.963604],[3.719194,43.962131],[3.718686,43.96193],[3.717599,43.961243],[3.716683,43.960774],[3.716207,43.960936],[3.715198,43.961064],[3.714647,43.961015],[3.71433,43.960839],[3.714133,43.960437],[3.714061,43.959988],[3.713743,43.959722],[3.713052,43.959461],[3.712056,43.959429],[3.711311,43.959528],[3.708786,43.960639],[3.705137,43.962069],[3.704763,43.962074],[3.703131,43.961511],[3.702123,43.961028],[3.701043,43.960097],[3.700404,43.959431],[3.699632,43.958362],[3.699365,43.958215],[3.699495,43.958059],[3.699342,43.957824],[3.69936,43.957665],[3.698664,43.956882],[3.696713,43.956007],[3.695637,43.955256],[3.694619,43.954324],[3.692472,43.953038],[3.690384,43.951626],[3.690134,43.951539],[3.685561,43.953825],[3.684867,43.952633],[3.684571,43.951461],[3.68397,43.949721],[3.683632,43.948818],[3.682744,43.947123],[3.682725,43.946836],[3.683008,43.946293],[3.683324,43.946019],[3.684613,43.945998],[3.686105,43.945407],[3.687016,43.945202],[3.688056,43.945149],[3.688538,43.944868],[3.688764,43.944492],[3.688772,43.94405],[3.688431,43.94336],[3.688387,43.942821],[3.689362,43.94161],[3.689659,43.94097],[3.689867,43.94015],[3.689775,43.939367],[3.689485,43.939552],[3.688506,43.939579],[3.686944,43.939367],[3.686268,43.939156],[3.685737,43.939153],[3.685241,43.939385],[3.684352,43.939965],[3.684123,43.940371],[3.683982,43.940451],[3.683629,43.940459],[3.683238,43.938883],[3.683218,43.938074],[3.683014,43.937357],[3.682064,43.936604],[3.678717,43.934479],[3.676746,43.932705],[3.675783,43.931458],[3.675373,43.929881],[3.675366,43.929566],[3.676226,43.929106],[3.6774,43.928238],[3.678066,43.92751],[3.678609,43.926739],[3.678788,43.926422],[3.678764,43.925434],[3.678623,43.924716],[3.678357,43.924046],[3.677971,43.923466],[3.677783,43.923378],[3.676973,43.923334],[3.677519,43.922743],[3.677439,43.922024],[3.676727,43.919996],[3.676467,43.920064],[3.675493,43.918046],[3.673015,43.912302],[3.672225,43.911477],[3.671447,43.909641],[3.669732,43.910281],[3.668496,43.910572],[3.662769,43.911559],[3.662569,43.912322],[3.656155,43.912897],[3.656112,43.91264],[3.655898,43.912339],[3.655322,43.91269],[3.65407,43.912855],[3.652622,43.913237],[3.651667,43.913629],[3.651474,43.91389],[3.651211,43.914051],[3.649925,43.914417],[3.647156,43.914639],[3.646686,43.914785],[3.646066,43.914776],[3.644509,43.915351],[3.643301,43.915587],[3.642396,43.915855],[3.641738,43.915828],[3.640929,43.915594],[3.64156,43.915317],[3.64178,43.915403],[3.642051,43.915325],[3.645189,43.913249],[3.646157,43.912705],[3.646588,43.912157],[3.646568,43.911807],[3.64626,43.911224],[3.646236,43.910939],[3.646108,43.910811],[3.6466,43.910486],[3.64626,43.909792],[3.646501,43.905129],[3.646323,43.904842],[3.64626,43.904553],[3.646407,43.904322],[3.64684,43.903972],[3.647384,43.902911],[3.647758,43.902687],[3.647835,43.902473],[3.647685,43.902101],[3.647848,43.901679],[3.647691,43.90108],[3.64754,43.901132],[3.646344,43.900943],[3.642328,43.898049],[3.641703,43.897749],[3.640735,43.897442],[3.640289,43.897107],[3.639971,43.896661],[3.6395,43.896499],[3.639278,43.896181],[3.639009,43.896503],[3.632471,43.899519],[3.63287,43.899937],[3.633262,43.900718],[3.634248,43.9039],[3.634331,43.904761],[3.636611,43.907523],[3.636855,43.908364],[3.639295,43.912592],[3.639694,43.913108],[3.639758,43.913672],[3.638844,43.916116],[3.635062,43.916094],[3.63329,43.915901],[3.630616,43.916384],[3.629675,43.916387],[3.629288,43.916275],[3.629158,43.916474],[3.628661,43.916547],[3.628086,43.916364],[3.627437,43.916403],[3.626848,43.916604],[3.625527,43.91655],[3.625353,43.916471],[3.624803,43.916682],[3.624017,43.916622],[3.623571,43.916882],[3.617975,43.911454],[3.6128,43.905533],[3.612367,43.905209],[3.612488,43.904884],[3.612667,43.903803],[3.612655,43.903381],[3.612459,43.902749],[3.612218,43.902458],[3.611246,43.901704],[3.610489,43.902208],[3.607362,43.902271],[3.601929,43.895209],[3.599959,43.892425],[3.601122,43.891893],[3.601495,43.891364],[3.601965,43.891008],[3.60211,43.890794],[3.602252,43.890746],[3.601662,43.890435],[3.601413,43.889948],[3.60051,43.889544],[3.600088,43.889151],[3.600179,43.888917],[3.600321,43.888829],[3.601036,43.888629],[3.600642,43.887978],[3.600623,43.887818],[3.599953,43.887463],[3.599545,43.886982],[3.598965,43.886472],[3.598433,43.886233],[3.596902,43.885792],[3.596164,43.88577],[3.595474,43.885637],[3.595055,43.885412],[3.593963,43.885487],[3.59375,43.885387],[3.593487,43.885043],[3.592947,43.884669],[3.592218,43.884529],[3.591134,43.884157],[3.590605,43.883532],[3.589897,43.883116],[3.589745,43.882786],[3.589166,43.882583],[3.588778,43.882042],[3.588862,43.881319],[3.588707,43.88113],[3.588362,43.881049],[3.587797,43.88114],[3.58671,43.88107],[3.586106,43.880917],[3.585867,43.88077],[3.585514,43.88021],[3.585217,43.879992],[3.585363,43.879546],[3.585094,43.879078],[3.585048,43.878748],[3.584949,43.878596],[3.584142,43.878368],[3.583712,43.878016],[3.582903,43.877728],[3.582371,43.877338],[3.582232,43.877124],[3.582329,43.876451],[3.582175,43.876155],[3.581707,43.875897],[3.581348,43.875544],[3.581049,43.875046],[3.580832,43.874843],[3.580803,43.874482],[3.580657,43.874274],[3.579805,43.873723],[3.579783,43.873563],[3.57911,43.872973],[3.578786,43.872415],[3.576678,43.86671],[3.574868,43.865497],[3.582313,43.859777],[3.583195,43.859055],[3.583306,43.85883],[3.583802,43.858822],[3.596619,43.855469],[3.599139,43.8546],[3.600534,43.849446],[3.598413,43.849128],[3.597838,43.849358],[3.596672,43.849171],[3.595999,43.848892],[3.593407,43.848828],[3.592783,43.848846],[3.592732,43.849008],[3.592573,43.848883],[3.59152,43.849002],[3.591066,43.848746],[3.590472,43.848841],[3.588151,43.84884],[3.587254,43.848133],[3.586312,43.847526],[3.584657,43.847285],[3.584503,43.847359],[3.584209,43.847322],[3.583031,43.848011],[3.582676,43.847995],[3.582545,43.847884],[3.581077,43.848248],[3.580827,43.847952],[3.581285,43.84743],[3.581278,43.846916],[3.581596,43.846468],[3.581706,43.845623],[3.581349,43.845333],[3.580202,43.845304],[3.579878,43.845427],[3.579558,43.845374],[3.579772,43.845222],[3.579641,43.845116],[3.580039,43.844905],[3.579887,43.844842],[3.580273,43.844696],[3.580231,43.844597],[3.57956,43.844764],[3.579742,43.844505],[3.579328,43.844576],[3.579324,43.844434],[3.579102,43.844492],[3.578931,43.84442],[3.579161,43.844002],[3.578938,43.843888],[3.579071,43.843761],[3.578863,43.843613],[3.57847,43.843654],[3.577295,43.844085],[3.575646,43.844362],[3.573325,43.845244],[3.572865,43.845711],[3.571913,43.846346],[3.571418,43.8465],[3.571235,43.846674],[3.57094,43.846769],[3.571062,43.847175],[3.570979,43.847561],[3.570691,43.848159],[3.570637,43.848456],[3.57049,43.848601],[3.570156,43.84933],[3.569997,43.849514],[3.570115,43.849638],[3.569971,43.849946],[3.569851,43.850045],[3.569322,43.850177],[3.568747,43.850717],[3.568663,43.851186],[3.568519,43.851342],[3.5683,43.85214],[3.568183,43.852282],[3.568269,43.852462],[3.568146,43.852619],[3.567937,43.852719],[3.567321,43.852766],[3.566025,43.85339],[3.565272,43.853622],[3.564744,43.853557],[3.564025,43.853658],[3.563804,43.853752],[3.563021,43.854478],[3.560872,43.85575],[3.55951,43.85632],[3.558921,43.856442],[3.558029,43.856603],[3.556935,43.856325],[3.555573,43.856107],[3.555349,43.855358],[3.555298,43.854434],[3.554776,43.853121],[3.554314,43.852362],[3.554118,43.852168],[3.554237,43.851796],[3.553962,43.851614],[3.553608,43.851513],[3.552602,43.851559],[3.551671,43.851361],[3.549293,43.851537],[3.548656,43.851636],[3.547687,43.851924],[3.547243,43.852148],[3.546313,43.852389],[3.543906,43.852333],[3.54346,43.852396],[3.541347,43.853078],[3.540798,43.853413],[3.540413,43.85354],[3.539913,43.853547],[3.538207,43.853332],[3.537939,43.85352],[3.537854,43.853673],[3.537784,43.854382],[3.53745,43.854637],[3.536896,43.854736],[3.536147,43.854607],[3.535349,43.85462],[3.53502,43.854684],[3.534304,43.855117],[3.533506,43.855871],[3.532924,43.85694],[3.532718,43.857128],[3.532291,43.857277],[3.531686,43.857127],[3.531455,43.856879],[3.531261,43.856571],[3.530906,43.855327],[3.530563,43.854824],[3.52919,43.853945],[3.528782,43.853856],[3.528496,43.853919],[3.52806,43.854305],[3.527742,43.855344],[3.527216,43.85652],[3.525779,43.85774],[3.525694,43.858013],[3.525874,43.858736],[3.52603,43.859024],[3.526545,43.859149],[3.527386,43.859751],[3.527553,43.860179],[3.527511,43.860572],[3.527252,43.860974],[3.526594,43.861632],[3.525069,43.862713],[3.524939,43.862896],[3.524731,43.863624],[3.524429,43.864159],[3.524271,43.864308],[3.523698,43.864285],[3.522897,43.864007],[3.519972,43.86343],[3.519479,43.863253],[3.519233,43.863256],[3.518562,43.863574],[3.518468,43.864254],[3.518276,43.864649],[3.518335,43.864827],[3.518547,43.86501],[3.51889,43.865132],[3.520196,43.865265],[3.521773,43.865617],[3.522254,43.866022],[3.522888,43.866751],[3.523036,43.866976],[3.523376,43.868007],[3.523474,43.868915],[3.52323,43.869541],[3.522269,43.870149],[3.521336,43.870452],[3.520608,43.870817],[3.519911,43.871057],[3.51977,43.871186],[3.519789,43.871371],[3.52017,43.871696],[3.521146,43.87209],[3.522314,43.872692],[3.523127,43.873302],[3.523233,43.873454],[3.523221,43.873605],[3.52294,43.874147],[3.522684,43.874353],[3.522042,43.874656],[3.521925,43.874776],[3.521927,43.875054],[3.522119,43.875263],[3.522623,43.875579],[3.52397,43.876262],[3.524195,43.876874],[3.524212,43.877013],[3.523991,43.877248],[3.522713,43.877416],[3.521809,43.877835],[3.521597,43.878106],[3.521518,43.87836],[3.521586,43.878549],[3.521861,43.878736],[3.523348,43.879456],[3.523889,43.879836],[3.524037,43.880081],[3.524151,43.88113],[3.523809,43.881298],[3.522839,43.881223],[3.522369,43.880913],[3.521794,43.880808],[3.521239,43.880968],[3.520852,43.88135],[3.520762,43.881567],[3.520491,43.882848],[3.520485,43.883342],[3.520752,43.88353],[3.5213,43.883557],[3.522674,43.883297],[3.523195,43.883441],[3.523551,43.883759],[3.523762,43.884872],[3.523671,43.885494],[3.523515,43.885722],[3.523129,43.885818],[3.522752,43.885779],[3.521096,43.88516],[3.520801,43.88528],[3.520737,43.885514],[3.520935,43.885805],[3.522185,43.886617],[3.522763,43.887301],[3.522929,43.888207],[3.522904,43.888426],[3.522516,43.888819],[3.522029,43.888881],[3.521671,43.888735],[3.52115,43.888368],[3.520532,43.887678],[3.519818,43.887275],[3.519618,43.887198],[3.519001,43.887175],[3.518225,43.887355],[3.516998,43.888283],[3.515979,43.888703],[3.515714,43.889061],[3.515659,43.8895],[3.515742,43.889743],[3.51621,43.890203],[3.517969,43.891191],[3.518987,43.892041],[3.519071,43.892142],[3.518957,43.892423],[3.518606,43.892549],[3.518113,43.892533],[3.516884,43.891943],[3.515953,43.891731],[3.515516,43.891756],[3.515314,43.89186],[3.515198,43.892154],[3.515298,43.892512],[3.515626,43.893084],[3.515717,43.893484],[3.515565,43.893995],[3.515228,43.89445],[3.514408,43.895174],[3.512835,43.89615],[3.512528,43.896231],[3.512255,43.896095],[3.512093,43.895611],[3.512104,43.895023],[3.512049,43.894846],[3.511851,43.894721],[3.511089,43.895154],[3.510529,43.895368],[3.509263,43.895399],[3.508354,43.895191],[3.508077,43.895324],[3.50734,43.896004],[3.506921,43.896165],[3.505873,43.897128],[3.505214,43.897316],[3.503177,43.897207],[3.502544,43.897046],[3.502432,43.896883],[3.502948,43.896441],[3.503763,43.896108],[3.503828,43.895943],[3.503571,43.895587],[3.502461,43.894531],[3.501693,43.894045],[3.501598,43.893834],[3.501727,43.893443],[3.501878,43.893261],[3.503454,43.892853],[3.503688,43.892694],[3.503644,43.892341],[3.502993,43.891132],[3.502629,43.890961],[3.501744,43.890955],[3.501186,43.891171],[3.500446,43.891747],[3.499892,43.891956],[3.498802,43.892165],[3.497799,43.892075],[3.49758,43.891946],[3.497295,43.89124],[3.497276,43.890182],[3.497145,43.889562],[3.496921,43.889299],[3.496345,43.88907],[3.495842,43.889111],[3.495599,43.88932],[3.495088,43.890455],[3.494694,43.891073],[3.494196,43.891307],[3.492054,43.891007],[3.491878,43.891038],[3.491615,43.891307],[3.491365,43.891192],[3.490947,43.890805],[3.490275,43.890723],[3.490099,43.890594],[3.488244,43.890121],[3.48536,43.889637],[3.485368,43.889863],[3.485676,43.89012],[3.485708,43.890441],[3.48551,43.890792],[3.484393,43.891342],[3.484273,43.891602],[3.484173,43.891622],[3.484097,43.891952],[3.483688,43.892059],[3.4836,43.892262],[3.483393,43.892358],[3.480312,43.889473],[3.479686,43.888211],[3.479541,43.887706],[3.478441,43.886231],[3.475255,43.883487],[3.471556,43.880785],[3.470726,43.879799],[3.466792,43.876526],[3.466853,43.876018],[3.465668,43.874581],[3.462315,43.871719],[3.456545,43.869015],[3.446078,43.869513],[3.443972,43.868662],[3.444139,43.867862],[3.444122,43.867451],[3.444022,43.867323],[3.443476,43.866998],[3.442179,43.866464],[3.437904,43.864436],[3.437106,43.864156],[3.43609,43.863454],[3.435529,43.863167],[3.433037,43.862929],[3.431777,43.863038],[3.431433,43.864598],[3.428865,43.866772],[3.4285,43.867163],[3.427073,43.869286],[3.426048,43.869916],[3.424539,43.871235],[3.423655,43.871636],[3.422091,43.87266],[3.423583,43.873234],[3.424086,43.873257],[3.426704,43.873136],[3.428143,43.872928],[3.431413,43.872753],[3.4319,43.875265],[3.432607,43.880577],[3.43535,43.885099],[3.435682,43.885319],[3.436383,43.885585],[3.441877,43.887544],[3.434757,43.890042],[3.432152,43.893942],[3.432595,43.89391],[3.433173,43.895021],[3.433642,43.895564],[3.433842,43.895691],[3.435857,43.895711],[3.437563,43.896061],[3.439049,43.896079],[3.439767,43.896353],[3.440169,43.896694],[3.440262,43.896841],[3.439664,43.897334],[3.438414,43.898944],[3.438075,43.899521],[3.437903,43.900007],[3.438028,43.900815],[3.43783,43.901098],[3.435213,43.901993],[3.434526,43.902302],[3.433042,43.903349],[3.432859,43.903634],[3.433017,43.904004],[3.432871,43.904237],[3.432524,43.90437],[3.431822,43.904239],[3.431469,43.904315],[3.430543,43.905379],[3.428886,43.906588],[3.427539,43.907231],[3.42687,43.907327],[3.426744,43.907655],[3.427051,43.908365],[3.4271,43.908766],[3.426921,43.909322],[3.426237,43.909746],[3.42507,43.910014],[3.424274,43.910397],[3.424202,43.910662],[3.424521,43.911203],[3.424492,43.911645],[3.423998,43.911964],[3.423222,43.912652],[3.422785,43.912801],[3.422382,43.912563],[3.421931,43.912424],[3.421251,43.912552],[3.420172,43.913128],[3.418572,43.914453],[3.418222,43.914599],[3.417963,43.914564],[3.417243,43.913681],[3.416683,43.913473],[3.416211,43.913569],[3.415535,43.913975],[3.415328,43.914137],[3.415084,43.914642],[3.414005,43.914694],[3.412389,43.914228],[3.412188,43.913925],[3.412161,43.913521],[3.41205,43.913338],[3.411682,43.913146],[3.411214,43.913065],[3.41081,43.913123],[3.410369,43.913365],[3.410031,43.913827],[3.409799,43.914332],[3.409661,43.914642],[3.409613,43.915034],[3.409381,43.915204],[3.409075,43.915292],[3.40885,43.915252],[3.408721,43.915026],[3.408667,43.914203],[3.408107,43.913624],[3.407888,43.913527],[3.407392,43.913704],[3.406693,43.914346],[3.405859,43.914695],[3.403835,43.91486],[3.403241,43.914978],[3.403035,43.914833],[3.402921,43.914458],[3.402588,43.913985],[3.402225,43.913895],[3.401534,43.914132],[3.401419,43.914238],[3.401327,43.914617],[3.401208,43.914733],[3.400767,43.91475],[3.397883,43.913837],[3.397741,43.913574],[3.397803,43.913016],[3.39722,43.91154],[3.396694,43.910866],[3.396668,43.910618],[3.396836,43.910163],[3.39666,43.909954],[3.396274,43.909736],[3.395392,43.909537],[3.394974,43.909044],[3.394715,43.909237],[3.394645,43.90957],[3.394306,43.910027],[3.393701,43.910509],[3.393201,43.910704],[3.392834,43.910559],[3.391482,43.909363],[3.391042,43.909119],[3.390349,43.908946],[3.389828,43.908953],[3.389499,43.909003],[3.389427,43.909172],[3.38999,43.910026],[3.390304,43.910151],[3.39116,43.910141],[3.391264,43.910236],[3.39103,43.910709],[3.390609,43.9111],[3.389934,43.911206],[3.388897,43.911082],[3.388604,43.911177],[3.387994,43.911549],[3.387755,43.911365],[3.387654,43.910926],[3.387522,43.910832],[3.387186,43.910807],[3.386263,43.910954],[3.384882,43.910394],[3.383817,43.910474],[3.383536,43.910346],[3.383219,43.910334],[3.382929,43.910482],[3.381908,43.912095],[3.381696,43.912234],[3.381461,43.912263],[3.380755,43.912122],[3.380803,43.911634],[3.380649,43.911321],[3.380026,43.910872],[3.379573,43.91083],[3.379321,43.911016],[3.379254,43.911161],[3.379189,43.911402],[3.379246,43.911737],[3.378873,43.912128],[3.378494,43.912144],[3.37796,43.912006],[3.377634,43.91206],[3.377158,43.912574],[3.376984,43.912933],[3.37681,43.913055],[3.376469,43.913049],[3.375741,43.912726],[3.375457,43.912705],[3.37526,43.912779],[3.37513,43.912943],[3.375137,43.913207],[3.375263,43.91334],[3.37596,43.913605],[3.376053,43.913761],[3.375998,43.913937],[3.374938,43.914153],[3.374198,43.914447],[3.373215,43.914341],[3.372694,43.914479],[3.37241,43.914706],[3.372309,43.914945],[3.372445,43.915438],[3.372687,43.915854],[3.372598,43.916258],[3.37203,43.916512],[3.371588,43.916831],[3.369988,43.917264],[3.368774,43.916802],[3.368002,43.916616],[3.367645,43.916883],[3.367404,43.916957],[3.367002,43.91695],[3.366826,43.916856],[3.367061,43.915763],[3.366877,43.914525],[3.366923,43.914177],[3.367106,43.914061],[3.368829,43.914136],[3.369003,43.913961],[3.368987,43.913834],[3.368536,43.913581],[3.367767,43.913434],[3.367206,43.913458],[3.365566,43.912375],[3.364957,43.912354],[3.364349,43.912496],[3.364028,43.912381],[3.362837,43.911458],[3.362304,43.910869],[3.362334,43.910371],[3.361819,43.910095],[3.360875,43.91026],[3.360173,43.91061],[3.359936,43.911074],[3.359529,43.911578],[3.358892,43.911606],[3.358317,43.911483],[3.357734,43.911647],[3.357077,43.911978],[3.357048,43.912091],[3.357338,43.912382],[3.357939,43.912631],[3.358113,43.912778],[3.358223,43.91308],[3.358211,43.913773],[3.358314,43.913958],[3.358644,43.914123],[3.358668,43.914273],[3.358587,43.91439],[3.358095,43.914567],[3.356537,43.913977],[3.35608,43.914031],[3.355879,43.914218],[3.355944,43.914532],[3.356348,43.914751],[3.355628,43.915454],[3.355469,43.916011],[3.355719,43.916398],[3.356058,43.916725],[3.356532,43.917493],[3.35711,43.918058],[3.357052,43.918198],[3.35641,43.918684],[3.35572,43.919068],[3.355747,43.919492],[3.356074,43.91986],[3.356313,43.919991],[3.357137,43.920155],[3.357308,43.920292],[3.357356,43.920446],[3.357284,43.920607],[3.356744,43.92091],[3.355599,43.921224],[3.354389,43.922025],[3.352898,43.922348],[3.352754,43.922525],[3.352928,43.922747],[3.353461,43.922866],[3.353995,43.923116],[3.354213,43.923348],[3.354212,43.924036],[3.35447,43.924465],[3.354339,43.925037],[3.353561,43.925551],[3.353352,43.92584],[3.352855,43.927359],[3.351997,43.927617],[3.351897,43.927767],[3.351676,43.929081],[3.351748,43.929406],[3.351875,43.9295],[3.352202,43.929626],[3.353208,43.929802],[3.353977,43.930296],[3.354002,43.930445],[3.353801,43.930725],[3.353263,43.931198],[3.352799,43.931277],[3.351913,43.931179],[3.35156,43.931225],[3.350868,43.931717],[3.350451,43.932328],[3.350404,43.93259],[3.350633,43.933435],[3.350456,43.934253],[3.350524,43.934332],[3.350767,43.934361],[3.35163,43.934217],[3.351937,43.934288],[3.352597,43.935402],[3.352648,43.935977],[3.351604,43.937191],[3.351132,43.938223],[3.351138,43.938453],[3.351655,43.939081],[3.352232,43.939526],[3.352686,43.939756],[3.353299,43.940652],[3.353636,43.940889],[3.353908,43.941241],[3.354184,43.942102],[3.354139,43.943122],[3.354521,43.943826],[3.354546,43.944198],[3.355031,43.944704],[3.355613,43.945809],[3.355848,43.946078],[3.355863,43.946167],[3.355706,43.946369],[3.35589,43.946588],[3.355958,43.947135],[3.356797,43.947735],[3.356817,43.947923],[3.356547,43.948373],[3.356586,43.948822],[3.356982,43.949235],[3.358693,43.950017],[3.358917,43.950419],[3.358976,43.951138],[3.361566,43.951342],[3.36255,43.951891],[3.365268,43.952282],[3.367223,43.952903],[3.372221,43.954789],[3.375648,43.955947],[3.376926,43.959397],[3.377018,43.960205],[3.376876,43.96097],[3.376713,43.963097],[3.377205,43.966959],[3.377356,43.967507],[3.379215,43.967592],[3.384504,43.967497],[3.389239,43.967047],[3.392167,43.967243],[3.395955,43.967699],[3.398923,43.967843],[3.400336,43.968151],[3.404083,43.969653],[3.40586,43.969741],[3.40571,43.970655],[3.405187,43.971728],[3.405239,43.971972],[3.405641,43.972633],[3.406221,43.97318],[3.40704,43.973749],[3.408094,43.974989],[3.408419,43.975725],[3.40836,43.976562],[3.408242,43.977013],[3.410194,43.978582],[3.411176,43.98202],[3.411681,43.982561],[3.412239,43.982914],[3.412659,43.983112],[3.413341,43.98326],[3.413559,43.983393],[3.414107,43.984011],[3.414937,43.984543],[3.415641,43.985683],[3.41593,43.985798],[3.416514,43.986553],[3.416515,43.986717],[3.416291,43.987107],[3.416445,43.987587],[3.416397,43.988169],[3.416943,43.989749],[3.417035,43.990314],[3.417253,43.990728],[3.417273,43.991171],[3.417554,43.992225],[3.417966,43.992988],[3.41896,43.993559],[3.420249,43.994041],[3.420752,43.994016],[3.421163,43.9939],[3.422033,43.994002],[3.422297,43.99408],[3.422695,43.994411],[3.423326,43.994646],[3.424664,43.994717],[3.425432,43.995292],[3.426193,43.996097],[3.426624,43.99619],[3.427817,43.996657],[3.429693,43.996951],[3.430247,43.996922],[3.431438,43.996631],[3.432164,43.996925],[3.43314,43.996789],[3.433839,43.997059],[3.43583,43.997507],[3.436597,43.997458],[3.437529,43.997786],[3.439455,43.997949],[3.440265,43.998188],[3.440822,43.998989],[3.441231,43.99937],[3.441578,44.000024],[3.442743,44.001156],[3.443126,44.00192],[3.443844,44.002817],[3.445474,44.004218],[3.445949,44.004805],[3.446031,44.005479],[3.445923,44.006172],[3.446166,44.006833],[3.44609,44.007197],[3.446435,44.008715],[3.446824,44.00953],[3.447029,44.009832],[3.447777,44.01049],[3.449155,44.011393],[3.449459,44.011817],[3.449558,44.012197],[3.449373,44.012373],[3.449259,44.012698],[3.449328,44.013003],[3.44923,44.013179],[3.449262,44.013766],[3.449204,44.014005],[3.449391,44.014486],[3.449214,44.014638],[3.44908,44.015014],[3.449109,44.015182],[3.448727,44.015448],[3.448533,44.015851],[3.448081,44.016247],[3.44807,44.016652],[3.447884,44.017114],[3.447913,44.01727],[3.448196,44.017431],[3.448172,44.017579],[3.448251,44.017615],[3.448223,44.017738],[3.448307,44.017813],[3.448213,44.017919],[3.44836,44.01828],[3.448308,44.018874],[3.448405,44.019632],[3.449936,44.020256],[3.450755,44.020787],[3.451759,44.021815],[3.450373,44.022889],[3.449064,44.023409],[3.448878,44.023563],[3.447873,44.023775],[3.447399,44.023961],[3.446348,44.024152],[3.445435,44.02446],[3.445137,44.024647],[3.443239,44.024606],[3.44205,44.025461],[3.441142,44.026503],[3.439412,44.028231],[3.438919,44.028505],[3.437928,44.028831],[3.437002,44.02929],[3.436135,44.029523],[3.435322,44.029942],[3.434629,44.030076],[3.432933,44.031209],[3.43257,44.031733],[3.432061,44.032885],[3.43145,44.033579],[3.429008,44.035015],[3.426641,44.035303],[3.42635,44.035221],[3.426319,44.035445],[3.423082,44.035822],[3.422029,44.036147],[3.421914,44.036598],[3.421823,44.037858],[3.421525,44.038093],[3.42112,44.038831],[3.420441,44.039433],[3.419898,44.039669],[3.419157,44.039838],[3.41856,44.040128],[3.41727,44.041586],[3.416231,44.041578],[3.414335,44.041411],[3.411656,44.040777],[3.411084,44.040729],[3.409785,44.041072],[3.408015,44.041401],[3.407389,44.041607],[3.406294,44.042417],[3.405984,44.042555],[3.403692,44.043065],[3.402255,44.043679],[3.401807,44.043293],[3.401344,44.043054],[3.400009,44.043639],[3.39927,44.044095],[3.396751,44.045999],[3.395837,44.047154],[3.393579,44.047775],[3.393403,44.048091],[3.393365,44.048334],[3.393039,44.048737],[3.392816,44.04923],[3.392238,44.049784],[3.392247,44.05008],[3.392079,44.050309],[3.391912,44.050793],[3.391785,44.050902],[3.391742,44.051108],[3.391418,44.051624],[3.391296,44.051678],[3.391326,44.051825],[3.391224,44.052063],[3.390384,44.052957],[3.390144,44.053499],[3.390339,44.054704],[3.390581,44.055606],[3.39039,44.055798],[3.390418,44.056394],[3.390291,44.057026],[3.390055,44.057206],[3.389084,44.057445],[3.388557,44.057404],[3.387457,44.057042],[3.384936,44.057217],[3.384229,44.057219],[3.383592,44.057098],[3.382887,44.057183],[3.381766,44.056566],[3.381078,44.056301],[3.380331,44.055443],[3.379933,44.05471],[3.379354,44.054065],[3.378994,44.053486],[3.378091,44.05261],[3.377215,44.050971],[3.377016,44.050895],[3.376687,44.05134],[3.375878,44.051244],[3.375123,44.051029],[3.3733,44.05001],[3.372421,44.049658],[3.371407,44.049399],[3.369974,44.049477],[3.370439,44.049867],[3.370955,44.050471],[3.371814,44.051113],[3.372086,44.05206],[3.37251,44.05239],[3.372669,44.052908],[3.372262,44.054307],[3.371253,44.055867],[3.370918,44.056216],[3.370604,44.056371],[3.370491,44.056562],[3.369846,44.056807],[3.367649,44.058203],[3.367395,44.058173],[3.36724,44.057937],[3.366842,44.057667],[3.365625,44.056468],[3.365023,44.056104],[3.36431,44.055832],[3.361363,44.053963],[3.360035,44.05323],[3.355766,44.051641],[3.352659,44.049912],[3.34808,44.052284],[3.343992,44.054997],[3.341328,44.05664],[3.34077,44.056824],[3.339589,44.057015],[3.338662,44.057473],[3.337924,44.058019],[3.337679,44.058292],[3.336711,44.059964],[3.336537,44.060685],[3.336606,44.061089],[3.33713,44.062532],[3.337199,44.06361],[3.336909,44.064826],[3.336941,44.066625],[3.336881,44.066805],[3.335891,44.067218],[3.335151,44.06772],[3.334724,44.068218],[3.334483,44.06867],[3.333654,44.071159],[3.333371,44.072825],[3.333124,44.073637],[3.332975,44.073878],[3.333045,44.073958],[3.328914,44.079025],[3.328227,44.078897],[3.326656,44.078282],[3.32479,44.077082],[3.323804,44.079008],[3.323634,44.079617],[3.322994,44.079812],[3.322368,44.079896],[3.321497,44.079902],[3.320619,44.07964],[3.318694,44.079278],[3.318363,44.079075],[3.317975,44.078225],[3.317784,44.078003],[3.317154,44.077648],[3.316401,44.077376],[3.315479,44.077351],[3.314377,44.076687],[3.314074,44.076207],[3.313804,44.075017],[3.313214,44.074336],[3.312878,44.073777],[3.312402,44.073321],[3.31193,44.073067],[3.309815,44.071558],[3.308486,44.070412],[3.307391,44.069086],[3.307012,44.068819],[3.30645,44.068779],[3.304031,44.06952],[3.303159,44.069573],[3.302035,44.069492],[3.298904,44.068666],[3.293978,44.067517],[3.293492,44.067814],[3.293357,44.068023],[3.293314,44.06873],[3.293506,44.069154],[3.29501,44.070051],[3.297328,44.070959],[3.297567,44.071218],[3.297573,44.071438],[3.29742,44.071773],[3.297112,44.072155],[3.296686,44.072359],[3.296017,44.072543],[3.295358,44.072593],[3.293768,44.072382],[3.293112,44.072058],[3.290513,44.071593],[3.289836,44.071661],[3.289616,44.071761],[3.288916,44.072356],[3.288595,44.072752],[3.288399,44.073083],[3.288309,44.073446],[3.286566,44.075701],[3.285458,44.076624],[3.28507,44.07705],[3.284084,44.077384],[3.281813,44.077463],[3.281367,44.077552],[3.281064,44.077712],[3.280683,44.078307],[3.280732,44.078479],[3.280298,44.080952],[3.27983,44.081669],[3.278885,44.082201],[3.276923,44.082634],[3.276412,44.082824],[3.275384,44.083855],[3.275131,44.084394],[3.275171,44.084863],[3.275676,44.085575],[3.277104,44.086674],[3.27721,44.086961],[3.27695,44.087387],[3.276504,44.087603],[3.274058,44.087884],[3.273026,44.087844],[3.271153,44.087557],[3.269727,44.087622],[3.267272,44.088527],[3.266238,44.089154],[3.265547,44.089878],[3.264878,44.090919],[3.26267,44.092845],[3.262447,44.093177],[3.2625,44.0937],[3.262798,44.09403],[3.263442,44.094249],[3.266072,44.094342],[3.266932,44.094503],[3.267842,44.094816],[3.268911,44.095294],[3.26971,44.095895],[3.270104,44.096459],[3.270149,44.097104],[3.270534,44.097331],[3.271664,44.097738],[3.273295,44.097581],[3.273921,44.097377],[3.274499,44.097478],[3.274906,44.097459],[3.275203,44.097288],[3.275622,44.097252],[3.276402,44.096785],[3.277014,44.096715],[3.277538,44.096544],[3.278214,44.096755],[3.278694,44.097101],[3.27886,44.097386],[3.279958,44.098357],[3.280527,44.098519],[3.281069,44.098851],[3.281352,44.099531],[3.282082,44.100016],[3.282059,44.100352],[3.282193,44.100652],[3.282505,44.100704],[3.282715,44.100856],[3.283352,44.100937],[3.283748,44.101129],[3.283977,44.101419],[3.28488,44.101773],[3.285132,44.101992],[3.285749,44.102102],[3.286002,44.102591],[3.28651,44.102852],[3.286707,44.10286],[3.28737,44.102587],[3.288329,44.102748],[3.289172,44.10345],[3.289559,44.103918],[3.290095,44.104122],[3.290614,44.104478],[3.290836,44.10484],[3.290965,44.10538],[3.291762,44.105829],[3.292212,44.105867],[3.292481,44.105796],[3.292886,44.105076],[3.293769,44.104858],[3.294346,44.104512],[3.294652,44.104435],[3.295885,44.104551],[3.296606,44.104514],[3.296989,44.104627],[3.297454,44.10505],[3.298009,44.104744],[3.299068,44.104666],[3.299541,44.104552],[3.299816,44.104637],[3.300239,44.105002],[3.300989,44.10463],[3.303133,44.104477],[3.303994,44.104212],[3.30459,44.104182],[3.304986,44.104359],[3.305456,44.104966],[3.305985,44.105307],[3.306612,44.105424],[3.307667,44.105203],[3.307988,44.104994],[3.308273,44.104578],[3.308444,44.104472],[3.309207,44.104658],[3.309434,44.104598],[3.310037,44.104173],[3.310969,44.104306],[3.311995,44.104193],[3.312206,44.10428],[3.312233,44.104452],[3.312099,44.105035],[3.312351,44.105342],[3.314027,44.105962],[3.314126,44.106043],[3.314209,44.106425],[3.31433,44.106555],[3.315424,44.106535],[3.315685,44.106684],[3.316019,44.107138],[3.316866,44.107247],[3.317218,44.107662],[3.317292,44.108018],[3.317496,44.108203],[3.318444,44.108266],[3.318907,44.108616],[3.320312,44.10844],[3.320744,44.108487],[3.320872,44.108686],[3.320931,44.109107],[3.321762,44.109577],[3.322059,44.109656],[3.323055,44.109437],[3.323406,44.108942],[3.324165,44.108603],[3.324018,44.111871],[3.324395,44.11534],[3.324447,44.118315],[3.324271,44.121312],[3.322721,44.121213],[3.323198,44.122553],[3.324041,44.124343],[3.324052,44.125027],[3.323945,44.126017],[3.323587,44.127009],[3.32273,44.127917],[3.322133,44.128906],[3.32114,44.129864],[3.320857,44.131484],[3.320865,44.131934],[3.320296,44.135905],[3.330219,44.142164],[3.332273,44.141785],[3.332264,44.148313],[3.333939,44.155501],[3.334621,44.158822],[3.334873,44.158909],[3.337862,44.158432],[3.340372,44.158364],[3.343185,44.158563],[3.34425,44.158733],[3.345696,44.159268],[3.346646,44.159979],[3.347792,44.161227],[3.348697,44.162927],[3.349644,44.163503],[3.350966,44.164121],[3.354547,44.165265],[3.354931,44.165756],[3.356837,44.167536],[3.35722,44.167983],[3.36091,44.167589],[3.363032,44.167478],[3.364784,44.167642],[3.371048,44.168626],[3.371993,44.169067],[3.372689,44.169555],[3.374011,44.170966],[3.383086,44.170409],[3.386396,44.169658],[3.389073,44.169182],[3.395622,44.168625],[3.395745,44.168533],[3.395545,44.167861],[3.395532,44.166512],[3.395766,44.165701],[3.395816,44.164981],[3.39568,44.164398],[3.395353,44.163637],[3.395343,44.163043],[3.395462,44.162772],[3.395951,44.162183],[3.396558,44.161233],[3.396744,44.161186],[3.399002,44.161704],[3.40062,44.161427],[3.401371,44.161419],[3.4044,44.162048],[3.405277,44.162164],[3.405678,44.161924],[3.406069,44.161553],[3.406619,44.160874],[3.407725,44.158689],[3.408265,44.156706],[3.409709,44.155889],[3.409887,44.155348],[3.410143,44.155031],[3.411067,44.154347],[3.411133,44.153923],[3.411991,44.153542],[3.417006,44.154113],[3.420897,44.153467],[3.422198,44.152915],[3.423178,44.152045],[3.423822,44.151775],[3.424447,44.150919],[3.424771,44.150693],[3.425103,44.149784],[3.42754,44.149118],[3.43086,44.14804],[3.431731,44.146273],[3.432914,44.142844],[3.43268,44.139789],[3.432291,44.138358],[3.432507,44.137663],[3.432511,44.136666],[3.432885,44.13588],[3.432809,44.135316],[3.432918,44.134952],[3.433253,44.134641],[3.43417,44.134305],[3.434445,44.134123],[3.434739,44.133695],[3.434991,44.133476],[3.435931,44.131926],[3.436737,44.131376],[3.437838,44.131153],[3.438491,44.130754],[3.438946,44.13024],[3.439411,44.129328],[3.440125,44.129124],[3.441778,44.128909],[3.445523,44.128635],[3.446397,44.128042],[3.448251,44.127142],[3.45049,44.126651],[3.452861,44.126627],[3.454049,44.12675],[3.454871,44.126978],[3.455315,44.126903],[3.456465,44.126934],[3.457762,44.127092],[3.459339,44.12743],[3.462436,44.127263],[3.464851,44.127465],[3.466428,44.127409],[3.467302,44.127475],[3.468425,44.127294],[3.470821,44.127127],[3.47147,44.126911],[3.473701,44.125875],[3.474468,44.125299],[3.475118,44.125351],[3.475533,44.125222],[3.476032,44.124941],[3.476561,44.124797],[3.47902,44.124634],[3.480852,44.123968],[3.480816,44.124095],[3.481546,44.124167],[3.482006,44.124143],[3.482518,44.123969],[3.484976,44.123901],[3.485962,44.12416],[3.487364,44.124387],[3.487493,44.124271],[3.488126,44.124282],[3.488641,44.124069],[3.488972,44.124077],[3.489475,44.123955],[3.490081,44.123976],[3.4931,44.124813],[3.493519,44.125012],[3.494768,44.125378],[3.496589,44.125457],[3.49709,44.125414],[3.497476,44.125267],[3.498387,44.125118],[3.499108,44.12512],[3.500198,44.125314],[3.502481,44.125186],[3.503631,44.125948],[3.504541,44.126275],[3.505378,44.126337],[3.508055,44.126276],[3.509087,44.125901],[3.509825,44.125539],[3.51096,44.125321],[3.512909,44.124637],[3.514026,44.124074],[3.514267,44.123814],[3.515528,44.123287],[3.519641,44.121773],[3.520653,44.121316],[3.52151,44.121096],[3.522241,44.120787],[3.522848,44.12078],[3.523643,44.120578],[3.524083,44.120558],[3.52555,44.12072],[3.526977,44.120684],[3.528228,44.120785],[3.529093,44.121201],[3.529593,44.121157],[3.532037,44.121698],[3.53279,44.121653],[3.533727,44.121463],[3.534344,44.121245],[3.535338,44.121231],[3.538727,44.120044],[3.539624,44.119524],[3.540341,44.118862],[3.540632,44.118006],[3.540544,44.117611],[3.540306,44.117231],[3.540308,44.116988],[3.540475,44.116934],[3.540805,44.116574],[3.540919,44.116243],[3.542229,44.114491],[3.54324,44.113612],[3.543367,44.113417],[3.543432,44.113094],[3.543242,44.111994],[3.543214,44.110626],[3.543323,44.110135],[3.543653,44.109584],[3.5449,44.110465],[3.545232,44.110824],[3.545442,44.111382],[3.545597,44.11228],[3.545505,44.112826],[3.545276,44.113237],[3.54563,44.113629],[3.545749,44.113942],[3.546113,44.114464],[3.547356,44.114752],[3.547708,44.114907],[3.54991,44.116445],[3.551215,44.116578],[3.551442,44.116519],[3.551618,44.116618],[3.552909,44.116772],[3.55638,44.118087],[3.55851,44.119312],[3.558691,44.119327],[3.559003,44.119501],[3.560806,44.120696],[3.561577,44.121609],[3.561769,44.121709],[3.562272,44.122386],[3.562804,44.122864],[3.564175,44.123481],[3.56601,44.123354],[3.567788,44.122671],[3.569758,44.12237],[3.570027,44.122418],[3.570491,44.122175],[3.572708,44.121609],[3.576821,44.121537],[3.581744,44.121606],[3.583443,44.121504],[3.584981,44.120741],[3.587106,44.119491],[3.588504,44.118979],[3.589543,44.118311],[3.590404,44.118475],[3.590755,44.119315],[3.591153,44.119803],[3.591485,44.119962],[3.594256,44.119099],[3.595049,44.119012],[3.598061,44.119129],[3.598167,44.118947],[3.598783,44.11858],[3.599944,44.117442],[3.600743,44.116938],[3.602549,44.116153],[3.603165,44.115786],[3.60397,44.115552],[3.604277,44.115324],[3.604466,44.115367],[3.604791,44.115993],[3.607734,44.116371],[3.608232,44.116366],[3.609973,44.116031],[3.611596,44.116102],[3.612363,44.116318],[3.612553,44.116451],[3.612623,44.116765],[3.614023,44.117962],[3.616287,44.118745],[3.619678,44.119658],[3.623274,44.118627],[3.624693,44.117846],[3.626403,44.118455],[3.627094,44.118627],[3.627161,44.118806],[3.626978,44.119033],[3.626985,44.119348],[3.627308,44.119793],[3.629013,44.120628],[3.630333,44.12107],[3.631399,44.121283],[3.632832,44.12122],[3.634525,44.124608],[3.633996,44.12531],[3.633959,44.125662],[3.632405,44.127574],[3.632345,44.12771],[3.63242,44.128249],[3.633906,44.130434],[3.635203,44.132576],[3.635273,44.13289],[3.635288,44.13352],[3.633653,44.135796],[3.633536,44.136113],[3.634296,44.136598],[3.635128,44.137488],[3.635773,44.138379],[3.635867,44.140267],[3.635999,44.140579],[3.637397,44.141642],[3.638356,44.142134],[3.639422,44.142301],[3.64067,44.142286],[3.641231,44.142189],[3.642655,44.141678],[3.643153,44.141627],[3.643593,44.141757],[3.643976,44.142157],[3.644866,44.142821],[3.645622,44.143126],[3.646187,44.14321],[3.649308,44.143217],[3.650961,44.144465],[3.653243,44.145966],[3.653121,44.146058],[3.650756,44.146401],[3.648258,44.146341],[3.647086,44.146985],[3.645723,44.14745],[3.643288,44.148019],[3.642424,44.148434],[3.641323,44.149282],[3.640915,44.149988],[3.640027,44.151004],[3.639307,44.151394],[3.638811,44.151535],[3.63706,44.151466],[3.636492,44.151194],[3.636179,44.151197],[3.633505,44.152173],[3.633007,44.15227],[3.632318,44.152187],[3.631938,44.151965],[3.631632,44.151923],[3.631441,44.152063],[3.628344,44.153179],[3.627597,44.153277],[3.626161,44.153295],[3.626101,44.15343],[3.627499,44.154493],[3.627824,44.155029],[3.62994,44.15744],[3.6302,44.157887],[3.630667,44.15977],[3.632793,44.162586],[3.633055,44.163123],[3.633319,44.163704],[3.633339,44.164559],[3.633135,44.168006],[3.633362,44.167999],[3.633972,44.168323],[3.634235,44.168887],[3.634394,44.169032],[3.635298,44.169319],[3.636419,44.170188],[3.636603,44.170733],[3.637258,44.172029],[3.637725,44.173373],[3.638012,44.174988],[3.637531,44.175804],[3.637042,44.176258],[3.637107,44.176348],[3.640635,44.177619],[3.641393,44.177969],[3.644942,44.18013],[3.645569,44.180257],[3.647071,44.180329],[3.649644,44.180847],[3.650131,44.180301],[3.650248,44.179941],[3.650399,44.178356],[3.652578,44.177521],[3.652762,44.177339],[3.652756,44.177114],[3.655102,44.175916],[3.656341,44.175451],[3.657264,44.175206],[3.65708,44.17479],[3.657443,44.174547],[3.657593,44.174061],[3.657407,44.173331],[3.659181,44.173447],[3.660011,44.173784],[3.660692,44.173893],[3.662335,44.174494],[3.663687,44.175164],[3.663961,44.17562],[3.664458,44.175966],[3.665427,44.17607],[3.666441,44.176688],[3.668704,44.177244],[3.66921,44.177472],[3.669528,44.177737],[3.669726,44.178185],[3.669981,44.178407],[3.671179,44.178886],[3.671371,44.179109],[3.671509,44.179647],[3.671604,44.180995],[3.67137,44.181672],[3.668048,44.184456],[3.668116,44.184634],[3.668692,44.185256],[3.670016,44.186543],[3.670965,44.186251],[3.671887,44.185862],[3.675404,44.184072],[3.67631,44.183452],[3.677622,44.183059],[3.678376,44.182931],[3.67985,44.182983],[3.682272,44.18269],[3.684031,44.182608],[3.684709,44.182673],[3.685041,44.182607],[3.684194,44.181794],[3.683673,44.1809],[3.683538,44.180498],[3.684448,44.179318],[3.686031,44.177589],[3.686576,44.176863],[3.687137,44.176316],[3.68761,44.175989],[3.68899,44.174591],[3.690201,44.173521],[3.691336,44.172707],[3.692552,44.171333],[3.693906,44.170645],[3.694533,44.170446],[3.698404,44.170361],[3.699774,44.169875],[3.700288,44.169544],[3.701183,44.168425],[3.702255,44.167352],[3.702618,44.166882],[3.705817,44.164879],[3.70625,44.164694],[3.70962,44.164075],[3.71199,44.163957],[3.712931,44.164079],[3.71532,44.164723],[3.71702,44.165287],[3.717523,44.165371],[3.718584,44.165356],[3.719765,44.165117],[3.721438,44.164601],[3.722384,44.164454],[3.724695,44.164434],[3.725255,44.164337],[3.725627,44.164243],[3.726546,44.163511],[3.728269,44.16241],[3.728564,44.162339],[3.728693,44.161832],[3.729021,44.161467],[3.730406,44.160896],[3.731473,44.160744],[3.732053,44.160502],[3.732304,44.160238],[3.732563,44.159706],[3.733702,44.158696],[3.734371,44.157661],[3.734956,44.15701],[3.73557,44.156597],[3.737,44.15586],[3.739176,44.155436],[3.739857,44.155157],[3.741366,44.155588],[3.741929,44.155626],[3.742926,44.155568],[3.744728,44.155184],[3.745108,44.15536],[3.745609,44.155443],[3.746297,44.155434],[3.746925,44.155606],[3.747423,44.155555],[3.748427,44.155227],[3.748732,44.154953],[3.749881,44.153409],[3.750918,44.152407],[3.751757,44.151047],[3.752369,44.150544],[3.75268,44.150496],[3.755264,44.151407],[3.755892,44.151533],[3.75847,44.15177],[3.758968,44.151718],[3.760391,44.15116],[3.762223,44.149517],[3.762455,44.148795],[3.762311,44.148077],[3.761849,44.147094],[3.761564,44.145704],[3.761312,44.145078],[3.760856,44.144319],[3.762339,44.143716],[3.763259,44.143029],[3.764275,44.142685],[3.764878,44.141479],[3.764853,44.140976],[3.767272,44.141321],[3.7682,44.141589],[3.768689,44.141948],[3.768913,44.142476],[3.76976,44.14285],[3.770426,44.143482],[3.770852,44.143729],[3.771439,44.143816],[3.773586,44.143523],[3.773505,44.142805],[3.773309,44.142447],[3.773038,44.141597],[3.774732,44.141889],[3.775668,44.141877],[3.775658,44.141517],[3.775782,44.141471],[3.775839,44.141245],[3.776203,44.140835],[3.777684,44.140187],[3.77886,44.139227],[3.77959,44.138498],[3.780376,44.137454],[3.780455,44.136936],[3.78061,44.136666],[3.780603,44.136326],[3.780969,44.136063],[3.781256,44.135404],[3.781805,44.134782],[3.782417,44.134279],[3.782724,44.134095],[3.783852,44.134215],[3.784918,44.133976],[3.786082,44.133106],[3.786935,44.13224],[3.787732,44.13169],[3.788718,44.131183],[3.789585,44.130902],[3.791834,44.130961],[3.793271,44.130538],[3.794569,44.130026],[3.795118,44.129523],[3.795776,44.128391],[3.796382,44.127709],[3.796998,44.127385],[3.798376,44.127591],[3.800752,44.128391],[3.801296,44.128459],[3.802433,44.128391],[3.804342,44.128465],[3.806289,44.128888],[3.807918,44.129136],[3.808791,44.129079],[3.810401,44.128609],[3.810837,44.128558],[3.812653,44.128802],[3.813415,44.129296],[3.815391,44.130843],[3.815706,44.130973],[3.816768,44.13184],[3.818876,44.132324],[3.820241,44.132484],[3.820485,44.133325],[3.820864,44.133837],[3.820866,44.13414],[3.821189,44.134915],[3.821631,44.13561],[3.822388,44.136201],[3.822882,44.136469],[3.824106,44.136462],[3.824933,44.136653],[3.82582,44.1363],[3.826282,44.136316],[3.827202,44.136585],[3.827657,44.136464],[3.828402,44.136591],[3.829397,44.137198],[3.830106,44.137407],[3.83039,44.137364],[3.830924,44.137478],[3.831057,44.137407],[3.832679,44.137336],[3.833059,44.137206],[3.834408,44.136537],[3.835583,44.135666],[3.836069,44.135121],[3.836683,44.134752],[3.838171,44.134372],[3.839059,44.134899],[3.842335,44.135978],[3.843898,44.136046],[3.846653,44.135858],[3.846855,44.135991],[3.847711,44.135853],[3.847917,44.135714],[3.848112,44.135437],[3.848201,44.135282],[3.848171,44.135152],[3.848651,44.134289],[3.849644,44.133519],[3.850985,44.133343],[3.85172,44.132753],[3.852164,44.131877],[3.852848,44.131437],[3.854705,44.131071],[3.85583,44.130719],[3.856187,44.130482],[3.856635,44.129959],[3.85822,44.130589],[3.859058,44.13112],[3.859958,44.131922],[3.860665,44.132436],[3.86137,44.132639],[3.863318,44.131785],[3.865539,44.130584],[3.866543,44.130439],[3.867673,44.130114],[3.86777,44.129903],[3.869303,44.129092],[3.869544,44.128874],[3.870693,44.12866],[3.871873,44.127941],[3.873985,44.127057],[3.874901,44.126369],[3.875273,44.126229],[3.875596,44.126671],[3.875822,44.127957],[3.875459,44.12852],[3.873923,44.129846],[3.873804,44.130072],[3.873875,44.130431],[3.874956,44.131135],[3.875151,44.131402],[3.875353,44.131939],[3.875612,44.132295],[3.875991,44.13247],[3.877563,44.132861],[3.878195,44.133122],[3.87896,44.133695],[3.879214,44.133916],[3.880315,44.135341],[3.880539,44.135934],[3.882058,44.137429],[3.882761,44.138012],[3.884155,44.138757],[3.885809,44.139903],[3.886984,44.14173],[3.888637,44.142839],[3.888603,44.143874],[3.889631,44.144939],[3.891392,44.145408],[3.892024,44.145669],[3.894314,44.147165],[3.895346,44.148373],[3.895852,44.148591],[3.898735,44.14855],[3.899374,44.149035],[3.900259,44.149427],[3.900832,44.149824],[3.901577,44.149679],[3.903385,44.149562],[3.904006,44.149418],[3.904372,44.149143],[3.90522,44.148187],[3.905526,44.147957],[3.905836,44.147863],[3.90746,44.147885],[3.908575,44.147563],[3.909482,44.147145],[3.909602,44.14753],[3.90983,44.147778],[3.909915,44.14802],[3.911067,44.149146],[3.910794,44.149903],[3.91095,44.150277],[3.910553,44.150982],[3.91082,44.151667],[3.910808,44.152156],[3.910336,44.152899],[3.910329,44.153324],[3.91086,44.153946],[3.911076,44.154407],[3.911855,44.155484],[3.911993,44.155931],[3.912002,44.156246],[3.912271,44.156917],[3.912488,44.157993],[3.912515,44.158982],[3.912399,44.159298],[3.911597,44.160119],[3.911974,44.160158],[3.913043,44.160008],[3.913972,44.159725],[3.914216,44.159497],[3.914712,44.159355],[3.917272,44.159327],[3.918205,44.159178],[3.919377,44.158667],[3.92025,44.158609],[3.920689,44.158693],[3.92341,44.159957],[3.924039,44.160128],[3.925492,44.160241],[3.92581,44.160462],[3.926454,44.161127],[3.927271,44.161295],[3.92729,44.162429],[3.927117,44.162926],[3.926971,44.164412],[3.926528,44.166442],[3.926292,44.16694],[3.926314,44.167704],[3.926395,44.167946],[3.926853,44.168247],[3.926849,44.167876],[3.926934,44.167696],[3.927567,44.167503],[3.927762,44.168132],[3.928483,44.169291],[3.928563,44.169929],[3.928453,44.170425],[3.92774,44.17174],[3.926628,44.172654],[3.926509,44.172836],[3.926562,44.174724],[3.925531,44.175863],[3.924947,44.177311],[3.924332,44.17768],[3.923653,44.177959],[3.92277,44.178107],[3.922409,44.178607],[3.922178,44.179285],[3.921957,44.180322],[3.922038,44.18095],[3.922301,44.181441],[3.923326,44.182335],[3.924387,44.182274],[3.925454,44.182039],[3.926626,44.181907],[3.928885,44.181804],[3.93076,44.181822],[3.931569,44.18172],[3.932312,44.181484],[3.932679,44.181209],[3.933101,44.180618],[3.933513,44.179758],[3.933569,44.179487],[3.933934,44.179167],[3.934598,44.178348],[3.935091,44.178116],[3.937482,44.178216],[3.937792,44.178122],[3.938526,44.177616],[3.939081,44.177338],[3.939828,44.177237],[3.941311,44.176676],[3.942992,44.176205],[3.943797,44.175831],[3.94457,44.17574],[3.945052,44.175467],[3.946463,44.175026],[3.946576,44.17462],[3.946549,44.173673],[3.946786,44.173632],[3.947251,44.173288],[3.947564,44.17323],[3.9485,44.172609],[3.950051,44.172067],[3.951167,44.171465],[3.951259,44.171255],[3.952138,44.171032],[3.953422,44.170941],[3.954848,44.170516],[3.955104,44.170369],[3.955776,44.170356],[3.956629,44.170698],[3.958063,44.170424],[3.95924,44.169959],[3.961339,44.168811],[3.962783,44.168532],[3.962791,44.168379],[3.962905,44.168239],[3.963308,44.167943],[3.964083,44.167556],[3.965872,44.167223],[3.966666,44.166864],[3.96824,44.165735],[3.970072,44.164865],[3.970428,44.16449],[3.971446,44.163774],[3.971492,44.163462],[3.972409,44.163317],[3.973897,44.162792],[3.974192,44.162877],[3.973824,44.163364],[3.973779,44.163815],[3.973882,44.164069],[3.974532,44.164342],[3.974678,44.164507],[3.974642,44.164847],[3.97446,44.165146],[3.974531,44.165658],[3.974118,44.16615],[3.973312,44.166694],[3.973281,44.167256],[3.974939,44.168388],[3.97541,44.168563],[3.976604,44.169327],[3.976658,44.170052],[3.976962,44.170811],[3.976968,44.170999],[3.976747,44.171378],[3.975291,44.172283],[3.975041,44.172799],[3.974888,44.172928],[3.974458,44.173061],[3.973471,44.173129],[3.972876,44.173296],[3.972258,44.173803],[3.97156,44.174594],[3.971291,44.174776],[3.970991,44.174806],[3.97051,44.174711],[3.970353,44.174605],[3.970579,44.17402],[3.970614,44.173681],[3.970507,44.173112],[3.970365,44.172793],[3.970396,44.172333],[3.970134,44.172207],[3.969099,44.172041],[3.96717,44.171358],[3.966898,44.171025],[3.966382,44.17082],[3.965616,44.17077],[3.964868,44.170983],[3.964763,44.171181],[3.964903,44.171351],[3.965384,44.171468],[3.965858,44.17136],[3.966096,44.171393],[3.966531,44.17199],[3.966479,44.172138],[3.966333,44.172166],[3.965455,44.172191],[3.96478,44.172313],[3.964463,44.172446],[3.96423,44.17275],[3.964407,44.173077],[3.964856,44.173249],[3.965171,44.173527],[3.965205,44.173664],[3.964887,44.174051],[3.964853,44.174201],[3.965029,44.174547],[3.965177,44.174604],[3.965616,44.174409],[3.965992,44.174491],[3.96617,44.174635],[3.966272,44.17498],[3.966151,44.175248],[3.966205,44.175562],[3.966421,44.175764],[3.965831,44.175801],[3.964788,44.175511],[3.964468,44.175319],[3.963857,44.175335],[3.963589,44.175253],[3.96341,44.175022],[3.963395,44.174251],[3.963279,44.174204],[3.963046,44.174196],[3.962447,44.17442],[3.962032,44.174749],[3.961849,44.174928],[3.961758,44.175184],[3.96189,44.175481],[3.962545,44.17592],[3.963513,44.176014],[3.963716,44.176157],[3.963909,44.176801],[3.96433,44.17726],[3.964382,44.177722],[3.964269,44.177962],[3.964438,44.178396],[3.96438,44.178779],[3.964013,44.179022],[3.962901,44.179209],[3.961653,44.179732],[3.960564,44.179979],[3.960207,44.180192],[3.959738,44.180647],[3.959576,44.180702],[3.958738,44.18069],[3.958483,44.180769],[3.958173,44.181155],[3.958156,44.181338],[3.958486,44.181878],[3.958971,44.182951],[3.959147,44.183113],[3.959336,44.183591],[3.959332,44.183851],[3.958979,44.184046],[3.957382,44.184153],[3.957077,44.184248],[3.957001,44.184365],[3.957422,44.185193],[3.957357,44.185335],[3.957593,44.185785],[3.958087,44.186033],[3.958938,44.185644],[3.95924,44.185588],[3.959426,44.18585],[3.959588,44.186339],[3.959604,44.186767],[3.959185,44.187134],[3.958476,44.187407],[3.95725,44.186945],[3.956909,44.186989],[3.956637,44.187304],[3.956657,44.187807],[3.95659,44.18795],[3.956658,44.188111],[3.957089,44.188178],[3.957747,44.187947],[3.958215,44.188327],[3.958705,44.188482],[3.959699,44.188318],[3.96035,44.188348],[3.960655,44.18819],[3.961312,44.188044],[3.961875,44.188146],[3.962197,44.188365],[3.962042,44.188621],[3.961541,44.188924],[3.960072,44.189223],[3.959343,44.189534],[3.959079,44.189945],[3.959167,44.190144],[3.959371,44.190165],[3.959997,44.189949],[3.960103,44.190019],[3.960061,44.190364],[3.959694,44.190797],[3.959818,44.191238],[3.959704,44.191361],[3.958625,44.191863],[3.957495,44.192566],[3.956791,44.192907],[3.956743,44.192998],[3.956802,44.193094],[3.95729,44.193465],[3.957291,44.19368],[3.957207,44.193798],[3.956883,44.193875],[3.956382,44.193746],[3.95565,44.193348],[3.954283,44.193542],[3.953926,44.193516],[3.953669,44.193155],[3.953647,44.192962],[3.953737,44.192887],[3.955169,44.192487],[3.955344,44.192353],[3.955346,44.192034],[3.955098,44.191794],[3.954863,44.191698],[3.953898,44.191971],[3.953407,44.192227],[3.953148,44.192452],[3.952838,44.192946],[3.951857,44.193015],[3.951212,44.1932],[3.9511,44.193337],[3.951125,44.193663],[3.951379,44.193893],[3.951841,44.194031],[3.951958,44.194259],[3.951897,44.194319],[3.95121,44.194342],[3.950623,44.194624],[3.950228,44.19458],[3.947822,44.193783],[3.947422,44.194259],[3.947155,44.194397],[3.946859,44.194446],[3.946408,44.194394],[3.946266,44.194332],[3.946275,44.194204],[3.946167,44.194068],[3.945902,44.194007],[3.94547,44.194147],[3.944584,44.194151],[3.944145,44.194251],[3.943869,44.194459],[3.943759,44.194723],[3.943528,44.194776],[3.943145,44.194238],[3.942694,44.193832],[3.940848,44.19304],[3.940323,44.192698],[3.940035,44.192661],[3.939733,44.192846],[3.939658,44.193115],[3.939809,44.193309],[3.940417,44.193538],[3.940513,44.193868],[3.940394,44.194251],[3.939663,44.194392],[3.938842,44.194348],[3.938023,44.194035],[3.937689,44.194155],[3.93774,44.194548],[3.936814,44.19481],[3.936506,44.195078],[3.936541,44.195307],[3.937073,44.195596],[3.937723,44.196441],[3.939719,44.198534],[3.940309,44.19947],[3.941019,44.200269],[3.942321,44.202138],[3.943684,44.204331],[3.94352,44.205143],[3.943745,44.206488],[3.943881,44.206846],[3.944661,44.207913],[3.944928,44.208494],[3.945219,44.209929],[3.945785,44.210056],[3.946066,44.211131],[3.946237,44.212756],[3.946589,44.214145],[3.947298,44.216106],[3.948262,44.216197],[3.950248,44.216856],[3.950918,44.216869],[3.951446,44.217815],[3.951583,44.218262],[3.951637,44.220555],[3.951843,44.221226],[3.952049,44.221476],[3.952125,44.222142],[3.951503,44.222446],[3.950767,44.222951],[3.950159,44.223545],[3.948933,44.22533],[3.947878,44.226563],[3.947798,44.226817],[3.947842,44.22756],[3.948352,44.22885],[3.948015,44.229455],[3.947618,44.229754],[3.947427,44.230009],[3.947436,44.23018],[3.94775,44.230505],[3.947639,44.230899],[3.947388,44.231102],[3.946866,44.23134],[3.945576,44.231757],[3.945094,44.232259],[3.944823,44.232388],[3.944965,44.23267],[3.945387,44.233052],[3.945569,44.233442],[3.945536,44.233775],[3.945218,44.234181],[3.945432,44.234283],[3.945879,44.234316],[3.946147,44.234591],[3.946707,44.234868],[3.946923,44.235333],[3.94702,44.236236],[3.947255,44.236568],[3.947286,44.236896],[3.947415,44.237145],[3.947374,44.237322],[3.947007,44.23785],[3.946383,44.238242],[3.946337,44.240398],[3.945759,44.2405],[3.945451,44.240704],[3.946479,44.241013],[3.946823,44.241447],[3.946863,44.241635],[3.946772,44.241847],[3.946302,44.242121],[3.94634,44.242454],[3.947604,44.244342],[3.948181,44.244712],[3.948662,44.244906],[3.949777,44.245207],[3.950711,44.24533],[3.950771,44.245479],[3.950732,44.245737],[3.950857,44.245887],[3.951704,44.246271],[3.951683,44.246524],[3.951103,44.247353],[3.951603,44.248033],[3.953029,44.249072],[3.955046,44.249822],[3.956263,44.249896],[3.956551,44.249225],[3.956528,44.24893],[3.956369,44.24863],[3.956068,44.248514],[3.955169,44.24857],[3.954774,44.248403],[3.954334,44.247928],[3.953998,44.247373],[3.953982,44.24704],[3.954203,44.246857],[3.954651,44.246974],[3.955854,44.247005],[3.956884,44.247288],[3.958145,44.247488],[3.95931,44.247907],[3.959506,44.248133],[3.959527,44.248764],[3.959882,44.249887],[3.960498,44.250681],[3.960796,44.2509],[3.961002,44.250945],[3.961958,44.250895],[3.962823,44.25049],[3.963799,44.249558],[3.964073,44.249041],[3.964816,44.248389],[3.965264,44.247685],[3.96545,44.247551],[3.966036,44.247913],[3.96616,44.248264],[3.966877,44.249082],[3.967162,44.249276],[3.967861,44.249551],[3.967891,44.249687],[3.967741,44.250036],[3.967822,44.251594],[3.96789,44.251753],[3.968094,44.251863],[3.968779,44.252049],[3.969301,44.251977],[3.970103,44.251507],[3.970112,44.25136],[3.969947,44.251104],[3.969989,44.250975],[3.971143,44.250393],[3.971491,44.250348],[3.971435,44.250838],[3.97194,44.251696],[3.972454,44.252133],[3.973034,44.252422],[3.973126,44.252604],[3.973554,44.253012],[3.973836,44.253709],[3.974106,44.253923],[3.974128,44.254111],[3.973942,44.254776],[3.974019,44.255179],[3.974782,44.255844],[3.975105,44.256384],[3.975494,44.258837],[3.975377,44.259924],[3.974148,44.260781],[3.973762,44.261176],[3.97166,44.261543],[3.970928,44.262202],[3.970479,44.262916],[3.970646,44.263773],[3.969925,44.264246],[3.969687,44.264967],[3.969036,44.26543],[3.968983,44.265773],[3.969239,44.266197],[3.96926,44.266454],[3.968909,44.266875],[3.967433,44.266892],[3.967078,44.266792],[3.965847,44.266736],[3.965348,44.266792],[3.9631,44.267457],[3.963335,44.268393],[3.963299,44.268501],[3.963191,44.268565],[3.962783,44.268507],[3.962387,44.268345],[3.961001,44.269666],[3.960096,44.270803],[3.957927,44.271573],[3.955739,44.272083],[3.955485,44.271996],[3.954901,44.27124],[3.953961,44.270507],[3.953454,44.270508],[3.952846,44.270322],[3.951754,44.269818],[3.951078,44.269603],[3.950482,44.269492],[3.949874,44.269599],[3.949084,44.269203],[3.948084,44.268899],[3.947828,44.26885],[3.94728,44.268906],[3.946965,44.267301],[3.946765,44.266891],[3.946072,44.266676],[3.945696,44.266681],[3.945451,44.266865],[3.945272,44.267183],[3.942952,44.26924],[3.942395,44.269877],[3.942214,44.27015],[3.941961,44.271415],[3.94137,44.271877],[3.939876,44.272578],[3.939351,44.273036],[3.93796,44.273781],[3.935574,44.274744],[3.933723,44.275715],[3.933735,44.27612],[3.934001,44.27671],[3.934261,44.277065],[3.934841,44.277642],[3.935494,44.278577],[3.936391,44.279328],[3.93703,44.280072],[3.937911,44.281539],[3.93937,44.282801],[3.939823,44.283335],[3.940011,44.28383],[3.940066,44.285309],[3.939977,44.285793],[3.939304,44.286926],[3.939064,44.287807],[3.938083,44.288828],[3.938004,44.289054],[3.937956,44.290241],[3.937751,44.290478],[3.93749,44.29136],[3.936985,44.292059],[3.936816,44.292422],[3.936768,44.292951],[3.936913,44.29364],[3.93537,44.294658],[3.935087,44.294932],[3.935125,44.295377],[3.933016,44.297193],[3.931481,44.297711],[3.930531,44.298186],[3.929969,44.298373],[3.92827,44.298685],[3.92764,44.299335],[3.926731,44.299901],[3.926278,44.300354],[3.925557,44.30045],[3.925184,44.300591],[3.924941,44.300819],[3.924798,44.301686],[3.924463,44.302293],[3.924239,44.303242],[3.92286,44.305221],[3.923918,44.305845],[3.923966,44.305982],[3.924341,44.30609],[3.925379,44.306633],[3.925684,44.306905],[3.926511,44.307086],[3.926795,44.307351],[3.927028,44.307416],[3.927256,44.307647],[3.927345,44.307874],[3.927834,44.307924],[3.927957,44.307856],[3.928497,44.308258],[3.929487,44.308775],[3.929705,44.309027],[3.930073,44.309196],[3.930327,44.309625],[3.930593,44.309846],[3.931165,44.310112],[3.931167,44.310354],[3.931288,44.310561],[3.931537,44.310667],[3.931854,44.310668],[3.932166,44.310968],[3.932251,44.311325],[3.932398,44.311531],[3.933094,44.311878],[3.933225,44.31206],[3.933591,44.312167],[3.933863,44.312363],[3.93426,44.312364],[3.934805,44.312696],[3.935054,44.312763],[3.937119,44.314021],[3.93816,44.314518],[3.940516,44.315529],[3.943415,44.316272],[3.944532,44.317043],[3.943864,44.317271],[3.943954,44.320275],[3.94402,44.320408],[3.944539,44.320826],[3.945073,44.320898],[3.9452,44.323848],[3.945352,44.324256],[3.946519,44.325576],[3.947685,44.327319],[3.948002,44.327499],[3.949531,44.32777],[3.95013,44.327755],[3.950525,44.327493],[3.9505,44.327167],[3.95041,44.327071],[3.950237,44.326976],[3.949584,44.327006],[3.948621,44.326903],[3.948382,44.326654],[3.94867,44.32416],[3.948746,44.323894],[3.948915,44.323801],[3.949243,44.324883],[3.950126,44.326179],[3.952254,44.327958],[3.95222,44.328425],[3.952391,44.32921],[3.952429,44.329934],[3.952343,44.331043],[3.952035,44.332233],[3.951696,44.332917],[3.949525,44.334653],[3.949388,44.334527],[3.949201,44.334511],[3.948829,44.334859],[3.948305,44.335092],[3.94735,44.335147],[3.946334,44.335418],[3.944597,44.33606],[3.941867,44.336074],[3.940248,44.335808],[3.939028,44.335697],[3.938513,44.335719],[3.937139,44.336023],[3.936688,44.335906],[3.934628,44.335908],[3.93512,44.338347],[3.933866,44.338639],[3.933037,44.338965],[3.932962,44.339102],[3.933544,44.340954],[3.933286,44.340921],[3.932081,44.340427],[3.93125,44.340361],[3.931024,44.340432],[3.930813,44.340722],[3.930889,44.341221],[3.93084,44.341356],[3.929739,44.342097],[3.929045,44.342979],[3.927746,44.343847],[3.927113,44.344143],[3.926937,44.344315],[3.926387,44.345401],[3.926177,44.345632],[3.925755,44.345866],[3.925485,44.34585],[3.925264,44.346039],[3.925116,44.34598],[3.924715,44.346553],[3.924382,44.346593],[3.924266,44.346702],[3.924009,44.34741],[3.924363,44.347653],[3.926547,44.348584],[3.926992,44.348865],[3.927135,44.349212],[3.92716,44.349778],[3.926877,44.350332],[3.926863,44.350714],[3.926295,44.35117],[3.926302,44.351285],[3.92585,44.351875],[3.925317,44.352418],[3.923847,44.353546],[3.922518,44.354746],[3.91833,44.358174],[3.916732,44.359282],[3.916511,44.359509],[3.915944,44.360634],[3.915777,44.361168],[3.915527,44.361514],[3.914965,44.36272],[3.91466,44.363781],[3.914128,44.364511],[3.91386,44.364568],[3.913384,44.36498],[3.913181,44.366631],[3.913222,44.367513],[3.913099,44.368076],[3.912493,44.369097],[3.911312,44.370325],[3.910539,44.371419],[3.909496,44.372221],[3.908133,44.373925],[3.907724,44.374937],[3.907733,44.375236],[3.906302,44.375657],[3.905647,44.376201],[3.904823,44.376481],[3.90198,44.376016],[3.895829,44.378521],[3.893794,44.38004],[3.892393,44.381196],[3.89205,44.382145],[3.891834,44.382475],[3.890123,44.38436],[3.889483,44.38519],[3.886645,44.387058],[3.88575,44.387785],[3.88572,44.388088],[3.885758,44.388335],[3.885935,44.388525],[3.88668,44.388811],[3.887443,44.389684],[3.888557,44.390213],[3.888892,44.392949],[3.892645,44.392164],[3.892845,44.391738],[3.893742,44.390808],[3.895963,44.389364],[3.898269,44.389972],[3.899815,44.39103],[3.90078,44.393855],[3.901165,44.394136],[3.901441,44.395257],[3.901324,44.395539],[3.902355,44.396565],[3.902993,44.397534],[3.903481,44.398112],[3.905396,44.399997],[3.906928,44.401185],[3.907518,44.402306],[3.908119,44.402674],[3.908897,44.402915],[3.909501,44.402914],[3.909829,44.403179],[3.910373,44.403347],[3.911021,44.403495],[3.91207,44.403461],[3.912293,44.40366],[3.913015,44.403675],[3.913257,44.403948],[3.914109,44.404056],[3.914591,44.404198],[3.91537,44.404228],[3.916414,44.404653],[3.916997,44.405076],[3.917543,44.405311],[3.918388,44.404374],[3.919121,44.404791],[3.922241,44.405776],[3.923995,44.405705],[3.926961,44.405779],[3.928905,44.405145],[3.929181,44.404911],[3.93011,44.404531],[3.931554,44.404297],[3.933106,44.403296],[3.934234,44.402998],[3.935474,44.402485],[3.937457,44.402145],[3.938083,44.402532],[3.938896,44.402755],[3.939556,44.402235],[3.939956,44.402217],[3.94066,44.401296],[3.940738,44.400952],[3.941064,44.400599],[3.942348,44.400462],[3.942704,44.400243],[3.94326,44.400241],[3.943423,44.400172],[3.943295,44.400111],[3.943331,44.399999],[3.94462,44.399585],[3.944746,44.3996],[3.945156,44.399943],[3.94525,44.399953],[3.945605,44.399705],[3.94596,44.400033],[3.946164,44.400091],[3.94672,44.40005],[3.947555,44.400375],[3.948303,44.400206],[3.948686,44.4002],[3.950094,44.40082],[3.950602,44.401204],[3.952032,44.401609],[3.95257,44.401996],[3.952228,44.402028],[3.950761,44.401895],[3.950536,44.40195],[3.95028,44.402144],[3.949964,44.40267],[3.949242,44.403111],[3.948836,44.403762],[3.94876,44.40413],[3.948828,44.404493],[3.948485,44.405702],[3.948652,44.406792],[3.949115,44.407401],[3.949006,44.407603],[3.948733,44.4078],[3.94864,44.408104],[3.94869,44.408278],[3.949032,44.408677],[3.94914,44.408981],[3.948849,44.409401],[3.948758,44.409735],[3.948861,44.40981],[3.94923,44.409799],[3.949328,44.41004],[3.949019,44.41039],[3.948394,44.41069],[3.948083,44.411134],[3.94814,44.411323],[3.948582,44.411726],[3.948661,44.412253],[3.948448,44.41232],[3.949276,44.413037],[3.951724,44.412983],[3.952087,44.41285],[3.952518,44.412567],[3.953055,44.412093],[3.953966,44.411888],[3.955228,44.411365],[3.957034,44.411119],[3.957302,44.411227],[3.957834,44.411761],[3.958549,44.4121],[3.961147,44.413967],[3.961458,44.414315],[3.962086,44.415413],[3.962732,44.415888],[3.962986,44.416219],[3.963796,44.416549],[3.964538,44.417424],[3.965652,44.418316],[3.966132,44.41906],[3.966745,44.419666],[3.966942,44.4203],[3.966934,44.421001],[3.966862,44.42118],[3.967258,44.421455],[3.967993,44.422527],[3.968857,44.423109],[3.969637,44.423485],[3.969935,44.423779],[3.970797,44.425211],[3.971601,44.426358],[3.972452,44.426483],[3.973079,44.426689],[3.972829,44.427509],[3.972172,44.42845],[3.972011,44.428858],[3.971986,44.429634],[3.971896,44.430001],[3.971084,44.430973],[3.971046,44.431232],[3.971635,44.431809],[3.971603,44.432331],[3.9717,44.43301],[3.971871,44.433761],[3.972167,44.434228],[3.972116,44.434651],[3.971963,44.435063],[3.972001,44.436081],[3.972143,44.436377],[3.972498,44.436764],[3.973894,44.437894],[3.974944,44.438424],[3.975034,44.438551],[3.975039,44.43894],[3.975143,44.439028],[3.976031,44.439155],[3.976441,44.439436],[3.976623,44.439798],[3.97697,44.439884],[3.976521,44.440874],[3.975481,44.442655],[3.975432,44.442875],[3.975533,44.443144],[3.976054,44.443316],[3.97676,44.443375],[3.977155,44.443833],[3.977626,44.443762],[3.977801,44.443823],[3.978195,44.444165],[3.977942,44.444741],[3.977982,44.445011],[3.978114,44.445097],[3.97893,44.445119],[3.979405,44.445289],[3.980606,44.445501],[3.981087,44.445502],[3.981402,44.44537],[3.981719,44.445478],[3.982363,44.445488],[3.983089,44.445287],[3.983732,44.445311],[3.984072,44.445353],[3.985479,44.445828],[3.985617,44.446072],[3.985652,44.446489],[3.985323,44.44719],[3.985351,44.447646],[3.985662,44.447933],[3.98573,44.448135],[3.987153,44.448648],[3.98723,44.448953],[3.986932,44.449252],[3.986819,44.449479],[3.986833,44.44963],[3.987055,44.449885],[3.987118,44.450111],[3.987325,44.450163],[3.98755,44.450094],[3.988287,44.449558],[3.98853,44.449547],[3.988817,44.449711],[3.989011,44.450029],[3.988741,44.450404],[3.988985,44.450798],[3.989038,44.451068],[3.988577,44.45147],[3.988655,44.451779],[3.988745,44.45186],[3.988988,44.451873],[3.989258,44.45176],[3.990067,44.451641],[3.990373,44.451737],[3.990583,44.453191],[3.990968,44.453596],[3.990722,44.454095],[3.991251,44.454133],[3.991564,44.453914],[3.992139,44.453806],[3.992515,44.453995],[3.992809,44.45433],[3.993348,44.454397],[3.993732,44.454696],[3.993758,44.454918],[3.993578,44.455118],[3.993362,44.455638],[3.993321,44.45603],[3.993487,44.456421],[3.993611,44.456534],[3.994288,44.456936],[3.994919,44.457132],[3.995189,44.457378],[3.995206,44.457536],[3.994879,44.458215],[3.99489,44.458596],[3.994973,44.458773],[3.995136,44.45886],[3.995762,44.458867],[3.99679,44.459071],[3.997697,44.459131],[3.997906,44.459208],[3.99837,44.45966],[3.99905,44.459279],[3.999374,44.459198],[4.000222,44.459174],[4.001055,44.459271],[4.001893,44.459115],[4.002536,44.458651],[4.003263,44.458314],[4.003797,44.45744],[4.003875,44.456773],[4.004126,44.456514],[4.004464,44.45635],[4.004979,44.456278],[4.005479,44.456057],[4.006968,44.456039],[4.008239,44.456343],[4.00887,44.456635],[4.009439,44.456584],[4.010147,44.456177],[4.010135,44.455953],[4.01038,44.455775],[4.010517,44.45528],[4.010876,44.454793],[4.011634,44.454479],[4.011854,44.454441],[4.012367,44.454635],[4.013987,44.454732],[4.014504,44.454734],[4.015296,44.454591],[4.015441,44.454461],[4.01539,44.453825],[4.014974,44.453131],[4.014733,44.452067],[4.014738,44.450976],[4.014856,44.45082],[4.01505,44.450687],[4.015359,44.450675],[4.016304,44.450984],[4.01699,44.451007],[4.017482,44.450823],[4.017758,44.450584],[4.019031,44.449828],[4.019498,44.449677],[4.019711,44.449683],[4.020378,44.450087],[4.020865,44.45022],[4.022007,44.450008],[4.022096,44.449803],[4.021909,44.448831],[4.021432,44.448098],[4.021309,44.447264],[4.021391,44.44704],[4.02164,44.446768],[4.022675,44.445979],[4.023199,44.445689],[4.024632,44.445564],[4.026172,44.445638],[4.026812,44.445592],[4.026956,44.445518],[4.027011,44.445201],[4.027499,44.44468],[4.027693,44.444595],[4.028002,44.444615],[4.028332,44.444794],[4.028599,44.445328],[4.028554,44.445772],[4.029094,44.446349],[4.029925,44.446532],[4.030651,44.446491],[4.031645,44.446256],[4.032475,44.445994],[4.032699,44.445851],[4.032994,44.445415],[4.033204,44.445294],[4.033347,44.445088],[4.033667,44.443807],[4.033768,44.443714],[4.034148,44.443626],[4.034892,44.443836],[4.035153,44.444398],[4.035489,44.444794],[4.03617,44.445415],[4.036864,44.445749],[4.037175,44.446085],[4.037382,44.445889],[4.037487,44.44565],[4.037643,44.445554],[4.037671,44.445327],[4.03815,44.445176],[4.038041,44.44486],[4.038035,44.444415],[4.038113,44.444247],[4.038494,44.444083],[4.038924,44.443604],[4.03949,44.443303],[4.039561,44.443034],[4.039395,44.442707],[4.039427,44.442461],[4.04074,44.441801],[4.041846,44.440904],[4.041901,44.440153],[4.042094,44.439536],[4.04211,44.439154],[4.042515,44.438878],[4.042719,44.438419],[4.04266,44.4381],[4.042704,44.437274],[4.042605,44.436998],[4.04265,44.436708],[4.04322,44.436179],[4.04417,44.435499],[4.04525,44.435388],[4.045444,44.43441],[4.045926,44.433606],[4.046258,44.432421],[4.04633,44.431833],[4.046139,44.431338],[4.045433,44.430532],[4.045415,44.429599],[4.044444,44.42941],[4.043914,44.429171],[4.042249,44.428142],[4.042067,44.427947],[4.041934,44.42759],[4.042243,44.427275],[4.042276,44.426985],[4.042694,44.426436],[4.04268,44.426302],[4.041998,44.426071],[4.041515,44.425735],[4.040601,44.425357],[4.040484,44.425151],[4.040538,44.424863],[4.039773,44.424167],[4.039004,44.423741],[4.03879,44.423193],[4.03752,44.422139],[4.037293,44.42189],[4.037065,44.421443],[4.036672,44.42101],[4.035444,44.420056],[4.03544,44.419921],[4.035779,44.419501],[4.036264,44.419172],[4.038075,44.418656],[4.039128,44.41819],[4.039688,44.418046],[4.041013,44.418114],[4.042902,44.4185],[4.043394,44.41852],[4.046579,44.41837],[4.047766,44.418086],[4.049163,44.417156],[4.051326,44.416376],[4.051858,44.416038],[4.052368,44.415586],[4.053157,44.415205],[4.05507,44.414647],[4.057271,44.413653],[4.058537,44.412465],[4.059069,44.412168],[4.059044,44.411986],[4.060706,44.409881],[4.060865,44.409612],[4.060902,44.40937],[4.0611,44.409162],[4.061523,44.40901],[4.061799,44.40904],[4.061766,44.408948],[4.062962,44.408775],[4.064171,44.408167],[4.064544,44.407717],[4.064813,44.407621],[4.064984,44.407471],[4.065017,44.407334],[4.065443,44.407023],[4.065597,44.406526],[4.065797,44.406319],[4.066213,44.406039],[4.06673,44.405851],[4.067121,44.405513],[4.068431,44.405046],[4.067393,44.403077],[4.067201,44.40235],[4.067033,44.402134],[4.066711,44.401349],[4.066146,44.400686],[4.064822,44.399908],[4.064352,44.399347],[4.063811,44.399058],[4.062928,44.398808],[4.062544,44.398783],[4.062336,44.398672],[4.062296,44.397915],[4.063312,44.397078],[4.06338,44.396675],[4.06363,44.39637],[4.063903,44.395489],[4.06453,44.394531],[4.064458,44.394053],[4.063698,44.394235],[4.06297,44.394967],[4.062772,44.395044],[4.062562,44.394961],[4.061926,44.394455],[4.061528,44.39428],[4.060733,44.394217],[4.059447,44.394325],[4.057699,44.394351],[4.057325,44.39416],[4.056964,44.393727],[4.056934,44.393204],[4.056737,44.392686],[4.056249,44.39262],[4.054982,44.393293],[4.054359,44.393538],[4.054177,44.393801],[4.053245,44.393793],[4.053045,44.394118],[4.053324,44.394767],[4.053227,44.395144],[4.052763,44.395457],[4.052109,44.395588],[4.05095,44.395993],[4.050484,44.396376],[4.050142,44.396374],[4.049136,44.395708],[4.048691,44.395625],[4.048328,44.395685],[4.048155,44.396033],[4.047797,44.397352],[4.04701,44.397462],[4.046594,44.397205],[4.046614,44.39663],[4.046512,44.396286],[4.04617,44.396186],[4.045252,44.396206],[4.044856,44.396083],[4.04481,44.395834],[4.045068,44.3951],[4.044854,44.39481],[4.044468,44.394738],[4.044199,44.394361],[4.043804,44.394353],[4.043086,44.394727],[4.042736,44.394779],[4.042177,44.394624],[4.041843,44.394361],[4.04147,44.393801],[4.041011,44.393353],[4.040515,44.3924],[4.040511,44.392025],[4.040218,44.391637],[4.041456,44.389561],[4.041555,44.388659],[4.041912,44.388266],[4.042419,44.386892],[4.043009,44.386141],[4.043439,44.385335],[4.043766,44.38451],[4.044195,44.384259],[4.046244,44.38355],[4.046482,44.383085],[4.046608,44.382546],[4.047275,44.38189],[4.047904,44.380996],[4.04818,44.38077],[4.048552,44.380694],[4.04986,44.380122],[4.051853,44.37949],[4.053133,44.378895],[4.05236,44.378259],[4.051649,44.377442],[4.051912,44.376135],[4.051806,44.375778],[4.050637,44.37444],[4.050562,44.374052],[4.050726,44.373836],[4.051373,44.37332],[4.051864,44.372657],[4.052403,44.371228],[4.052993,44.370277],[4.052711,44.368926],[4.05264,44.368169],[4.053028,44.366955],[4.053652,44.366364],[4.053874,44.366287],[4.054745,44.366238],[4.055124,44.366088],[4.055171,44.365962],[4.055034,44.365537],[4.055435,44.364948],[4.056014,44.364685],[4.056985,44.364506],[4.057217,44.36426],[4.057338,44.363682],[4.057169,44.363344],[4.056925,44.363259],[4.056795,44.362735],[4.056867,44.362296],[4.056817,44.362101],[4.057006,44.361645],[4.056986,44.36144],[4.056864,44.361321],[4.056343,44.361203],[4.055986,44.360977],[4.055516,44.360912],[4.055362,44.360729],[4.05538,44.360534],[4.055526,44.360294],[4.055419,44.359164],[4.054882,44.359233],[4.054433,44.359428],[4.054153,44.359702],[4.053982,44.36003],[4.053699,44.360187],[4.053331,44.360166],[4.053143,44.360039],[4.053129,44.359753],[4.053278,44.359387],[4.053274,44.359003],[4.053531,44.358725],[4.053705,44.358336],[4.053468,44.356529],[4.053653,44.356081],[4.05374,44.355111],[4.054439,44.353683],[4.054603,44.353066],[4.054663,44.352299],[4.054465,44.351465],[4.054419,44.35067],[4.054327,44.350368],[4.054071,44.350032],[4.053298,44.349702],[4.052873,44.349428],[4.052421,44.348937],[4.051409,44.348131],[4.051146,44.347644],[4.050756,44.34735],[4.050687,44.347194],[4.050632,44.346349],[4.050841,44.345986],[4.050842,44.345033],[4.050951,44.344032],[4.05299,44.341801],[4.053008,44.34138],[4.053154,44.340969],[4.053195,44.340293],[4.053732,44.338085],[4.054299,44.337651],[4.053655,44.337304],[4.053244,44.3372],[4.052933,44.337347],[4.052398,44.337921],[4.051802,44.337752],[4.049863,44.33683],[4.049901,44.336514],[4.049645,44.335768],[4.048833,44.334762],[4.047844,44.333996],[4.04635,44.333595],[4.045973,44.333315],[4.04541,44.333193],[4.04533,44.333143],[4.045282,44.332852],[4.045112,44.332686],[4.044672,44.332912],[4.042597,44.33286],[4.04211,44.332476],[4.041385,44.332125],[4.040998,44.331701],[4.040447,44.331344],[4.039614,44.331085],[4.038705,44.331015],[4.038557,44.330943],[4.038319,44.330605],[4.038034,44.330478],[4.037476,44.330529],[4.037129,44.330682],[4.036864,44.330673],[4.035837,44.330149],[4.035729,44.329982],[4.035685,44.329678],[4.036133,44.329466],[4.036554,44.328479],[4.03683,44.328185],[4.039188,44.327564],[4.039559,44.327251],[4.039719,44.326671],[4.04,44.326369],[4.040618,44.326072],[4.041642,44.325806],[4.041955,44.325653],[4.042198,44.325365],[4.042568,44.324635],[4.043301,44.323972],[4.043661,44.323913],[4.045969,44.324055],[4.046256,44.324011],[4.046668,44.323812],[4.046823,44.323632],[4.046861,44.323424],[4.0467,44.323015],[4.046217,44.322293],[4.046163,44.321727],[4.046326,44.321486],[4.047032,44.321348],[4.048784,44.321501],[4.049338,44.321452],[4.049602,44.321253],[4.04958,44.320958],[4.049445,44.32077],[4.048874,44.320433],[4.047315,44.320035],[4.047034,44.319897],[4.046795,44.319534],[4.046793,44.319253],[4.046922,44.318989],[4.048409,44.318756],[4.049371,44.318454],[4.050194,44.317991],[4.050857,44.317456],[4.051681,44.316976],[4.051736,44.317288],[4.051861,44.317435],[4.052342,44.317646],[4.053048,44.318142],[4.054354,44.318834],[4.05703,44.319583],[4.058189,44.320145],[4.059138,44.320291],[4.059894,44.32026],[4.060181,44.32039],[4.061262,44.322121],[4.061878,44.322509],[4.062282,44.32265],[4.063528,44.322733],[4.06385,44.322923],[4.064332,44.323638],[4.065184,44.323858],[4.065615,44.323862],[4.066024,44.324163],[4.066792,44.324337],[4.067432,44.324361],[4.068027,44.324769],[4.069523,44.325178],[4.070341,44.325586],[4.070967,44.326027],[4.071617,44.326781],[4.071766,44.328431],[4.071949,44.328714],[4.073036,44.329473],[4.073712,44.329799],[4.075032,44.32993],[4.075781,44.329737],[4.077218,44.328835],[4.078158,44.328589],[4.078418,44.328602],[4.07922,44.32896],[4.079763,44.32884],[4.080303,44.328554],[4.080592,44.328527],[4.083239,44.328836],[4.083827,44.328801],[4.084507,44.328608],[4.084735,44.328661],[4.085048,44.328385],[4.085281,44.328418],[4.085587,44.328613],[4.085805,44.329275],[4.086193,44.329877],[4.086335,44.330449],[4.08721,44.330743],[4.087793,44.330798],[4.088666,44.330742],[4.091734,44.330291],[4.092938,44.330408],[4.093198,44.330527],[4.093378,44.330707],[4.093416,44.331126],[4.093652,44.331984],[4.093602,44.33229],[4.093119,44.333101],[4.093064,44.334082],[4.093147,44.334437],[4.093401,44.33463],[4.094112,44.334768],[4.096481,44.33487],[4.096928,44.334724],[4.097299,44.334698],[4.097735,44.334221],[4.098466,44.333813],[4.099837,44.33357],[4.101676,44.333531],[4.103542,44.333914],[4.103827,44.333892],[4.1041,44.334136],[4.104252,44.334075],[4.105883,44.332827],[4.106403,44.332497],[4.107427,44.332053],[4.108469,44.331332],[4.109361,44.330891],[4.110161,44.330759],[4.110986,44.330506],[4.113088,44.329431],[4.114811,44.328265],[4.116155,44.326916],[4.117005,44.327577],[4.11705,44.327644],[4.116943,44.327848],[4.11724,44.328054],[4.11711,44.328351],[4.117042,44.328903],[4.116748,44.329291],[4.116768,44.329419],[4.11745,44.330251],[4.117735,44.330436],[4.117901,44.33072],[4.118139,44.330926],[4.118313,44.33144],[4.119086,44.332289],[4.119296,44.332826],[4.120071,44.333322],[4.120213,44.333553],[4.120496,44.333632],[4.120647,44.333915],[4.121098,44.334202],[4.12199,44.334465],[4.122493,44.335109],[4.122815,44.335143],[4.123127,44.335455],[4.123316,44.336026],[4.124072,44.336385],[4.12499,44.33666],[4.125795,44.337448],[4.126157,44.337587],[4.126839,44.337515],[4.127126,44.337569],[4.127557,44.337307],[4.127867,44.336933],[4.127997,44.336891],[4.128896,44.336996],[4.129917,44.336863],[4.131788,44.336097],[4.132125,44.335745],[4.132449,44.333559],[4.132816,44.332447],[4.133041,44.332078],[4.133346,44.33185],[4.134449,44.331532],[4.134924,44.331264],[4.135385,44.330881],[4.135594,44.330364],[4.135561,44.329855],[4.135177,44.329147],[4.134702,44.328569],[4.136753,44.328547],[4.139748,44.32802],[4.14194,44.32749],[4.141839,44.327007],[4.141682,44.326762],[4.140575,44.326213],[4.140713,44.325913],[4.141775,44.324602],[4.14215,44.323635],[4.142227,44.323121],[4.142419,44.322748],[4.142071,44.322157],[4.141916,44.321704],[4.142312,44.321102],[4.141962,44.320872],[4.141694,44.32049],[4.141506,44.32002],[4.141111,44.318165],[4.141134,44.317962],[4.141331,44.317818],[4.142105,44.315861],[4.142142,44.313846],[4.142919,44.313199],[4.145272,44.313504],[4.14634,44.313165],[4.146587,44.312893],[4.146951,44.312719],[4.147282,44.312708],[4.147619,44.312324],[4.147848,44.31226],[4.148375,44.313553],[4.150246,44.313016],[4.15175,44.313075],[4.152519,44.313021],[4.157542,44.312343],[4.160622,44.31219],[4.16087,44.312372],[4.161918,44.312309],[4.162725,44.312082],[4.163895,44.312051],[4.1647,44.312213],[4.165617,44.312528],[4.167487,44.313345],[4.167956,44.313442],[4.168667,44.313828],[4.169402,44.314462],[4.169269,44.315308],[4.16938,44.315761],[4.169608,44.315909],[4.17027,44.315853],[4.170502,44.315904],[4.170714,44.316289],[4.170676,44.316623],[4.170902,44.316809],[4.172222,44.316985],[4.173158,44.31734],[4.174192,44.317979],[4.175078,44.317937],[4.175849,44.317704],[4.177322,44.317777],[4.177623,44.317725],[4.177986,44.317399],[4.178237,44.316734],[4.178304,44.31617],[4.178008,44.315791],[4.177953,44.315562],[4.178492,44.315206],[4.178614,44.314987],[4.178146,44.314362],[4.178115,44.31397],[4.177733,44.313238],[4.177751,44.312862],[4.177902,44.312758],[4.178559,44.312597],[4.17898,44.312219],[4.179165,44.311912],[4.179049,44.311621],[4.179297,44.311509],[4.17969,44.309585],[4.17998,44.30935],[4.1827,44.305965],[4.1828,44.305654],[4.182664,44.304116],[4.183424,44.302686],[4.183815,44.302235],[4.185201,44.301139],[4.186487,44.299807],[4.186793,44.299605],[4.188793,44.298588],[4.18935,44.298409],[4.192616,44.297634],[4.193027,44.297444],[4.193159,44.297289],[4.19347,44.297313],[4.194511,44.297174],[4.198274,44.296211],[4.201651,44.294983],[4.204176,44.294169],[4.205365,44.29393],[4.208779,44.292808],[4.210238,44.29252],[4.215209,44.290692],[4.215503,44.290327],[4.216225,44.28901],[4.216566,44.288695],[4.21885,44.287042],[4.221239,44.285495],[4.22198,44.285025],[4.222654,44.284807],[4.223138,44.284236],[4.224357,44.283563],[4.224607,44.283182],[4.225177,44.28293],[4.225295,44.282545],[4.22509,44.28186],[4.224897,44.281686],[4.225022,44.281566],[4.225218,44.281112],[4.225766,44.28059],[4.226248,44.280444],[4.22661,44.280133],[4.226856,44.28005],[4.227699,44.279908],[4.228489,44.279924],[4.228863,44.279439],[4.22917,44.279221],[4.229426,44.278201],[4.230014,44.27726],[4.230284,44.277007],[4.231115,44.276553],[4.231652,44.276125],[4.232945,44.275744],[4.233372,44.27512],[4.233972,44.275022],[4.23417,44.274781],[4.23437,44.274186],[4.235467,44.273758],[4.236068,44.273861],[4.236261,44.2737],[4.236119,44.273581],[4.236107,44.273448],[4.237371,44.272981],[4.237676,44.27316],[4.238006,44.273032],[4.238155,44.272796],[4.238056,44.272612],[4.239411,44.27201],[4.239611,44.271034],[4.240869,44.270391],[4.241609,44.269676],[4.242381,44.269407],[4.242692,44.269194],[4.244305,44.268787],[4.244595,44.268219],[4.245876,44.267776],[4.246523,44.267007],[4.247566,44.266581],[4.247782,44.266796],[4.248396,44.266489],[4.248952,44.266423],[4.249041,44.266109],[4.249288,44.265817],[4.250498,44.265781],[4.253695,44.265345],[4.254378,44.264915],[4.254637,44.264521],[4.255568,44.264642],[4.256016,44.264374],[4.256491,44.264635],[4.257177,44.264684],[4.258056,44.264552],[4.258546,44.264337],[4.2585,44.265268],[4.258288,44.265788],[4.260911,44.266301],[4.260782,44.266783],[4.261621,44.267051],[4.263011,44.268295],[4.262904,44.268382],[4.262965,44.268496],[4.263765,44.268976],[4.264627,44.269367],[4.265264,44.269494],[4.267127,44.270164],[4.269452,44.270214],[4.270281,44.270743],[4.271223,44.271005],[4.271749,44.270914],[4.272015,44.271106],[4.271948,44.271226],[4.27499,44.273454],[4.276197,44.274161],[4.276419,44.27441],[4.276484,44.274612],[4.276841,44.27443],[4.27733,44.274975],[4.277637,44.275137],[4.277892,44.27546],[4.278047,44.276298],[4.278373,44.276957],[4.278952,44.277305],[4.279131,44.278564],[4.279798,44.279645],[4.279893,44.279997],[4.279915,44.281562],[4.280037,44.282466],[4.280522,44.28363],[4.280844,44.283562],[4.281452,44.284519],[4.281852,44.284185],[4.28367,44.28533],[4.284155,44.286961],[4.284406,44.287524],[4.285479,44.288553],[4.288612,44.291879],[4.288997,44.292143],[4.289199,44.292544],[4.289274,44.293196],[4.290523,44.305841],[4.290742,44.30885],[4.290367,44.309105],[4.289997,44.309569],[4.289429,44.309839],[4.289361,44.309951],[4.289317,44.310549],[4.289702,44.310767],[4.28999,44.310747],[4.290081,44.310808],[4.289807,44.311064],[4.289357,44.311299],[4.289457,44.311883],[4.289403,44.311994],[4.289128,44.312024],[4.288737,44.311945],[4.288577,44.312085],[4.288306,44.312726],[4.288281,44.313279],[4.287963,44.313663],[4.2879,44.31393],[4.288238,44.314318],[4.28821,44.314802],[4.290099,44.316584],[4.290263,44.316517],[4.290552,44.316635],[4.291348,44.315925],[4.292048,44.315992],[4.292679,44.315597],[4.29293,44.315589],[4.293064,44.315409],[4.293201,44.314857],[4.29318,44.314569],[4.293627,44.313867],[4.293607,44.313763],[4.293988,44.312966],[4.294602,44.31341],[4.295103,44.313638],[4.296011,44.313813],[4.303524,44.314763],[4.308645,44.317596],[4.310039,44.318032],[4.310461,44.318241],[4.311003,44.3183],[4.313814,44.319385],[4.315734,44.320195],[4.31633,44.320568],[4.321752,44.324014],[4.323304,44.326524],[4.325115,44.329874],[4.325646,44.330718],[4.326546,44.33085],[4.32664,44.330961],[4.326652,44.331303],[4.326758,44.331379],[4.3272,44.331286],[4.328008,44.331577],[4.328291,44.331453],[4.328649,44.331707],[4.329096,44.331715],[4.329486,44.331614],[4.330251,44.331845],[4.329654,44.332444],[4.329667,44.332804],[4.330019,44.333886],[4.329358,44.334707],[4.328638,44.33598],[4.328644,44.336115],[4.327743,44.337256],[4.327316,44.337578],[4.325776,44.338326],[4.326534,44.338492],[4.330308,44.338873],[4.332607,44.339075],[4.333319,44.339048],[4.333582,44.339083],[4.334351,44.339404],[4.33502,44.339382],[4.335816,44.339569],[4.336478,44.339354],[4.341438,44.339623],[4.342868,44.339282],[4.342951,44.339332],[4.342933,44.339807],[4.344674,44.3398],[4.344657,44.33935],[4.344875,44.339344],[4.350285,44.339919],[4.35125,44.339386],[4.36173,44.340196],[4.36185,44.34008],[4.362309,44.340072],[4.362952,44.339781],[4.365385,44.339786],[4.368014,44.339371],[4.368988,44.339866],[4.370519,44.339937],[4.37256,44.340732],[4.373901,44.341075],[4.375416,44.341685],[4.376027,44.342105],[4.376877,44.342106],[4.378411,44.342282],[4.379602,44.342534],[4.380074,44.342747],[4.381156,44.343772],[4.381761,44.343814],[4.382409,44.343978],[4.38307,44.343958],[4.383596,44.344071],[4.384152,44.344342],[4.384575,44.344766],[4.385201,44.345127],[4.385494,44.345502],[4.386152,44.346024],[4.386334,44.346342],[4.387003,44.346919],[4.387291,44.347073],[4.388179,44.347157],[4.390178,44.346641],[4.390998,44.346788],[4.391425,44.34676],[4.391807,44.346465],[4.392045,44.346137],[4.392866,44.345613],[4.394942,44.344663],[4.395166,44.344201],[4.395521,44.343993],[4.395832,44.343663],[4.400313,44.337497],[4.400888,44.336868],[4.401572,44.335933],[4.401886,44.33535],[4.402423,44.334781],[4.402608,44.3344],[4.40326,44.33358],[4.402987,44.332384],[4.401445,44.328163],[4.397209,44.318266],[4.396996,44.317613],[4.396224,44.315869],[4.396181,44.31562],[4.395219,44.313573],[4.394901,44.3126],[4.39415,44.310962],[4.394166,44.310578],[4.393042,44.308378],[4.390781,44.303051],[4.389512,44.300971],[4.39004,44.300208],[4.390502,44.299997],[4.391064,44.299963],[4.391461,44.300054],[4.391534,44.300126],[4.391618,44.300736],[4.391786,44.300829],[4.39287,44.300708],[4.393556,44.30043],[4.394134,44.299964],[4.394245,44.299765],[4.394196,44.299491],[4.392611,44.298526],[4.392553,44.298229],[4.392714,44.297914],[4.393087,44.29767],[4.393678,44.297065],[4.393181,44.294501],[4.39343,44.293672],[4.393638,44.293333],[4.394793,44.291983],[4.3952,44.290978],[4.395795,44.290506],[4.396165,44.290314],[4.398143,44.28976],[4.399062,44.289358],[4.399296,44.289127],[4.399601,44.288179],[4.399743,44.287948],[4.400364,44.287427],[4.400898,44.287255],[4.401148,44.287582],[4.40179,44.287846],[4.403295,44.288817],[4.403655,44.288922],[4.404164,44.288944],[4.404458,44.288911],[4.404535,44.288744],[4.406936,44.28797],[4.412578,44.287579],[4.416027,44.287964],[4.417697,44.288038],[4.418374,44.287846],[4.419629,44.28726],[4.420584,44.287096],[4.425534,44.287697],[4.426709,44.287632],[4.427405,44.28826],[4.427592,44.288614],[4.428875,44.289419],[4.429324,44.289847],[4.431802,44.290436],[4.433305,44.29164],[4.432437,44.29024],[4.432117,44.289333],[4.431249,44.288397],[4.431165,44.288144],[4.431305,44.2876],[4.431804,44.28708],[4.432364,44.286876],[4.433546,44.286761],[4.433569,44.286625],[4.433367,44.285964],[4.43334,44.284506],[4.43373,44.284145],[4.434394,44.283268],[4.439333,44.283405],[4.440349,44.283603],[4.440377,44.283758],[4.440172,44.284227],[4.440191,44.284312],[4.440733,44.284549],[4.440613,44.284955],[4.441327,44.285197],[4.441854,44.285744],[4.442376,44.285884],[4.443117,44.285943],[4.443647,44.286176],[4.443838,44.28628],[4.444409,44.286861],[4.444723,44.286866],[4.444724,44.287232],[4.445435,44.287341],[4.445501,44.287916],[4.445851,44.288323],[4.44597,44.288635],[4.446243,44.288809],[4.446133,44.289296],[4.446417,44.289473],[4.446135,44.290085],[4.446271,44.290407],[4.446163,44.290662],[4.446585,44.291296],[4.446503,44.292568],[4.446912,44.293018],[4.446878,44.293391],[4.447482,44.293983],[4.4483,44.294274],[4.448514,44.294451],[4.450574,44.295526],[4.452102,44.29654],[4.452816,44.2972],[4.45326,44.297914],[4.449386,44.296932],[4.448404,44.296605],[4.449272,44.304915],[4.449737,44.310277],[4.450218,44.32462],[4.450316,44.325288],[4.450609,44.330141],[4.45074,44.334086],[4.451707,44.336118],[4.45201,44.337507],[4.452649,44.338415],[4.452817,44.33849],[4.453072,44.338944],[4.453773,44.339204],[4.453971,44.339344],[4.454269,44.33975],[4.455191,44.340045],[4.455313,44.340154],[4.455846,44.340225],[4.456155,44.34072],[4.456567,44.341142],[4.457616,44.341636],[4.461944,44.341731],[4.464922,44.341689],[4.46529,44.340819],[4.465675,44.340455],[4.46651,44.34028],[4.467291,44.340274],[4.470532,44.341081],[4.470736,44.341196],[4.471045,44.341608],[4.471714,44.341949],[4.472491,44.342017],[4.473165,44.34184],[4.474731,44.342079],[4.47504,44.342025],[4.475627,44.34166],[4.475774,44.341466],[4.475828,44.340777],[4.475996,44.340378],[4.477164,44.339405],[4.479021,44.337543],[4.479614,44.337088],[4.480452,44.336819],[4.481381,44.336745],[4.482155,44.336832],[4.484341,44.337544],[4.486409,44.338422],[4.487465,44.338668],[4.488549,44.338805],[4.490486,44.338866],[4.4944,44.338359],[4.496173,44.338212],[4.49782,44.338216],[4.499601,44.338337],[4.501419,44.338681],[4.50252,44.339211],[4.503425,44.339858],[4.503574,44.340159],[4.503556,44.340408],[4.503036,44.341204],[4.502406,44.342969],[4.502393,44.343353],[4.502739,44.34372],[4.503349,44.344101],[4.50385,44.344251],[4.504407,44.344259],[4.506012,44.343994],[4.50675,44.343024],[4.507104,44.342357],[4.507214,44.342019],[4.507238,44.341565],[4.506613,44.339465],[4.506552,44.338819],[4.506705,44.337965],[4.507344,44.33712],[4.508355,44.33656],[4.511165,44.335903],[4.512179,44.335377],[4.512857,44.334877],[4.513034,44.334637],[4.513131,44.334274],[4.513041,44.333837],[4.512427,44.332727],[4.511657,44.331842],[4.511499,44.3315],[4.511526,44.330655],[4.511795,44.329377],[4.512147,44.328583],[4.512377,44.328306],[4.512686,44.328105],[4.513297,44.327999],[4.515188,44.328241],[4.515703,44.328493],[4.516237,44.328994],[4.516589,44.329098],[4.518108,44.329858],[4.518809,44.330105],[4.521592,44.330541],[4.522091,44.330592],[4.52255,44.330533],[4.523665,44.329907],[4.524746,44.329729],[4.525246,44.329076],[4.525843,44.328625],[4.528205,44.325579],[4.530018,44.324303],[4.531076,44.323451],[4.532211,44.322771],[4.532816,44.322542],[4.533259,44.322575],[4.534227,44.322979],[4.534919,44.323104],[4.536103,44.323198],[4.537165,44.323412],[4.538119,44.323305],[4.539825,44.323453],[4.540531,44.323614],[4.541744,44.324151],[4.544536,44.32605],[4.545206,44.32633],[4.545978,44.326461],[4.546232,44.326574],[4.547405,44.326576],[4.548521,44.326065],[4.548999,44.325579],[4.549253,44.324923],[4.549364,44.324117],[4.549134,44.323478],[4.548938,44.323292],[4.548542,44.323121],[4.546128,44.322356],[4.545241,44.321969],[4.544866,44.321616],[4.544723,44.321375],[4.544661,44.321038],[4.544735,44.320619],[4.54503,44.32025],[4.54648,44.319158],[4.548254,44.317258],[4.549021,44.316254],[4.549538,44.315411],[4.550855,44.313781],[4.551775,44.312112],[4.552077,44.310964],[4.552497,44.310454],[4.552726,44.309751],[4.553041,44.309172],[4.555734,44.306345],[4.556369,44.305466],[4.557673,44.304222],[4.558949,44.302827],[4.559925,44.301963],[4.561081,44.301441],[4.562591,44.300916],[4.564689,44.300734],[4.567578,44.300247],[4.568802,44.299503],[4.569608,44.299306],[4.569997,44.299343],[4.570956,44.299819],[4.572668,44.300369],[4.574187,44.300751],[4.575005,44.300869],[4.575882,44.300851],[4.577241,44.300373],[4.577977,44.299999],[4.578644,44.299446],[4.579422,44.29853],[4.580149,44.297885],[4.581197,44.297189],[4.582795,44.296391],[4.586981,44.294596],[4.588048,44.294304],[4.588984,44.294249],[4.591368,44.294336],[4.592117,44.294275],[4.593109,44.29403],[4.593784,44.293701],[4.595857,44.292309],[4.596534,44.29198],[4.597417,44.291827],[4.598979,44.291749],[4.599967,44.291897],[4.600238,44.291832],[4.601993,44.291966],[4.602804,44.291859],[4.604537,44.291374],[4.606818,44.290472],[4.609283,44.289161],[4.610012,44.288606],[4.610488,44.288012],[4.610776,44.287376],[4.610881,44.286879],[4.612229,44.286131],[4.612407,44.285588],[4.612367,44.28522],[4.612943,44.282735],[4.613278,44.281596],[4.613714,44.280553],[4.614481,44.279443],[4.615517,44.278552],[4.616359,44.278198],[4.616878,44.278113],[4.617697,44.278145],[4.621162,44.280331],[4.62311,44.28139],[4.627955,44.283552],[4.629125,44.284227],[4.631741,44.284932],[4.632938,44.285087],[4.633811,44.285024],[4.63493,44.28482],[4.635793,44.284497],[4.636663,44.284028],[4.63806,44.282965],[4.638661,44.282322],[4.639131,44.281593],[4.639651,44.280502],[4.640568,44.276606],[4.640517,44.275347],[4.640808,44.274802],[4.64123,44.274388],[4.643436,44.272947],[4.644948,44.271656],[4.645758,44.270696],[4.649454,44.270338],[4.649147,44.268014],[4.649183,44.266716],[4.649085,44.265534],[4.649366,44.262985],[4.650088,44.261475],[4.650956,44.260209],[4.651688,44.258903],[4.65319,44.256934],[4.654173,44.254216],[4.659143,44.24935],[4.660958,44.247755],[4.662275,44.246793],[4.665661,44.244616],[4.667485,44.24331],[4.670673,44.241483],[4.673361,44.239634],[4.675407,44.237762],[4.677062,44.235812],[4.677704,44.234699],[4.678033,44.233987],[4.678264,44.233203],[4.678421,44.232226],[4.678382,44.23078],[4.678178,44.229529],[4.677727,44.228069],[4.67742,44.227422],[4.676656,44.226403],[4.675997,44.224943],[4.674436,44.221979],[4.673769,44.220542],[4.673096,44.218398],[4.673151,44.217292],[4.673384,44.216366],[4.673728,44.215357],[4.674281,44.214407],[4.675406,44.213361],[4.676656,44.212641],[4.677442,44.212407],[4.678331,44.212302],[4.679561,44.212181],[4.680684,44.212168],[4.683595,44.212464],[4.684988,44.212798],[4.68726,44.213392],[4.689221,44.214062],[4.694202,44.215449],[4.700136,44.215931],[4.702125,44.215878],[4.703157,44.215719],[4.704714,44.215181],[4.706381,44.214458],[4.707194,44.213864],[4.70805,44.213053],[4.709022,44.211541],[4.709558,44.210107],[4.709779,44.209078],[4.70983,44.208202],[4.709701,44.207241],[4.709208,44.206199],[4.707533,44.204034],[4.706597,44.203082],[4.705394,44.201677],[4.704674,44.200709],[4.704186,44.199541],[4.704157,44.198001],[4.704249,44.197502],[4.704616,44.196413],[4.704807,44.194957],[4.705803,44.192723],[4.708498,44.191817],[4.709531,44.19162],[4.711104,44.191443],[4.712289,44.19158],[4.712962,44.191578],[4.7143,44.191395],[4.715477,44.191062],[4.717684,44.190062],[4.719655,44.189494],[4.72007,44.189304],[4.722189,44.187737],[4.722471,44.187319],[4.722301,44.185353],[4.721852,44.18388],[4.721861,44.183387],[4.720685,44.181654],[4.720092,44.18033],[4.719959,44.177924],[4.719715,44.177576],[4.719692,44.177083],[4.718011,44.177376],[4.71638,44.176695],[4.71735,44.17522],[4.718033,44.173605],[4.717856,44.171914],[4.715861,44.165947],[4.716332,44.164282],[4.716681,44.162618],[4.717062,44.158439],[4.717744,44.155176],[4.718123,44.152325],[4.719007,44.148616],[4.719048,44.146679],[4.718872,44.144649],[4.718469,44.143451],[4.717448,44.14158],[4.716944,44.140906],[4.712605,44.136228],[4.711896,44.135184],[4.711659,44.134634],[4.711535,44.133711],[4.711574,44.130711],[4.711516,44.130009],[4.711603,44.127019],[4.711555,44.126423],[4.711173,44.124528],[4.711149,44.123118],[4.710963,44.120976],[4.710686,44.119523],[4.710312,44.118359],[4.709139,44.116359],[4.706934,44.113646],[4.70615,44.109824],[4.706074,44.107799],[4.706346,44.106371],[4.706902,44.105076],[4.707751,44.103339],[4.708616,44.102199],[4.709498,44.101251],[4.710975,44.100002],[4.711827,44.098811],[4.712992,44.097573],[4.717457,44.09375],[4.718069,44.09309],[4.718591,44.092378],[4.719342,44.091094],[4.719779,44.089762],[4.719864,44.08904],[4.719808,44.086898],[4.719549,44.085311],[4.719723,44.083422],[4.720106,44.082441],[4.720467,44.081839],[4.721901,44.080259],[4.723645,44.079022],[4.724726,44.078575],[4.726923,44.078284],[4.728962,44.078643],[4.730357,44.079116],[4.731327,44.079608],[4.736319,44.08299],[4.737865,44.083802],[4.751465,44.088062],[4.753506,44.088448],[4.754393,44.088456],[4.755612,44.08832],[4.757412,44.088064],[4.758315,44.087845],[4.760248,44.087217],[4.760588,44.086992],[4.760788,44.086709],[4.760871,44.086321],[4.76075,44.08553],[4.759745,44.081942],[4.759945,44.080419],[4.76054,44.07898],[4.757952,44.077285],[4.759657,44.074999],[4.761926,44.075171],[4.763185,44.074783],[4.765803,44.073261],[4.769831,44.071716],[4.771679,44.070698],[4.772529,44.070468],[4.774502,44.070207],[4.776541,44.069764],[4.783343,44.067938],[4.785037,44.067388],[4.786491,44.06651],[4.787208,44.065904],[4.787913,44.065038],[4.788444,44.063304],[4.788494,44.062163],[4.788401,44.06132],[4.787353,44.056725],[4.787215,44.055378],[4.787244,44.054711],[4.787479,44.053781],[4.787822,44.053074],[4.788778,44.052043],[4.789487,44.051519],[4.796377,44.047651],[4.80777,44.040357],[4.80895,44.039446],[4.814754,44.033706],[4.816052,44.032157],[4.816694,44.030973],[4.816862,44.030438],[4.817386,44.028142],[4.817199,44.026507],[4.817171,44.025426],[4.817937,44.021242],[4.818573,44.018934],[4.818926,44.018009],[4.819355,44.017504],[4.819961,44.01698],[4.820509,44.016644],[4.821542,44.016264],[4.823056,44.016018],[4.825414,44.016034],[4.827971,44.016203],[4.833719,44.015657],[4.836363,44.015174],[4.838018,44.014666],[4.839235,44.014099],[4.840853,44.012943],[4.841935,44.012009],[4.842714,44.011005],[4.843597,44.009077],[4.844248,44.005139],[4.844361,44.002556],[4.844207,44.001118],[4.844322,43.999779],[4.844715,43.998466],[4.845258,43.997174],[4.845569,43.99664],[4.84472,43.994047],[4.844727,43.993272],[4.844962,43.992018],[4.84495,43.991686],[4.844383,43.989308],[4.843589,43.988011],[4.842737,43.98694],[4.841836,43.986319],[4.840903,43.985932],[4.839297,43.985529],[4.836905,43.985177],[4.833382,43.98511],[4.831869,43.98524],[4.83018,43.985528],[4.827901,43.9861],[4.826012,43.98673],[4.82473,43.986948],[4.823758,43.987336],[4.821779,43.987744],[4.818879,43.988546],[4.817796,43.988739],[4.816077,43.988804],[4.814731,43.988638],[4.813546,43.988303],[4.812761,43.987791],[4.812374,43.987445],[4.811723,43.986531],[4.810775,43.984122],[4.810399,43.982856],[4.809987,43.980941],[4.8097,43.97885],[4.809683,43.977751],[4.810003,43.976468],[4.810541,43.975429],[4.811745,43.973608],[4.814081,43.970518],[4.814696,43.969368],[4.815048,43.967993],[4.815119,43.966556],[4.814894,43.965672],[4.814191,43.9644],[4.813369,43.963375],[4.811932,43.962041],[4.810602,43.961196],[4.809592,43.960688],[4.807288,43.959731],[4.806387,43.959439],[4.80516,43.959089],[4.801544,43.958349],[4.798245,43.957231],[4.795432,43.955622],[4.793754,43.954465],[4.792696,43.95348],[4.792229,43.952906],[4.790465,43.949624],[4.789564,43.948174],[4.788627,43.946921],[4.785892,43.944002],[4.782628,43.941538],[4.782416,43.9413],[4.782344,43.94086],[4.780807,43.940032],[4.780337,43.939079],[4.779735,43.93849],[4.778931,43.937879],[4.777419,43.937059],[4.775495,43.936204],[4.774305,43.935873],[4.772926,43.935716],[4.76878,43.933815],[4.766527,43.934131],[4.764601,43.934276],[4.763719,43.934604],[4.762634,43.934838],[4.761466,43.934911],[4.76042,43.934796],[4.757872,43.934317],[4.750972,43.932495],[4.74985,43.932149],[4.747921,43.931315],[4.746113,43.930316],[4.743961,43.928856],[4.743159,43.928143],[4.739284,43.924134],[4.740467,43.921778],[4.740235,43.919755],[4.736525,43.91725],[4.735225,43.91654],[4.729886,43.912645],[4.726173,43.908751],[4.723389,43.906065],[4.719287,43.904056],[4.714416,43.902173],[4.711783,43.901415],[4.703729,43.899364],[4.700914,43.898495],[4.699966,43.898179],[4.698137,43.897099],[4.697983,43.896684],[4.699419,43.896598],[4.700355,43.896824],[4.704906,43.897232],[4.708797,43.897812],[4.709333,43.898038],[4.70897,43.897031],[4.708646,43.896582],[4.707996,43.895954],[4.707466,43.895585],[4.706163,43.895428],[4.705252,43.895148],[4.704425,43.894683],[4.703485,43.893898],[4.701407,43.891963],[4.700465,43.890981],[4.699327,43.888767],[4.698363,43.888649],[4.697851,43.888005],[4.69659,43.887182],[4.696422,43.88718],[4.695717,43.886322],[4.694154,43.885683],[4.693854,43.885495],[4.693556,43.885307],[4.69287,43.884533],[4.692297,43.884219],[4.691811,43.884067],[4.689934,43.8838],[4.689161,43.883486],[4.688513,43.882956],[4.686599,43.882814],[4.685675,43.882641],[4.684325,43.882326],[4.682181,43.881679],[4.67666,43.879825],[4.675726,43.879596],[4.674662,43.878919],[4.673371,43.878468],[4.672418,43.878268],[4.671862,43.87786],[4.67026,43.877529],[4.668849,43.876853],[4.667413,43.87635],[4.667096,43.875979],[4.666579,43.875895],[4.666343,43.875509],[4.665973,43.875436],[4.665416,43.87504],[4.665274,43.874694],[4.665401,43.874231],[4.665346,43.874047],[4.665413,43.873475],[4.665265,43.873006],[4.665452,43.871963],[4.663786,43.87098],[4.66236,43.87084],[4.66074,43.875918],[4.660013,43.875974],[4.658117,43.875444],[4.656743,43.874802],[4.656523,43.874539],[4.656183,43.873801],[4.655549,43.873458],[4.654875,43.872938],[4.6544,43.872738],[4.652331,43.871521],[4.652206,43.871385],[4.652273,43.87104],[4.652205,43.870955],[4.651701,43.87077],[4.650746,43.870174],[4.650528,43.869799],[4.648511,43.869022],[4.645857,43.868673],[4.643642,43.868282],[4.642076,43.867525],[4.642155,43.866552],[4.642076,43.866301],[4.642214,43.865544],[4.64232,43.865556],[4.642403,43.865396],[4.64293,43.86497],[4.643222,43.864498],[4.643058,43.863573],[4.643125,43.863275],[4.644466,43.862149],[4.646893,43.861067],[4.647594,43.860668],[4.648135,43.859887],[4.648337,43.859371],[4.648379,43.859014],[4.64797,43.858379],[4.647705,43.857378],[4.647311,43.856753],[4.64604,43.856153],[4.645217,43.855472],[4.644725,43.85517],[4.644004,43.854827],[4.64304,43.854598],[4.641256,43.851107],[4.645057,43.849888],[4.647637,43.851201],[4.649061,43.851717],[4.651584,43.852423],[4.654565,43.852295],[4.655926,43.852797],[4.657473,43.853204],[4.658798,43.853312],[4.660228,43.85323],[4.66143,43.852873],[4.662277,43.852732],[4.662984,43.852444],[4.664446,43.851611],[4.665285,43.850974],[4.665709,43.850442],[4.665979,43.849884],[4.666088,43.84915],[4.666719,43.847041],[4.666761,43.846611],[4.66646,43.845247],[4.666095,43.844479],[4.665862,43.844181],[4.665493,43.843936],[4.663534,43.843042],[4.661819,43.84234],[4.658119,43.841251],[4.652796,43.840296],[4.651982,43.840064],[4.64993,43.839168],[4.650996,43.838334],[4.648443,43.836926],[4.648079,43.836648],[4.645542,43.835344],[4.643345,43.833094],[4.642332,43.831064],[4.642382,43.830301],[4.642484,43.830027],[4.643724,43.827371],[4.644466,43.825419],[4.644798,43.825503],[4.646776,43.825509],[4.647176,43.8243],[4.647902,43.823287],[4.648076,43.821942],[4.649132,43.820925],[4.649238,43.820698],[4.651559,43.818103],[4.651616,43.81779],[4.652103,43.81671],[4.652296,43.815823],[4.65305,43.814317],[4.653534,43.812949],[4.654637,43.808528],[4.655051,43.807914],[4.655236,43.807493],[4.655258,43.807304],[4.654885,43.807087],[4.654567,43.806341],[4.654618,43.806264],[4.65451,43.806051],[4.654522,43.805159],[4.654379,43.805008],[4.654357,43.804835],[4.654364,43.804689],[4.654551,43.804551],[4.654519,43.804118],[4.654636,43.804086],[4.65497,43.803496],[4.655003,43.803074],[4.654969,43.802499],[4.654635,43.801039],[4.654656,43.800386],[4.654756,43.800332],[4.654637,43.798397],[4.654132,43.797619],[4.653949,43.797564],[4.653888,43.796751],[4.653585,43.796258],[4.653546,43.795199],[4.65346,43.79496],[4.65332,43.794944],[4.653514,43.794675],[4.653127,43.789057],[4.652917,43.789035],[4.652521,43.787303],[4.65234,43.787042],[4.652224,43.786495],[4.651963,43.785864],[4.652,43.7843],[4.651567,43.782864],[4.651572,43.782497],[4.651253,43.782113],[4.650993,43.782047],[4.650112,43.781188],[4.649325,43.780322],[4.649263,43.780021],[4.648839,43.779509],[4.647928,43.778701],[4.647626,43.77827],[4.645667,43.77683],[4.644195,43.775577],[4.643458,43.774884],[4.643042,43.774183],[4.64276,43.77393],[4.641414,43.773383],[4.639721,43.772415],[4.63961,43.771769],[4.639417,43.771389],[4.637053,43.769275],[4.636527,43.768672],[4.634911,43.767402],[4.633819,43.766346],[4.633574,43.765965],[4.633565,43.765699],[4.633097,43.765078],[4.632799,43.764416],[4.632537,43.764129],[4.631508,43.763508],[4.630137,43.762379],[4.629789,43.761774],[4.629435,43.76072],[4.629077,43.760061],[4.628274,43.757802],[4.628239,43.757238],[4.628016,43.756564],[4.627929,43.756004],[4.626498,43.752334],[4.626356,43.751679],[4.625968,43.75069],[4.625875,43.749833],[4.625624,43.748774],[4.624837,43.747098],[4.623689,43.744824],[4.620335,43.739611],[4.619953,43.739261],[4.618739,43.73777],[4.616015,43.734054],[4.614618,43.731961],[4.614198,43.731215],[4.612708,43.727016],[4.612347,43.725338],[4.612162,43.720621],[4.612581,43.717614],[4.613233,43.713955],[4.614505,43.709931],[4.615497,43.707798],[4.616888,43.705824],[4.619324,43.70322],[4.621763,43.700893],[4.622782,43.699735],[4.624243,43.6977],[4.625357,43.695738],[4.627424,43.691243],[4.627751,43.690183],[4.627947,43.688718],[4.627738,43.687716],[4.627341,43.686496],[4.627316,43.685395],[4.625084,43.685421],[4.623625,43.686457],[4.622214,43.6872],[4.619379,43.688341],[4.617363,43.688761],[4.615194,43.688673],[4.614327,43.688309],[4.614258,43.688213],[4.613702,43.688839],[4.612194,43.687953],[4.609383,43.686894],[4.605641,43.686211],[4.602464,43.685805],[4.598853,43.686286],[4.594945,43.687028],[4.593001,43.68759],[4.591807,43.688089],[4.589427,43.689468],[4.58639,43.692103],[4.583294,43.695321],[4.582529,43.696008],[4.582056,43.696362],[4.580433,43.697019],[4.577287,43.697814],[4.575268,43.69813],[4.565119,43.698503],[4.560275,43.69892],[4.559425,43.699065],[4.556681,43.699815],[4.553563,43.70081],[4.549145,43.703003],[4.545487,43.705362],[4.544583,43.706028],[4.540718,43.707378],[4.539382,43.707563],[4.538069,43.70764],[4.536235,43.707543],[4.535181,43.70737],[4.533412,43.706819],[4.530787,43.705495],[4.52894,43.704296],[4.527624,43.703299],[4.526141,43.702615],[4.5251,43.702342],[4.523838,43.702184],[4.522461,43.702123],[4.520224,43.702198],[4.516844,43.702451],[4.510991,43.702394],[4.508315,43.702466],[4.502935,43.702278],[4.49989,43.702051],[4.495525,43.701485],[4.490597,43.700114],[4.486616,43.69911],[4.485558,43.698626],[4.484408,43.697679],[4.482858,43.696111],[4.480751,43.693726],[4.479892,43.692376],[4.479076,43.691411],[4.478654,43.690776],[4.477706,43.688932],[4.476937,43.687742],[4.476173,43.686205],[4.475909,43.685481],[4.475665,43.684483],[4.475631,43.683877],[4.475837,43.682444],[4.476474,43.681029],[4.477849,43.678456],[4.478477,43.676814],[4.478652,43.676087],[4.478671,43.675421],[4.478535,43.674534],[4.478258,43.673888],[4.477646,43.672844],[4.47686,43.672068],[4.475808,43.671329],[4.474387,43.670757],[4.472787,43.670317],[4.469157,43.669549],[4.466561,43.669282],[4.464156,43.669157],[4.459069,43.668387],[4.457882,43.668037],[4.454934,43.6669],[4.453201,43.665946],[4.452761,43.665498],[4.451458,43.664581],[4.450804,43.663894],[4.448711,43.660462],[4.447025,43.658693],[4.443852,43.65312],[4.443191,43.652477],[4.440559,43.648886],[4.439997,43.647673],[4.439328,43.646705],[4.437182,43.642049],[4.436472,43.638703],[4.435295,43.635591],[4.435125,43.634957],[4.434728,43.634086],[4.433825,43.632833],[4.432765,43.631147],[4.43214,43.630369],[4.431238,43.629529],[4.427766,43.627054],[4.427377,43.626645],[4.426308,43.625001],[4.426196,43.623848],[4.426215,43.622765],[4.426548,43.621839],[4.427597,43.620347],[4.429701,43.618142],[4.432469,43.615768],[4.435936,43.613258],[4.43768,43.611885],[4.438186,43.611556],[4.439899,43.610768],[4.440633,43.610552],[4.44292,43.610044],[4.44459,43.609947],[4.446824,43.610111],[4.45111,43.610707],[4.453905,43.611306],[4.455858,43.611868],[4.457415,43.612459],[4.460946,43.614312],[4.462393,43.614956],[4.463196,43.615187],[4.464489,43.61542],[4.466761,43.615199],[4.468301,43.614776],[4.469004,43.61447],[4.470383,43.613599],[4.471848,43.61248],[4.473134,43.611264],[4.474145,43.610172],[4.474673,43.609376],[4.475085,43.608394],[4.475254,43.607235],[4.475222,43.606824],[4.474962,43.605636],[4.474487,43.604473],[4.473691,43.603526],[4.473242,43.60316],[4.468699,43.600513],[4.467706,43.599707],[4.466944,43.598907],[4.465621,43.597219],[4.464362,43.594671],[4.462312,43.591175],[4.461925,43.590595],[4.460327,43.588943],[4.458547,43.587561],[4.456357,43.5862],[4.454427,43.585142],[4.452484,43.584282],[4.449737,43.583601],[4.446767,43.583099],[4.4452,43.583081],[4.442516,43.583335],[4.438945,43.584059],[4.437296,43.584601],[4.435069,43.585186],[4.430961,43.585802],[4.42799,43.585691],[4.426535,43.585515],[4.425452,43.58524],[4.423977,43.584668],[4.423201,43.584326],[4.42187,43.58351],[4.420157,43.582767],[4.415142,43.579763],[4.412978,43.578644],[4.410525,43.577582],[4.407107,43.575896],[4.404418,43.574379],[4.403546,43.573745],[4.402976,43.573188],[4.402833,43.572564],[4.402941,43.572413],[4.40365,43.57213],[4.404792,43.572013],[4.406331,43.572062],[4.407455,43.572479],[4.409762,43.572779],[4.412588,43.572958],[4.413854,43.572867],[4.41444,43.572793],[4.415491,43.572462],[4.415902,43.572175],[4.416546,43.571537],[4.416732,43.571101],[4.416755,43.570738],[4.416754,43.569609],[4.416609,43.568529],[4.416253,43.567525],[4.415951,43.566911],[4.415572,43.566377],[4.415145,43.565797],[4.414599,43.565257],[4.412905,43.563792],[4.410925,43.562192],[4.408784,43.560819],[4.407083,43.560012],[4.40663,43.559919],[4.405953,43.559573],[4.404882,43.559351],[4.403311,43.559253],[4.400848,43.559541],[4.398011,43.560536],[4.394571,43.561169],[4.390734,43.562223],[4.388768,43.562548],[4.387707,43.562427],[4.387418,43.562308],[4.387127,43.561836],[4.387115,43.560642],[4.386896,43.559546],[4.386406,43.558047],[4.38553,43.556517],[4.384715,43.555498],[4.383335,43.554154],[4.382414,43.553426],[4.380922,43.552596],[4.37991,43.552174],[4.377667,43.551578],[4.376144,43.551064],[4.369432,43.548321],[4.366813,43.54753],[4.365046,43.547155],[4.362364,43.546923],[4.360017,43.546928],[4.353628,43.547335],[4.352388,43.547291],[4.350933,43.547014],[4.35034,43.546637],[4.349929,43.546084],[4.349186,43.543861],[4.348916,43.542587],[4.347347,43.542177],[4.345224,43.540659],[4.342419,43.539007],[4.33838,43.537048],[4.335951,43.536048],[4.335595,43.536341],[4.334311,43.535394],[4.332552,43.535464],[4.331426,43.535761],[4.327302,43.538031],[4.325392,43.539215],[4.321465,43.54112],[4.318615,43.542678],[4.316524,43.544129],[4.315956,43.545127],[4.315742,43.54599],[4.315777,43.546996],[4.3162,43.547901],[4.317013,43.548679],[4.317714,43.549204],[4.321106,43.551049],[4.321688,43.551405],[4.322359,43.55197],[4.322917,43.55275],[4.323049,43.553281],[4.323006,43.553844],[4.322816,43.554299],[4.322505,43.554685],[4.321403,43.555739],[4.319242,43.557021],[4.318449,43.557291],[4.31816,43.557027],[4.317641,43.556793],[4.313896,43.555618],[4.31411,43.555253],[4.31439,43.555031],[4.317034,43.553577],[4.317296,43.553074],[4.317198,43.552438],[4.317029,43.551966],[4.316432,43.551508],[4.315984,43.551278],[4.314998,43.551023],[4.313933,43.551017],[4.313089,43.55127],[4.312242,43.551389],[4.311717,43.55138],[4.311284,43.551276],[4.309618,43.549687],[4.307942,43.547816],[4.307771,43.547498],[4.307668,43.54707],[4.307675,43.546184],[4.307833,43.545419],[4.308443,43.544539],[4.310145,43.542701],[4.313084,43.539147],[4.316315,43.534568],[4.31699,43.533822],[4.318253,43.532632],[4.322447,43.530568],[4.322721,43.530341],[4.32382,43.528886],[4.324691,43.528239],[4.32202,43.526287],[4.320403,43.525477],[4.319407,43.525199],[4.317091,43.52476],[4.315321,43.524582],[4.314282,43.524606],[4.310808,43.525167],[4.310174,43.525146],[4.309528,43.524948],[4.309053,43.524683],[4.308681,43.524356],[4.307091,43.522477],[4.30622,43.521626],[4.303838,43.519915],[4.301543,43.517914],[4.297502,43.515174],[4.296495,43.514717],[4.294537,43.514194],[4.290456,43.513739],[4.288384,43.513421],[4.287309,43.513084],[4.281859,43.511012],[4.276721,43.509224],[4.275609,43.508865],[4.272605,43.508115],[4.270248,43.507911],[4.266032,43.507982],[4.263808,43.508081],[4.263039,43.508192],[4.26071,43.508085],[4.259222,43.50778],[4.258449,43.50746],[4.255632,43.505751],[4.254449,43.505141],[4.245836,43.501835],[4.244917,43.501733],[4.244356,43.501553],[4.241486,43.499953],[4.239743,43.499199],[4.23954,43.499048],[4.238787,43.498046],[4.238093,43.49729],[4.237979,43.496613],[4.237966,43.496263],[4.238211,43.495733],[4.23908,43.494592],[4.239458,43.493868],[4.239386,43.493474],[4.236141,43.488145],[4.235574,43.487349],[4.23134,43.480588],[4.230722,43.479527],[4.230417,43.478612],[4.230445,43.478203],[4.230873,43.477189],[4.231854,43.475274],[4.231856,43.474455],[4.231174,43.470904],[4.231058,43.469637],[4.230526,43.46612],[4.23028,43.463722],[4.230213,43.460486],[4.229765,43.460475],[4.229605,43.460157],[4.229577,43.460617],[4.229697,43.461014],[4.229091,43.461192],[4.228331,43.461237],[4.228121,43.460475],[4.228234,43.461215],[4.227553,43.461359],[4.226826,43.461342],[4.226685,43.460663],[4.226602,43.460631],[4.226755,43.461337],[4.225376,43.461518],[4.225111,43.460706],[4.22528,43.461417],[4.224767,43.461575],[4.223941,43.461593],[4.223866,43.461571],[4.223662,43.460818],[4.223614,43.460847],[4.223774,43.46155],[4.223015,43.461787],[4.222434,43.461824],[4.222156,43.46104],[4.222335,43.461764],[4.221736,43.461944],[4.220975,43.462017],[4.220715,43.461327],[4.220911,43.462009],[4.220071,43.46223],[4.219589,43.462238],[4.219271,43.461564],[4.219226,43.461644],[4.219432,43.462226],[4.218878,43.462432],[4.218209,43.462481],[4.218073,43.46245],[4.21777,43.461798],[4.217726,43.461836],[4.217968,43.462384],[4.217941,43.462514],[4.216631,43.462689],[4.216387,43.462015],[4.216549,43.462701],[4.215692,43.462887],[4.215184,43.46289],[4.214895,43.462174],[4.2151,43.462893],[4.213718,43.463147],[4.213363,43.462396],[4.213293,43.462444],[4.213569,43.463036],[4.213466,43.46309],[4.212855,43.463246],[4.212274,43.463271],[4.212097,43.462694],[4.212009,43.462668],[4.212215,43.463358],[4.21085,43.463561],[4.21066,43.462882],[4.210772,43.463623],[4.210312,43.463707],[4.209429,43.463757],[4.209231,43.463068],[4.209319,43.463875],[4.208736,43.463966],[4.207927,43.464011],[4.207827,43.463546],[4.207663,43.463262],[4.20784,43.463986],[4.206528,43.464166],[4.206331,43.463508],[4.206239,43.463474],[4.206433,43.464161],[4.205813,43.464351],[4.205042,43.464415],[4.204822,43.463711],[4.204734,43.463639],[4.204685,43.463679],[4.204914,43.464322],[4.204501,43.464481],[4.203641,43.464519],[4.20354,43.464467],[4.203447,43.463822],[4.203365,43.463784],[4.203337,43.463982],[4.203467,43.464543],[4.202856,43.464761],[4.202107,43.464801],[4.201845,43.46406],[4.201774,43.464024],[4.202014,43.464759],[4.201459,43.464957],[4.200646,43.465079],[4.200317,43.464282],[4.200267,43.464319],[4.200509,43.465043],[4.199976,43.465215],[4.19918,43.465251],[4.199101,43.464574],[4.199023,43.46448],[4.199084,43.465337],[4.197642,43.465558],[4.197301,43.464757],[4.197529,43.4655],[4.1963,43.465781],[4.196151,43.465785],[4.195881,43.464955],[4.195801,43.46503],[4.196036,43.465731],[4.1954,43.465915],[4.194695,43.465991],[4.194521,43.465288],[4.194441,43.465276],[4.194602,43.465981],[4.193848,43.466199],[4.193236,43.466241],[4.192967,43.465534],[4.192918,43.465566],[4.193124,43.466182],[4.192474,43.466425],[4.191867,43.466539],[4.191495,43.465824],[4.191729,43.466422],[4.191193,43.466624],[4.190443,43.466631],[4.190252,43.46597],[4.190149,43.46589],[4.190316,43.466638],[4.189875,43.466811],[4.189019,43.466986],[4.188747,43.466249],[4.188659,43.466223],[4.188923,43.466965],[4.187643,43.467295],[4.187148,43.466609],[4.187504,43.467271],[4.186869,43.467502],[4.186194,43.467638],[4.185844,43.467053],[4.186035,43.46757],[4.184952,43.467864],[4.184732,43.467857],[4.184405,43.467301],[4.184645,43.467837],[4.18421,43.468045],[4.183599,43.468182],[4.183305,43.468166],[4.183005,43.467566],[4.183225,43.468164],[4.181915,43.468532],[4.181567,43.467976],[4.181529,43.468019],[4.181803,43.468501],[4.181717,43.468574],[4.180581,43.468842],[4.180483,43.468805],[4.180214,43.468339],[4.180399,43.468809],[4.180002,43.468995],[4.179258,43.469149],[4.179074,43.469124],[4.178832,43.468629],[4.179013,43.469157],[4.178125,43.469503],[4.177712,43.469529],[4.177371,43.468937],[4.177604,43.469519],[4.177226,43.469744],[4.176676,43.469924],[4.176341,43.469917],[4.176042,43.469442],[4.176242,43.46989],[4.176135,43.469976],[4.175508,43.470145],[4.174926,43.470196],[4.174548,43.469607],[4.17478,43.470177],[4.174195,43.47039],[4.173602,43.470458],[4.173486,43.470445],[4.173113,43.469867],[4.173402,43.470482],[4.173199,43.470582],[4.172059,43.47081],[4.171801,43.470327],[4.171978,43.470768],[4.171949,43.470871],[4.170826,43.47115],[4.170676,43.47114],[4.170368,43.470623],[4.170644,43.47123],[4.170592,43.471269],[4.169446,43.471687],[4.169132,43.471296],[4.169324,43.47173],[4.169279,43.471803],[4.168853,43.47198],[4.168129,43.472112],[4.16804,43.472109],[4.167704,43.471592],[4.167947,43.472156],[4.16701,43.472503],[4.166664,43.472521],[4.166343,43.472001],[4.166612,43.472578],[4.165839,43.472921],[4.165315,43.472989],[4.164948,43.4724],[4.165301,43.473069],[4.164894,43.473283],[4.164033,43.473474],[4.163597,43.472818],[4.16383,43.473351],[4.16266,43.473695],[4.161286,43.473946],[4.160521,43.474195],[4.158529,43.474541],[4.148891,43.477195],[4.147499,43.477663],[4.145075,43.478731],[4.144637,43.478824],[4.144358,43.479012],[4.141777,43.479929],[4.139985,43.480836],[4.139148,43.48113],[4.137901,43.481714],[4.136489,43.482455],[4.135772,43.482983],[4.135321,43.483197],[4.133878,43.48441],[4.133109,43.484782],[4.132265,43.485346],[4.130525,43.486297],[4.128693,43.487617],[4.127421,43.488906],[4.125647,43.490212],[4.124668,43.491087],[4.12261,43.493793],[4.121885,43.494384],[4.121635,43.49468],[4.121175,43.49543],[4.120208,43.496683],[4.119826,43.497604],[4.119554,43.49804],[4.118938,43.498885],[4.118428,43.49937],[4.118027,43.500133],[4.117014,43.50141],[4.116151,43.502833],[4.115646,43.503859],[4.114819,43.505089],[4.11431,43.505657],[4.113604,43.506681],[4.113204,43.507074],[4.112887,43.507617],[4.112128,43.508242],[4.111888,43.508602],[4.11133,43.509073],[4.110079,43.508952],[4.110013,43.509023],[4.115914,43.509803],[4.115716,43.510777],[4.115811,43.510838],[4.116082,43.509831],[4.117321,43.509982],[4.123677,43.51018],[4.123708,43.509939],[4.124047,43.509966],[4.124047,43.510055],[4.124216,43.510058],[4.1242,43.510203],[4.12863,43.510378],[4.128942,43.510092],[4.132647,43.510234],[4.132801,43.51001],[4.133306,43.509838],[4.133443,43.5094],[4.133396,43.509166],[4.133474,43.508943],[4.133801,43.508483],[4.13418,43.508394],[4.134493,43.508515],[4.134772,43.508947],[4.13497,43.509084],[4.135444,43.509122],[4.135963,43.509021],[4.136163,43.509078],[4.136159,43.509285],[4.135744,43.509458],[4.135534,43.509649],[4.135546,43.509969],[4.135808,43.510253],[4.137797,43.510319],[4.137954,43.5102],[4.138091,43.510253],[4.138001,43.510675],[4.135556,43.510592],[4.134873,43.511359],[4.134336,43.511152],[4.134636,43.51083],[4.133957,43.510591],[4.129376,43.510412],[4.129053,43.51076],[4.120565,43.510434],[4.120465,43.510623],[4.116441,43.510487],[4.116357,43.510777],[4.116482,43.510821],[4.116595,43.510605],[4.121582,43.510778],[4.122364,43.51196],[4.12257,43.512682],[4.122618,43.513393],[4.122558,43.51396],[4.122375,43.514351],[4.12221,43.514384],[4.119625,43.514008],[4.122799,43.514546],[4.122945,43.515507],[4.122932,43.515948],[4.122538,43.517483],[4.12235,43.517603],[4.120438,43.517344],[4.12263,43.517705],[4.122717,43.517788],[4.122708,43.518745],[4.122517,43.519512],[4.122083,43.519764],[4.120944,43.519595],[4.121881,43.519846],[4.121418,43.520185],[4.121312,43.520939],[4.121577,43.521289],[4.121674,43.521233],[4.121459,43.520871],[4.121579,43.520168],[4.124025,43.518789],[4.125536,43.519578],[4.125489,43.519625],[4.125661,43.519879],[4.126022,43.519752],[4.125903,43.519575],[4.127685,43.517668],[4.127599,43.517148],[4.126529,43.517372],[4.12648,43.517061],[4.126842,43.516983],[4.126772,43.516523],[4.125867,43.516096],[4.125257,43.516219],[4.125192,43.51577],[4.126165,43.515564],[4.126041,43.514727],[4.125285,43.514887],[4.125218,43.514435],[4.126305,43.514206],[4.126905,43.513545],[4.127066,43.513646],[4.127215,43.513486],[4.127,43.513428],[4.129658,43.512099],[4.131908,43.512187],[4.133765,43.511788],[4.134144,43.511362],[4.134702,43.51154],[4.134464,43.511807],[4.136134,43.512552],[4.136067,43.512569],[4.136168,43.513226],[4.136937,43.513594],[4.137447,43.513455],[4.137821,43.513678],[4.138265,43.513563],[4.138307,43.51377],[4.136467,43.514104],[4.136535,43.514547],[4.135595,43.514705],[4.135433,43.514621],[4.135633,43.514387],[4.136129,43.514288],[4.136022,43.513643],[4.135172,43.513813],[4.135239,43.514273],[4.134696,43.514443],[4.134547,43.51436],[4.134808,43.514136],[4.13475,43.513782],[4.134693,43.513788],[4.13484,43.513628],[4.135624,43.513462],[4.135489,43.512635],[4.135064,43.512728],[4.134887,43.512639],[4.134838,43.512352],[4.134507,43.51219],[4.133688,43.512366],[4.133826,43.513205],[4.134407,43.513034],[4.134475,43.513496],[4.133336,43.51374],[4.133492,43.514746],[4.133791,43.514642],[4.134326,43.514871],[4.13438,43.515253],[4.134442,43.515241],[4.134334,43.515378],[4.134189,43.515322],[4.133765,43.515413],[4.133855,43.516011],[4.133093,43.516174],[4.133182,43.516769],[4.133035,43.516797],[4.13247,43.516433],[4.131658,43.516605],[4.131736,43.517112],[4.131651,43.517209],[4.131191,43.517309],[4.131282,43.517914],[4.132219,43.517714],[4.132162,43.517339],[4.132254,43.517253],[4.132513,43.517382],[4.132564,43.517757],[4.132874,43.517906],[4.133698,43.517696],[4.133587,43.516943],[4.133833,43.516957],[4.133807,43.516853],[4.133958,43.516821],[4.134039,43.517352],[4.134895,43.51712],[4.134831,43.516702],[4.134243,43.516423],[4.13421,43.516193],[4.134515,43.51608],[4.134595,43.516347],[4.135149,43.516568],[4.135548,43.516432],[4.135454,43.515824],[4.135164,43.51583],[4.134912,43.515665],[4.134857,43.515301],[4.135432,43.515186],[4.135475,43.515457],[4.136152,43.515791],[4.136104,43.515859],[4.136232,43.516275],[4.13734,43.516035],[4.137247,43.515443],[4.136587,43.515133],[4.136518,43.515036],[4.136686,43.514854],[4.13683,43.514816],[4.137425,43.515119],[4.137917,43.515008],[4.137864,43.514709],[4.137562,43.514561],[4.137536,43.514397],[4.137877,43.514325],[4.138498,43.514694],[4.13877,43.514677],[4.138734,43.514784],[4.138512,43.514815],[4.138155,43.515284],[4.137856,43.515348],[4.137759,43.515456],[4.138907,43.516029],[4.138169,43.51682],[4.138473,43.516969],[4.137898,43.517584],[4.137086,43.517178],[4.135644,43.518717],[4.13544,43.518729],[4.134971,43.519236],[4.136316,43.519899],[4.136385,43.519869],[4.137134,43.519067],[4.137018,43.51879],[4.137502,43.518272],[4.137914,43.518476],[4.139114,43.517186],[4.140807,43.518021],[4.14108,43.518026],[4.140814,43.518081],[4.140891,43.51838],[4.140275,43.519045],[4.140476,43.519144],[4.139224,43.520483],[4.139015,43.520383],[4.138763,43.520652],[4.137085,43.521009],[4.136105,43.520527],[4.136062,43.520576],[4.132587,43.518856],[4.132763,43.518667],[4.13208,43.518331],[4.130472,43.51867],[4.128788,43.52047],[4.126382,43.520317],[4.126277,43.520153],[4.125913,43.520278],[4.126064,43.520517],[4.126188,43.520577],[4.124938,43.521877],[4.123101,43.521271],[4.122712,43.520767],[4.122644,43.520845],[4.122988,43.521316],[4.12822,43.523055],[4.129021,43.523928],[4.129073,43.523891],[4.128864,43.523619],[4.129389,43.52367],[4.129341,43.523339],[4.129679,43.52311],[4.130335,43.52296],[4.131863,43.522903],[4.132564,43.52298],[4.133432,43.523208],[4.13313,43.52399],[4.133182,43.524074],[4.133576,43.523157],[4.133964,43.523144],[4.134763,43.523279],[4.135235,43.523447],[4.136479,43.524242],[4.137418,43.525017],[4.137751,43.525446],[4.136274,43.526844],[4.137175,43.526081],[4.137919,43.526338],[4.138636,43.52689],[4.138849,43.527424],[4.13886,43.528271],[4.138558,43.530286],[4.138353,43.530613],[4.137779,43.530477],[4.137729,43.530539],[4.138894,43.530873],[4.13894,43.531445],[4.138842,43.531735],[4.138642,43.532008],[4.137815,43.532517],[4.137009,43.532716],[4.136143,43.532649],[4.135728,43.532973],[4.135723,43.533059],[4.136142,43.53358],[4.136223,43.534097],[4.136105,43.534405],[4.135438,43.535023],[4.134676,43.535226],[4.133711,43.535066],[4.133351,43.535147],[4.132448,43.53471],[4.132431,43.534579],[4.13234,43.534525],[4.13222,43.534528],[4.132101,43.534654],[4.132192,43.534768],[4.132964,43.535154],[4.135082,43.536102],[4.135035,43.536166],[4.135136,43.536226],[4.139264,43.538192],[4.139029,43.538439],[4.138729,43.538578],[4.139087,43.539091],[4.139066,43.539539],[4.139146,43.539584],[4.138998,43.53991],[4.138332,43.540767],[4.136697,43.540087],[4.13808,43.53836],[4.138081,43.538062],[4.137128,43.537539],[4.131816,43.535013],[4.131664,43.535029],[4.131516,43.535167],[4.131615,43.535336],[4.131897,43.535273],[4.132276,43.535427],[4.132358,43.535644],[4.132722,43.535638],[4.133777,43.536159],[4.133619,43.536742],[4.133702,43.537018],[4.133533,43.537314],[4.130573,43.54074],[4.129604,43.541745],[4.128764,43.542513],[4.126049,43.544519],[4.124684,43.545273],[4.123754,43.545544],[4.122446,43.544232],[4.122313,43.544201],[4.122355,43.544323],[4.123492,43.545421],[4.123343,43.545607],[4.122017,43.546519],[4.121244,43.546921],[4.120344,43.54723],[4.119291,43.546333],[4.120158,43.547186],[4.120093,43.547273],[4.118981,43.548033],[4.117772,43.54855],[4.11711,43.547942],[4.117623,43.548556],[4.116204,43.549367],[4.115557,43.549594],[4.11509,43.549653],[4.114601,43.549062],[4.114999,43.549741],[4.113545,43.550401],[4.112704,43.550628],[4.112307,43.550106],[4.112609,43.550707],[4.11164,43.551168],[4.110262,43.551532],[4.109853,43.550851],[4.110175,43.551533],[4.108244,43.552193],[4.107893,43.55167],[4.107845,43.551707],[4.108155,43.552208],[4.108109,43.552246],[4.107356,43.552566],[4.106466,43.552796],[4.106295,43.552814],[4.106004,43.552193],[4.105946,43.552194],[4.106198,43.55281],[4.104542,43.553436],[4.103829,43.5535],[4.103398,43.552933],[4.103736,43.553509],[4.103096,43.553862],[4.10161,43.553871],[4.10142,43.55335],[4.101321,43.553332],[4.101767,43.55463],[4.101277,43.554689],[4.101963,43.555985],[4.104287,43.559964],[4.10933,43.56822],[4.108116,43.570197],[4.103332,43.574771],[4.102376,43.575524],[4.099731,43.578052],[4.096435,43.581002],[4.096077,43.581409],[4.095266,43.581837],[4.092471,43.583026],[4.080503,43.590087],[4.075035,43.588418],[4.074695,43.588556],[4.077095,43.589467],[4.080895,43.590748],[4.084679,43.591934],[4.085194,43.591967],[4.085947,43.591814],[4.088064,43.590876],[4.095041,43.587067],[4.098079,43.585277],[4.098625,43.585114],[4.10153,43.585319],[4.10336,43.585142],[4.104902,43.585505],[4.119029,43.588276],[4.122579,43.588818],[4.124491,43.589019],[4.125266,43.588988],[4.126717,43.588704],[4.12759,43.588365],[4.129704,43.587243],[4.130516,43.586892],[4.132706,43.586524],[4.143034,43.585144],[4.145104,43.584978],[4.146393,43.584985],[4.150241,43.585445],[4.150657,43.586702],[4.15064,43.587449],[4.150248,43.589872],[4.14973,43.594554],[4.149333,43.597133],[4.149401,43.597509],[4.149587,43.597893],[4.149853,43.598186],[4.1558,43.599659],[4.156192,43.599859],[4.165602,43.606808],[4.167692,43.608114],[4.168324,43.608635],[4.168856,43.609241],[4.172738,43.614395],[4.175897,43.618843],[4.176226,43.619185],[4.177509,43.620948],[4.178414,43.622336],[4.179165,43.623066],[4.180077,43.62467],[4.18067,43.625452],[4.183332,43.628513],[4.184329,43.6299],[4.184976,43.630979],[4.185425,43.631533],[4.186098,43.632727],[4.187019,43.633818],[4.188244,43.635928],[4.189017,43.636691],[4.18997,43.638079],[4.191523,43.639787],[4.193679,43.641849],[4.193777,43.642095],[4.19374,43.642376],[4.193373,43.643009],[4.192526,43.643551],[4.191994,43.644022],[4.191957,43.644287],[4.192068,43.644896],[4.19199,43.645327],[4.190939,43.646632],[4.190813,43.647707],[4.191073,43.648726],[4.191388,43.649309],[4.192777,43.650276],[4.193441,43.650891],[4.193855,43.65209],[4.194411,43.653227],[4.194528,43.653668],[4.194504,43.654201],[4.19427,43.654451],[4.192537,43.655003],[4.191528,43.655575],[4.190415,43.656645],[4.18927,43.658155],[4.188815,43.659023],[4.18771,43.659935],[4.187254,43.660641],[4.186712,43.661968],[4.186552,43.662563],[4.186592,43.663444],[4.186321,43.664342],[4.185689,43.665287],[4.185073,43.665884],[4.184621,43.666468],[4.183924,43.666801],[4.182752,43.666941],[4.181753,43.667332],[4.181423,43.667524],[4.181122,43.667829],[4.180809,43.668366],[4.180695,43.668881],[4.180803,43.670689],[4.180768,43.671038],[4.180645,43.671253],[4.180102,43.67154],[4.178041,43.671895],[4.177589,43.672095],[4.177409,43.672278],[4.177393,43.672664],[4.177574,43.672983],[4.178948,43.674322],[4.179246,43.674772],[4.179303,43.67535],[4.179046,43.675773],[4.178335,43.676311],[4.177921,43.676452],[4.17701,43.676612],[4.175258,43.676677],[4.17443,43.676954],[4.173805,43.677481],[4.173368,43.678411],[4.172845,43.679251],[4.171924,43.68044],[4.171451,43.680874],[4.170634,43.681296],[4.169562,43.681989],[4.168486,43.682837],[4.167212,43.684413],[4.163895,43.686373],[4.163241,43.68684],[4.16297,43.687285],[4.162802,43.68786],[4.162959,43.688806],[4.163253,43.689615],[4.16379,43.690348],[4.164231,43.691229],[4.16436,43.691733],[4.164375,43.692535],[4.164172,43.69302],[4.163457,43.694066],[4.163497,43.694322],[4.164135,43.695112],[4.164209,43.695667],[4.166056,43.697288],[4.166397,43.697807],[4.166613,43.698467],[4.166492,43.699695],[4.165922,43.700367],[4.16389,43.701942],[4.163541,43.702395],[4.163409,43.703],[4.16366,43.706079],[4.163643,43.706666],[4.163446,43.707012],[4.161861,43.708058],[4.159467,43.710592],[4.158736,43.711262],[4.15749,43.71223],[4.155204,43.713661],[4.153772,43.714871],[4.153285,43.715352],[4.151457,43.717959],[4.151235,43.718606],[4.151199,43.719001],[4.151302,43.720735],[4.151264,43.721904],[4.15115,43.722378],[4.150788,43.722997],[4.150273,43.723531],[4.147953,43.72477],[4.146899,43.725498],[4.146366,43.726017],[4.146042,43.726766],[4.145788,43.728316],[4.145089,43.730967],[4.144957,43.732151],[4.145024,43.732283],[4.144997,43.733161],[4.144508,43.73433],[4.143861,43.735564],[4.143486,43.736098],[4.142413,43.737393],[4.141101,43.738229],[4.139359,43.739105],[4.135457,43.740151],[4.134314,43.740375],[4.132056,43.74063],[4.129468,43.740688],[4.12849,43.740607],[4.126912,43.740247],[4.125654,43.739824],[4.124399,43.739142],[4.123494,43.738457],[4.123037,43.737954],[4.122524,43.737201],[4.122262,43.736971],[4.121934,43.736844],[4.120675,43.736839],[4.118688,43.737076],[4.117982,43.737081],[4.117268,43.73693],[4.116385,43.736935],[4.115351,43.737166],[4.114236,43.737701],[4.113145,43.73848],[4.112455,43.739079],[4.11115,43.74065],[4.110693,43.741026],[4.109568,43.74169],[4.10869,43.742464],[4.108398,43.743962],[4.107964,43.744632],[4.107168,43.74622],[4.106708,43.746774],[4.104973,43.748405],[4.104602,43.748615],[4.102657,43.749138],[4.099459,43.749473],[4.098989,43.749699],[4.098546,43.750221],[4.098088,43.750517],[4.094052,43.75212],[4.093469,43.752192],[4.092629,43.752822],[4.092211,43.753658],[4.092029,43.754522],[4.092158,43.755421],[4.092357,43.75578],[4.092781,43.756184],[4.092946,43.756858],[4.092774,43.757334],[4.092816,43.758359],[4.092706,43.758899],[4.092363,43.759591],[4.091548,43.760643],[4.090645,43.761138],[4.090238,43.761408],[4.090188,43.761543],[4.090312,43.761795],[4.090598,43.761947],[4.091394,43.761973],[4.092,43.761749],[4.092385,43.76182],[4.093132,43.762296],[4.093232,43.762673],[4.092886,43.763023],[4.091426,43.763762],[4.089459,43.765129],[4.089011,43.765246],[4.087832,43.765331],[4.087271,43.765628],[4.085822,43.767095],[4.085091,43.768297],[4.084132,43.768196],[4.083618,43.76823],[4.083659,43.768455],[4.082886,43.768432],[4.077995,43.767869],[4.073824,43.767765],[4.073106,43.767427],[4.071406,43.766967],[4.070674,43.766655],[4.070462,43.766713],[4.070194,43.767126],[4.069974,43.767182],[4.069398,43.766966],[4.068524,43.766323],[4.068428,43.766156],[4.068698,43.765978],[4.06867,43.765811],[4.068392,43.765902],[4.067707,43.765389],[4.067716,43.76528],[4.067435,43.764976],[4.067292,43.765518],[4.067062,43.765748],[4.066502,43.765951],[4.065957,43.766283],[4.065513,43.76681],[4.065051,43.767189],[4.06497,43.768385],[4.065237,43.769108],[4.065212,43.769369],[4.064999,43.769863],[4.064007,43.770825],[4.063798,43.771135],[4.063548,43.771649],[4.063439,43.772082],[4.063287,43.772291],[4.063003,43.772393],[4.062259,43.772449],[4.061106,43.772326],[4.060864,43.772433],[4.059961,43.773238],[4.059311,43.773435],[4.059098,43.773393],[4.058666,43.77298],[4.058303,43.772807],[4.057383,43.772468],[4.056794,43.772433],[4.055978,43.772038],[4.054292,43.772084],[4.054057,43.772122],[4.053443,43.772416],[4.052099,43.773452],[4.051445,43.774222],[4.051307,43.774743],[4.0514,43.775018],[4.052079,43.77552],[4.052236,43.775726],[4.052238,43.775901],[4.05214,43.775991],[4.052475,43.77658],[4.053143,43.777228],[4.053686,43.77759],[4.053792,43.778166],[4.053147,43.778432],[4.052251,43.77834],[4.051785,43.778155],[4.051326,43.778865],[4.051682,43.779524],[4.051417,43.780002],[4.053304,43.781697],[4.054213,43.783536],[4.053102,43.784223],[4.053322,43.784604],[4.053296,43.78518],[4.053685,43.785236],[4.053567,43.785558],[4.052957,43.785926],[4.052936,43.786174],[4.052378,43.786371],[4.052217,43.786208],[4.05046,43.787108],[4.050464,43.787312],[4.050118,43.787633],[4.049856,43.788034],[4.049193,43.789414],[4.048655,43.789697],[4.047736,43.789889],[4.046524,43.790006],[4.046014,43.789961],[4.046158,43.79059],[4.045783,43.79092],[4.044916,43.791121],[4.04429,43.791778],[4.043183,43.791699],[4.042562,43.792732],[4.041711,43.792983],[4.041326,43.793202],[4.041534,43.793389],[4.040494,43.793888],[4.039349,43.794564],[4.038244,43.795783],[4.03786,43.795605],[4.036012,43.797078],[4.035658,43.796606],[4.034333,43.797373],[4.033866,43.797483],[4.033495,43.79768],[4.033269,43.797881],[4.033158,43.798124],[4.03297,43.798118],[4.03243,43.798463],[4.03136,43.798803],[4.030419,43.799267],[4.030858,43.800556],[4.030712,43.800651],[4.029349,43.801346],[4.028361,43.801745],[4.027434,43.802444],[4.026865,43.802773],[4.025693,43.803095],[4.025508,43.803206],[4.025531,43.803269],[4.024324,43.803349],[4.02298,43.80364],[4.022594,43.803605],[4.021732,43.80448],[4.021534,43.804524],[4.021335,43.8047],[4.021109,43.805078],[4.020855,43.80532],[4.019593,43.806057],[4.019398,43.806641],[4.019229,43.80689],[4.018767,43.807382],[4.018397,43.807628],[4.018166,43.807656],[4.017554,43.807523],[4.015982,43.807602],[4.014433,43.807519],[4.014268,43.807568],[4.013904,43.807236],[4.012327,43.80783],[4.012071,43.808152],[4.011625,43.808421],[4.010311,43.808794],[4.008799,43.808907],[4.007223,43.809475],[4.006621,43.810008],[4.006147,43.810299],[4.005094,43.810521],[4.003737,43.811241],[4.002412,43.811512],[4.001611,43.811994],[4.001099,43.812682],[4.001029,43.812923],[3.995573,43.810201],[3.99343,43.808911],[3.989896,43.807171],[3.982687,43.804186],[3.977649,43.802424],[3.974452,43.801496],[3.973597,43.803561],[3.972059,43.803467],[3.969633,43.802714],[3.968417,43.802806],[3.967978,43.802745],[3.967614,43.802596],[3.967377,43.802675],[3.967172,43.802393],[3.966596,43.802192],[3.965911,43.802294],[3.965659,43.802262],[3.965371,43.802664],[3.964479,43.803005],[3.963208,43.803868],[3.962813,43.804428],[3.9627,43.804797],[3.962525,43.805029],[3.962266,43.805966],[3.961947,43.806255],[3.96124,43.805761],[3.959173,43.805036],[3.960365,43.806501],[3.960407,43.807559],[3.960721,43.808633],[3.962002,43.809737],[3.961585,43.816096],[3.961256,43.816436],[3.96196,43.817272],[3.96259,43.817869],[3.962783,43.818289],[3.963401,43.818673],[3.9635,43.818957],[3.963736,43.818966],[3.963804,43.819111],[3.963751,43.819269],[3.963926,43.819264],[3.964071,43.819355],[3.964027,43.819704],[3.964328,43.819872],[3.964361,43.820148],[3.970351,43.824757],[3.971073,43.825599],[3.971684,43.825959],[3.971913,43.826225],[3.97209,43.826265],[3.97305,43.826895],[3.975018,43.827547],[3.978082,43.829655],[3.973253,43.836124],[3.97254,43.837229],[3.972926,43.837273],[3.974745,43.837874],[3.975576,43.838368],[3.975773,43.838582],[3.976981,43.839099],[3.977537,43.839639],[3.977769,43.840079],[3.978764,43.841316],[3.980316,43.842713],[3.980649,43.843114],[3.979362,43.84288],[3.977962,43.843048],[3.976654,43.84347],[3.975885,43.843534],[3.975387,43.843905],[3.974752,43.843982],[3.97413,43.844261],[3.972449,43.844414],[3.972067,43.844494],[3.971877,43.844628],[3.970648,43.84415],[3.969805,43.843652],[3.968707,43.843402],[3.967165,43.843428],[3.966241,43.843358],[3.965064,43.843433],[3.961589,43.843105],[3.960192,43.843275],[3.959478,43.843688],[3.95818,43.843639],[3.957679,43.844415],[3.95749,43.844897],[3.956972,43.845605],[3.956836,43.84639],[3.957375,43.847799],[3.957541,43.848553],[3.957793,43.849052],[3.957878,43.850019],[3.958161,43.851555],[3.95855,43.852738],[3.958856,43.853351],[3.958654,43.853767],[3.958348,43.854056],[3.954151,43.853963],[3.949011,43.853673],[3.94095,43.853423],[3.937802,43.853629],[3.937679,43.853407],[3.934746,43.853844],[3.92778,43.855365],[3.92467,43.856797],[3.92441,43.857032],[3.923895,43.857765],[3.922127,43.858368],[3.921978,43.86072],[3.921742,43.86143],[3.920777,43.863987],[3.917877,43.868815],[3.917798,43.871005],[3.917551,43.871301],[3.918724,43.876676],[3.918895,43.877188],[3.919568,43.881309]]]]}}